duration,protocol_type,service,flag,src_bytes,dst_bytes,count,srv_count,num_failed_logins,land,wrong_fragment,urgent,label
0.73,tcp,http,SF,645.0,492.0,3.0,1.0,0,0,0,0,normal
2.61,tcp,http,SF,603.0,520.0,5.0,4.0,1,0,0,0,normal
0.62,udp,private,SF,688.0,610.0,9.0,7.0,0,0,0,0,normal
3.61,tcp,http,SF,322.0,560.0,0.0,12.0,0,0,0,0,normal
0.11,tcp,ssh,SF,209.0,460.0,6.0,12.0,0,0,0,0,normal
2.14,udp,ftp,RSTO,0.0,559.0,4.0,3.0,1,0,0,0,normal
3.85,tcp,ftp,SF,671.0,520.0,7.0,7.0,1,0,0,0,normal
0.03,tcp,private,RSTO,372.0,589.0,4.0,12.0,1,0,0,0,normal
3.48,tcp,http,SF,193.0,529.0,9.0,5.0,0,0,0,0,normal
0.16,udp,http,SF,330.0,603.0,13.0,11.0,0,0,0,0,normal
1.71,tcp,smtp,SF,137.0,662.0,0.0,7.0,0,0,0,0,normal
0.48,tcp,ssh,SF,104.0,287.0,7.0,15.0,0,0,0,0,normal
0.17,icmp,dns,SF,230.0,559.0,7.0,4.0,0,0,0,0,normal
0.86,tcp,ssh,SF,154.0,572.0,14.0,8.0,1,0,0,0,normal
1.6,tcp,private,SF,382.0,607.0,12.0,6.0,0,0,0,0,normal
0.1,icmp,ftp,SF,5980.0,68.0,77.0,56.0,1,0,1,0,attack
0.49,tcp,smtp,SF,422.0,416.0,12.0,0.0,0,0,0,0,normal
2.74,tcp,http,SF,303.0,642.0,10.0,14.0,0,0,0,0,normal
2.21,tcp,smtp,SF,463.0,562.0,8.0,16.0,0,0,0,0,normal
4.3,tcp,dns,SF,384.0,483.0,1.0,9.0,0,0,0,0,normal
5.1,udp,ftp,SF,130.0,688.0,0.0,10.0,0,0,0,0,normal
1.39,tcp,ftp,SF,59.0,463.0,10.0,16.0,0,0,0,0,normal
3.49,udp,smtp,SF,893.0,625.0,0.0,5.0,0,0,0,0,normal
1.33,udp,ftp,SF,302.0,514.0,12.0,8.0,0,0,0,0,normal
0.34,icmp,http,S0,4436.0,46.0,18.0,36.0,3,0,0,0,attack
1.28,tcp,smtp,SF,409.0,508.0,6.0,8.0,0,0,0,0,normal
0.17,tcp,ftp,REJ,5524.0,0.0,31.0,64.0,0,0,0,0,attack
0.19,tcp,http,SF,683.0,367.0,11.0,6.0,0,0,0,0,normal
0.03,icmp,dns,REJ,3755.0,126.0,26.0,24.0,3,0,0,0,attack
0.17,udp,ftp,SF,719.0,486.0,10.0,2.0,0,0,0,0,normal
1.95,tcp,private,SF,297.0,514.0,0.0,10.0,0,0,0,0,normal
2.7,udp,smtp,SF,543.0,319.0,0.0,6.0,0,0,0,0,normal
0.26,icmp,ftp,S0,3331.0,39.0,75.0,46.0,0,0,1,0,attack
0.25,icmp,smtp,REJ,4236.0,87.0,56.0,17.0,1,0,0,0,attack
1.92,tcp,private,RSTO,531.0,684.0,7.0,10.0,0,0,0,0,normal
0.16,udp,smtp,SF,0.0,436.0,14.0,9.0,0,0,0,0,normal
0.17,tcp,http,S0,3224.0,72.0,22.0,76.0,1,0,2,0,attack
0.44,tcp,private,S0,5237.0,59.0,75.0,34.0,1,0,2,0,attack
0.03,icmp,private,SF,3881.0,78.0,38.0,77.0,2,0,0,0,attack
1.52,tcp,ftp,SF,473.0,405.0,15.0,11.0,0,0,0,0,normal
0.18,udp,http,RSTO,3317.0,8.0,65.0,33.0,0,0,0,0,attack
0.05,icmp,private,SF,3262.0,17.0,38.0,72.0,3,0,0,0,attack
1.37,tcp,ssh,SF,81.0,541.0,10.0,7.0,0,0,0,0,normal
3.29,tcp,ssh,SF,453.0,540.0,5.0,8.0,0,0,0,0,normal
2.92,tcp,ftp,SF,816.0,844.0,0.0,12.0,0,0,0,0,normal
0.12,tcp,http,S0,5234.0,46.0,21.0,24.0,3,1,2,0,attack
0.51,tcp,http,S0,4580.0,0.0,79.0,21.0,1,1,0,0,attack
0.28,tcp,ssh,RSTO,3358.0,96.0,47.0,37.0,3,0,0,0,attack
1.77,udp,http,REJ,1155.0,343.0,9.0,11.0,0,0,0,0,normal
0.13,udp,private,SF,444.0,696.0,11.0,5.0,0,0,0,0,normal
0.29,tcp,http,S0,3437.0,62.0,56.0,72.0,1,0,1,0,attack
0.03,icmp,ssh,S0,3851.0,86.0,32.0,56.0,0,0,0,1,attack
0.02,tcp,ssh,SF,155.0,418.0,8.0,7.0,0,0,0,0,normal
4.18,tcp,ftp,SF,55.0,653.0,0.0,10.0,0,0,0,0,normal
2.25,tcp,private,SF,183.0,683.0,7.0,6.0,0,0,0,0,normal
0.12,tcp,http,SF,244.0,497.0,16.0,8.0,0,0,0,0,normal
1.94,udp,smtp,SF,0.0,257.0,6.0,13.0,0,0,0,0,normal
1.53,tcp,private,SF,588.0,458.0,7.0,1.0,0,0,0,0,normal
0.47,tcp,ssh,SF,410.0,399.0,9.0,13.0,0,0,0,0,normal
1.44,tcp,dns,RSTO,158.0,567.0,4.0,7.0,0,0,0,0,normal
2.38,udp,smtp,SF,493.0,743.0,5.0,9.0,0,0,0,0,attack
0.74,icmp,smtp,REJ,3552.0,95.0,43.0,73.0,0,0,0,0,attack
0.17,tcp,private,SF,2625.0,100.0,75.0,21.0,3,0,1,0,attack
0.16,icmp,smtp,REJ,4898.0,27.0,51.0,72.0,2,0,0,0,attack
2.45,tcp,ssh,REJ,0.0,363.0,10.0,1.0,1,0,0,0,normal
0.5,tcp,ssh,SF,568.0,368.0,13.0,11.0,0,0,0,0,normal
2.31,tcp,private,SF,390.0,686.0,7.0,1.0,0,0,0,0,normal
0.07,udp,ssh,SF,305.0,428.0,13.0,1.0,0,0,0,0,normal
0.25,icmp,http,REJ,3756.0,48.0,73.0,53.0,1,0,1,0,attack
0.16,tcp,http,S0,4281.0,119.0,23.0,31.0,3,0,1,0,attack
1.21,tcp,http,SF,541.0,406.0,5.0,6.0,0,0,0,0,normal
0.24,udp,ftp,SF,23.0,664.0,8.0,16.0,0,0,0,0,normal
0.88,udp,smtp,SF,458.0,495.0,2.0,14.0,0,0,0,0,normal
3.46,udp,smtp,SF,307.0,220.0,10.0,3.0,0,0,0,0,normal
0.63,tcp,ssh,SF,416.0,648.0,11.0,8.0,0,0,0,0,normal
1.37,udp,ftp,SF,425.0,681.0,2.0,15.0,0,0,0,0,normal
0.48,tcp,ftp,REJ,15.0,252.0,12.0,5.0,0,0,0,0,normal
0.03,tcp,http,S0,355.0,699.0,12.0,16.0,0,0,0,0,normal
1.19,tcp,http,SF,146.0,462.0,6.0,8.0,0,0,0,0,normal
0.3,tcp,http,S0,4358.0,52.0,36.0,40.0,1,0,0,0,attack
2.43,tcp,private,SF,27.0,603.0,0.0,1.0,0,0,0,0,normal
0.06,tcp,smtp,SF,614.0,769.0,4.0,0.0,1,0,0,0,normal
0.34,tcp,http,S0,3076.0,17.0,64.0,54.0,1,0,0,0,attack
1.72,tcp,ftp,SF,466.0,633.0,0.0,12.0,0,0,0,0,normal
2.69,tcp,ftp,SF,404.0,668.0,0.0,4.0,0,0,0,0,normal
7.92,tcp,ssh,SF,0.0,563.0,4.0,4.0,0,0,0,0,normal
4.01,tcp,http,S0,0.0,368.0,16.0,8.0,0,0,0,0,normal
6.75,udp,http,S0,402.0,313.0,10.0,11.0,0,0,0,0,normal
0.16,tcp,ftp,REJ,2217.0,107.0,23.0,78.0,3,0,1,0,attack
0.03,udp,private,S0,2381.0,28.0,21.0,30.0,3,0,0,0,attack
0.02,tcp,http,S0,3547.0,80.0,36.0,27.0,2,0,1,0,attack
0.76,udp,http,SF,687.0,566.0,8.0,0.0,0,0,0,0,normal
1.34,tcp,dns,SF,278.0,616.0,2.0,16.0,0,0,0,0,normal
1.71,tcp,ftp,SF,758.0,564.0,9.0,5.0,0,0,0,0,normal
1.43,udp,smtp,SF,519.0,680.0,7.0,10.0,1,0,0,0,normal
0.21,tcp,private,REJ,3064.0,167.0,53.0,33.0,2,0,0,0,attack
0.62,tcp,ssh,SF,241.0,551.0,4.0,4.0,0,0,0,0,normal
11.12,tcp,ftp,SF,286.0,496.0,6.0,10.0,0,0,0,0,normal
6.21,tcp,private,SF,870.0,453.0,7.0,10.0,1,0,0,0,normal
1.51,udp,dns,SF,271.0,279.0,6.0,5.0,0,0,0,0,normal
0.12,tcp,ssh,SF,141.0,487.0,6.0,12.0,0,0,0,0,normal
1.17,tcp,ssh,REJ,156.0,672.0,4.0,11.0,0,0,0,0,normal
0.47,udp,dns,SF,405.0,506.0,0.0,10.0,0,0,0,0,normal
0.86,tcp,http,S0,3745.0,85.0,54.0,45.0,2,0,0,0,attack
0.12,tcp,ssh,SF,799.0,462.0,15.0,1.0,1,0,0,0,normal
2.75,tcp,dns,SF,112.0,722.0,15.0,7.0,1,0,0,0,normal
3.22,tcp,ftp,SF,271.0,439.0,8.0,3.0,0,0,0,0,normal
0.23,tcp,smtp,SF,340.0,412.0,13.0,1.0,0,0,0,0,normal
0.97,icmp,http,REJ,2631.0,22.0,35.0,33.0,1,0,0,0,attack
6.59,tcp,private,SF,393.0,543.0,2.0,5.0,1,0,0,0,normal
0.81,tcp,smtp,S0,256.0,400.0,3.0,6.0,0,0,0,0,normal
1.28,tcp,ftp,SF,839.0,514.0,0.0,1.0,0,0,0,0,normal
0.09,icmp,private,REJ,5095.0,194.0,42.0,33.0,2,1,1,1,normal
3.14,tcp,dns,SF,224.0,290.0,1.0,10.0,0,0,0,0,normal
0.59,tcp,smtp,SF,332.0,542.0,11.0,7.0,0,0,0,0,normal
0.45,icmp,http,S0,6057.0,0.0,70.0,74.0,1,0,2,0,attack
10.28,tcp,http,SF,0.0,595.0,7.0,0.0,0,0,0,0,normal
0.53,udp,ssh,SF,72.0,732.0,16.0,18.0,0,0,0,0,normal
1.21,tcp,dns,RSTO,656.0,371.0,3.0,3.0,0,0,0,0,normal
7.32,udp,ssh,SF,519.0,745.0,9.0,10.0,0,0,0,0,normal
1.94,tcp,http,RSTO,0.0,373.0,15.0,8.0,0,0,0,0,normal
1.68,udp,dns,SF,184.0,516.0,1.0,10.0,0,0,0,0,normal
0.18,tcp,private,S0,2825.0,51.0,55.0,75.0,2,0,1,0,attack
4.13,tcp,ftp,SF,412.0,369.0,5.0,7.0,0,0,0,0,normal
4.81,tcp,smtp,SF,0.0,698.0,5.0,12.0,0,0,0,0,normal
0.07,tcp,ftp,REJ,5047.0,151.0,75.0,75.0,3,0,0,0,attack
4.61,udp,http,SF,514.0,717.0,8.0,10.0,0,0,0,0,normal
0.18,tcp,http,REJ,6081.0,49.0,82.0,73.0,1,0,0,0,attack
1.47,tcp,ftp,SF,275.0,610.0,5.0,1.0,0,0,0,0,normal
0.37,tcp,dns,SF,92.0,540.0,13.0,10.0,0,0,0,0,normal
0.15,icmp,private,S0,2814.0,0.0,32.0,64.0,1,0,0,0,attack
1.79,udp,ftp,REJ,0.0,599.0,9.0,1.0,0,0,0,0,normal
3.01,tcp,smtp,S0,901.0,974.0,4.0,9.0,1,0,0,0,normal
0.73,udp,private,S0,180.0,564.0,11.0,11.0,0,0,0,0,normal
0.1,icmp,private,S0,2805.0,34.0,32.0,54.0,1,0,2,0,attack
0.53,tcp,private,SF,2290.0,60.0,38.0,42.0,1,0,2,0,attack
1.21,tcp,private,S0,6246.0,108.0,62.0,20.0,1,0,0,0,attack
0.15,icmp,private,S0,6359.0,67.0,70.0,20.0,3,0,1,0,attack
0.01,icmp,smtp,SF,250.0,649.0,9.0,12.0,0,0,0,0,normal
2.37,tcp,ftp,S0,290.0,505.0,7.0,2.0,0,0,0,0,normal
0.03,tcp,http,REJ,4498.0,102.0,28.0,44.0,2,0,0,0,attack
0.39,icmp,private,S0,4910.0,88.0,23.0,73.0,1,0,1,0,attack
0.02,udp,http,S0,4585.0,43.0,57.0,60.0,1,0,0,0,attack
0.32,icmp,http,S0,3475.0,31.0,24.0,43.0,1,0,0,0,attack
0.05,icmp,private,S0,2410.0,70.0,37.0,64.0,3,0,0,0,attack
1.58,tcp,dns,SF,836.0,585.0,5.0,7.0,1,0,0,0,normal
1.27,tcp,private,SF,311.0,283.0,0.0,10.0,0,0,0,0,attack
0.89,icmp,http,RSTO,4143.0,0.0,42.0,40.0,1,0,0,1,attack
1.08,tcp,private,SF,616.0,121.0,10.0,0.0,1,0,0,0,normal
1.02,tcp,smtp,SF,861.0,340.0,11.0,10.0,1,0,0,0,normal
0.31,tcp,private,SF,244.0,665.0,5.0,8.0,1,0,0,0,normal
0.32,icmp,smtp,REJ,2576.0,66.0,51.0,58.0,1,0,0,0,attack
1.23,tcp,ftp,RSTO,3229.0,69.0,82.0,37.0,3,0,2,0,attack
0.23,tcp,http,S0,6637.0,28.0,35.0,38.0,2,0,1,0,attack
0.52,tcp,http,SF,203.0,303.0,5.0,11.0,0,0,0,0,normal
0.16,tcp,smtp,SF,0.0,400.0,1.0,6.0,0,0,0,0,normal
2.62,icmp,ftp,SF,733.0,265.0,18.0,8.0,0,0,0,0,normal
2.68,tcp,ssh,SF,52.0,354.0,5.0,6.0,0,0,0,0,normal
0.16,icmp,http,REJ,3538.0,34.0,78.0,57.0,3,0,0,0,attack
1.56,tcp,dns,SF,338.0,433.0,5.0,7.0,0,0,0,0,normal
19.04,icmp,ftp,SF,354.0,374.0,0.0,3.0,1,0,0,0,normal
1.99,tcp,ftp,SF,210.0,833.0,4.0,15.0,1,0,0,0,normal
4.33,tcp,ssh,SF,5.0,390.0,7.0,9.0,0,0,0,0,normal
3.1,udp,ftp,SF,246.0,538.0,17.0,6.0,0,0,0,0,normal
5.02,udp,dns,SF,401.0,748.0,15.0,4.0,0,0,0,0,normal
0.04,icmp,http,REJ,4816.0,24.0,65.0,27.0,1,1,1,0,attack
0.55,udp,private,SF,233.0,393.0,15.0,7.0,1,0,0,0,normal
1.8,tcp,ftp,SF,206.0,436.0,16.0,0.0,0,0,0,0,normal
1.58,tcp,http,SF,560.0,682.0,12.0,8.0,0,0,0,0,normal
0.27,tcp,dns,SF,573.0,463.0,7.0,13.0,0,0,0,0,attack
0.57,tcp,http,SF,225.0,947.0,14.0,0.0,0,0,0,0,normal
0.9,udp,http,SF,704.0,826.0,9.0,5.0,1,0,0,0,normal
6.13,tcp,ssh,SF,452.0,456.0,11.0,0.0,0,0,0,0,normal
6.78,tcp,ftp,SF,468.0,591.0,9.0,8.0,1,0,0,0,normal
2.35,tcp,private,SF,0.0,593.0,4.0,2.0,0,0,0,0,normal
0.46,udp,ftp,SF,268.0,605.0,17.0,4.0,1,0,0,0,normal
1.37,icmp,ssh,REJ,3299.0,0.0,21.0,59.0,3,0,0,0,attack
0.31,tcp,smtp,S0,125.0,491.0,8.0,11.0,1,0,0,0,normal
0.99,tcp,private,SF,354.0,449.0,3.0,7.0,0,0,0,0,normal
6.99,tcp,private,REJ,0.0,601.0,11.0,11.0,1,0,0,0,normal
0.32,tcp,smtp,S0,4772.0,18.0,66.0,64.0,2,0,0,0,attack
0.54,tcp,smtp,SF,148.0,542.0,13.0,14.0,0,0,0,0,normal
0.03,tcp,ftp,SF,0.0,646.0,10.0,10.0,0,0,0,0,normal
2.02,udp,private,SF,258.0,851.0,12.0,0.0,0,0,0,0,normal
6.54,tcp,private,SF,11.0,564.0,3.0,2.0,0,0,0,0,normal
1.03,tcp,http,RSTO,5145.0,41.0,48.0,47.0,0,0,0,0,attack
0.09,udp,dns,REJ,4685.0,34.0,38.0,70.0,0,0,0,0,attack
0.24,tcp,dns,RSTO,3284.0,0.0,44.0,74.0,3,0,0,0,attack
0.51,tcp,smtp,SF,0.0,137.0,3.0,18.0,1,0,0,0,normal
7.52,tcp,ssh,SF,393.0,647.0,1.0,9.0,0,0,0,0,normal
0.36,tcp,ssh,SF,426.0,707.0,6.0,7.0,0,0,0,0,normal
0.44,icmp,private,RSTO,4272.0,38.0,73.0,62.0,1,0,0,0,attack
0.43,tcp,http,S0,4295.0,60.0,35.0,36.0,1,0,0,0,attack
0.88,icmp,http,S0,5302.0,37.0,22.0,66.0,2,0,1,0,attack
0.8,tcp,http,SF,3.0,531.0,0.0,15.0,1,0,0,0,normal
0.31,tcp,dns,SF,397.0,559.0,11.0,6.0,0,0,0,0,normal
1.87,tcp,ftp,SF,252.0,553.0,4.0,8.0,0,0,0,0,normal
0.28,tcp,private,SF,303.0,213.0,4.0,1.0,0,0,0,0,normal
0.15,icmp,http,REJ,2970.0,107.0,46.0,24.0,3,0,0,0,attack
0.04,tcp,http,S0,4360.0,127.0,49.0,22.0,0,0,0,0,normal
0.31,tcp,http,RSTO,4673.0,146.0,42.0,37.0,1,0,1,0,attack
1.2,tcp,ssh,SF,0.0,545.0,17.0,0.0,0,0,0,0,normal
0.07,tcp,smtp,SF,80.0,313.0,15.0,3.0,0,0,0,0,normal
0.05,icmp,http,SF,3491.0,6.0,79.0,22.0,0,0,1,0,attack
6.34,tcp,private,SF,161.0,578.0,5.0,3.0,0,0,0,0,normal
7.0,tcp,http,SF,18.0,563.0,3.0,4.0,1,0,0,0,normal
1.88,icmp,private,SF,0.0,841.0,12.0,15.0,0,0,0,0,normal
1.08,udp,dns,SF,528.0,675.0,12.0,18.0,0,0,0,0,normal
0.01,icmp,private,S0,4236.0,71.0,43.0,69.0,2,0,0,0,attack
4.13,icmp,http,SF,936.0,747.0,5.0,5.0,0,0,0,0,normal
0.87,tcp,smtp,REJ,127.0,641.0,4.0,5.0,0,0,0,0,normal
0.77,tcp,dns,SF,443.0,340.0,6.0,8.0,0,0,0,0,normal
0.02,tcp,dns,S0,4395.0,32.0,54.0,81.0,0,0,0,0,attack
4.46,tcp,ftp,SF,0.0,555.0,15.0,7.0,0,0,0,0,normal
0.51,tcp,http,SF,3979.0,76.0,27.0,58.0,2,0,1,0,attack
4.7,tcp,smtp,SF,815.0,431.0,3.0,15.0,0,0,0,0,normal
0.06,tcp,ftp,RSTO,5547.0,71.0,80.0,31.0,0,0,0,0,attack
0.48,tcp,ssh,SF,229.0,529.0,12.0,12.0,1,0,0,0,normal
2.21,icmp,smtp,REJ,2754.0,39.0,58.0,20.0,0,0,2,1,attack
3.23,udp,ssh,SF,139.0,171.0,12.0,2.0,0,0,0,0,normal
9.27,tcp,private,SF,266.0,566.0,14.0,6.0,0,0,0,0,normal
1.46,udp,dns,SF,268.0,375.0,10.0,12.0,0,0,0,0,normal
0.78,udp,ftp,S0,5289.0,79.0,70.0,42.0,0,0,1,0,attack
0.05,udp,http,SF,92.0,272.0,11.0,8.0,0,0,0,0,normal
3.9,tcp,ssh,SF,338.0,628.0,8.0,0.0,0,0,0,0,normal
1.74,udp,http,RSTO,594.0,521.0,1.0,5.0,0,0,0,0,normal
2.31,tcp,ftp,SF,189.0,687.0,2.0,11.0,0,0,0,0,normal
1.58,tcp,ssh,SF,449.0,501.0,12.0,6.0,0,0,0,0,normal
2.19,tcp,ssh,SF,142.0,533.0,0.0,5.0,1,0,0,0,normal
0.39,tcp,ssh,SF,529.0,352.0,11.0,8.0,0,0,0,0,normal
0.4,udp,ssh,REJ,562.0,428.0,0.0,0.0,0,0,0,0,normal
0.0,icmp,private,REJ,3819.0,25.0,42.0,58.0,2,0,0,0,attack
0.76,tcp,smtp,SF,311.0,305.0,8.0,4.0,0,0,0,0,normal
0.44,icmp,private,SF,4161.0,52.0,74.0,75.0,1,1,0,0,attack
4.05,tcp,http,SF,24.0,680.0,7.0,7.0,0,0,0,0,normal
0.84,udp,dns,SF,164.0,376.0,8.0,9.0,1,0,0,0,normal
0.1,udp,ssh,SF,397.0,601.0,7.0,0.0,0,0,0,0,normal
1.55,tcp,smtp,SF,0.0,315.0,12.0,3.0,0,0,0,0,normal
6.39,udp,ftp,SF,284.0,514.0,15.0,4.0,0,0,0,0,normal
0.22,icmp,private,SF,4164.0,158.0,32.0,36.0,2,0,0,0,normal
0.43,tcp,ssh,SF,167.0,580.0,5.0,15.0,1,0,0,0,normal
1.99,tcp,smtp,SF,492.0,507.0,15.0,9.0,1,0,0,0,normal
0.14,icmp,http,S0,5125.0,74.0,28.0,58.0,0,1,0,0,attack
0.47,icmp,smtp,REJ,6156.0,71.0,59.0,76.0,0,0,1,0,attack
1.12,tcp,dns,SF,178.0,394.0,0.0,2.0,0,0,0,0,normal
2.59,tcp,ssh,SF,559.0,784.0,13.0,4.0,0,0,0,0,normal
0.21,udp,private,SF,206.0,330.0,0.0,14.0,0,0,0,0,normal
0.17,tcp,ftp,SF,219.0,477.0,0.0,11.0,0,0,0,0,normal
2.08,tcp,ftp,SF,738.0,227.0,12.0,16.0,0,0,0,0,normal
1.08,udp,http,S0,3960.0,0.0,40.0,26.0,3,0,0,0,attack
0.84,tcp,http,S0,3959.0,83.0,69.0,50.0,0,1,1,0,attack
0.41,icmp,private,S0,3056.0,0.0,44.0,19.0,3,0,0,0,attack
6.57,tcp,smtp,SF,421.0,362.0,3.0,10.0,0,0,0,0,normal
1.65,tcp,ftp,SF,216.0,805.0,11.0,8.0,0,0,0,0,normal
2.15,tcp,ssh,REJ,853.0,372.0,6.0,11.0,1,0,0,0,normal
0.01,udp,private,SF,68.0,641.0,10.0,10.0,0,0,0,0,attack
0.77,icmp,http,S0,2844.0,53.0,61.0,52.0,2,0,1,0,attack
0.18,tcp,ftp,SF,549.0,661.0,12.0,9.0,0,0,0,0,normal
3.29,icmp,smtp,REJ,562.0,621.0,5.0,12.0,0,0,0,0,normal
1.1,tcp,ssh,SF,789.0,488.0,6.0,17.0,0,0,0,0,normal
6.14,tcp,ftp,SF,0.0,351.0,0.0,5.0,0,0,0,0,normal
0.89,tcp,private,S0,146.0,732.0,1.0,4.0,0,0,0,0,normal
0.22,tcp,smtp,SF,156.0,600.0,0.0,3.0,0,0,0,0,normal
0.15,icmp,smtp,S0,5190.0,15.0,67.0,41.0,0,0,0,0,attack
2.98,tcp,http,SF,219.0,613.0,5.0,7.0,0,0,0,0,normal
0.75,tcp,dns,SF,0.0,617.0,0.0,9.0,0,0,0,0,normal
3.67,tcp,smtp,SF,312.0,547.0,1.0,1.0,0,0,0,0,normal
2.36,tcp,dns,SF,720.0,308.0,8.0,9.0,0,0,0,0,normal
5.2,tcp,ftp,SF,579.0,597.0,10.0,3.0,1,0,0,0,normal
0.06,tcp,smtp,SF,393.0,605.0,9.0,6.0,0,0,0,0,attack
2.72,tcp,ftp,SF,513.0,434.0,15.0,7.0,0,0,0,0,normal
0.2,tcp,private,SF,0.0,535.0,10.0,9.0,0,0,0,0,normal
1.02,icmp,http,S0,4655.0,0.0,77.0,68.0,2,0,0,0,attack
3.46,tcp,smtp,SF,186.0,350.0,4.0,2.0,0,0,0,0,normal
3.1,tcp,private,SF,408.0,624.0,14.0,2.0,1,0,0,0,normal
0.96,tcp,private,S0,309.0,634.0,0.0,8.0,0,0,0,0,normal
0.56,tcp,dns,SF,0.0,407.0,8.0,2.0,0,0,0,0,normal
3.72,tcp,dns,SF,305.0,467.0,6.0,15.0,0,0,0,0,normal
2.85,tcp,http,RSTO,7982.0,4.0,35.0,30.0,0,1,1,0,attack
1.17,tcp,smtp,SF,0.0,662.0,1.0,8.0,1,0,0,0,normal
0.14,icmp,private,S0,2822.0,105.0,68.0,40.0,0,0,0,0,attack
0.17,tcp,http,S0,4686.0,0.0,16.0,58.0,2,0,1,0,attack
4.64,tcp,ftp,SF,524.0,578.0,11.0,11.0,0,0,0,0,normal
0.68,tcp,dns,SF,594.0,478.0,14.0,0.0,0,0,0,0,normal
0.35,tcp,private,SF,3.0,664.0,0.0,0.0,0,0,0,0,normal
0.02,tcp,ftp,S0,5209.0,92.0,53.0,39.0,1,0,1,0,attack
3.2,tcp,dns,SF,161.0,689.0,4.0,8.0,0,0,0,0,normal
0.5,udp,ssh,SF,382.0,600.0,0.0,6.0,0,0,0,0,normal
5.55,tcp,smtp,SF,426.0,391.0,1.0,17.0,0,0,0,0,attack
4.95,udp,dns,SF,843.0,160.0,16.0,4.0,1,0,0,0,normal
2.55,udp,http,SF,679.0,636.0,8.0,8.0,1,0,0,0,normal
2.22,udp,ssh,SF,911.0,278.0,11.0,16.0,0,0,0,0,normal
3.34,tcp,smtp,SF,0.0,615.0,7.0,11.0,0,0,0,0,normal
0.01,tcp,private,SF,17.0,485.0,3.0,14.0,0,0,0,0,normal
4.82,tcp,smtp,SF,451.0,380.0,0.0,5.0,0,0,0,0,attack
1.3,icmp,dns,SF,0.0,807.0,3.0,15.0,0,0,0,0,normal
4.55,tcp,ssh,SF,527.0,501.0,8.0,12.0,0,0,0,0,normal
0.55,tcp,smtp,SF,249.0,473.0,12.0,11.0,0,0,0,0,normal
0.21,icmp,ftp,RSTO,5401.0,22.0,48.0,45.0,2,0,0,0,attack
1.49,tcp,http,SF,127.0,625.0,7.0,9.0,0,0,0,0,normal
0.71,tcp,smtp,SF,0.0,302.0,0.0,3.0,0,0,0,0,normal
4.58,tcp,ftp,SF,621.0,385.0,6.0,2.0,1,0,0,0,normal
0.86,tcp,ssh,SF,40.0,370.0,4.0,16.0,0,0,0,0,normal
1.73,udp,ssh,S0,0.0,417.0,5.0,5.0,0,0,0,0,normal
1.42,tcp,ftp,SF,10.0,463.0,13.0,5.0,0,0,0,0,normal
0.73,icmp,ftp,S0,3043.0,6.0,33.0,56.0,2,0,0,0,normal
0.62,tcp,http,S0,2828.0,102.0,51.0,73.0,2,0,1,0,attack
1.85,udp,private,SF,508.0,542.0,13.0,2.0,0,0,0,0,attack
1.94,tcp,ssh,SF,195.0,926.0,0.0,3.0,0,0,0,0,normal
2.78,tcp,http,SF,656.0,464.0,7.0,10.0,1,0,0,0,normal
1.27,tcp,http,SF,554.0,604.0,4.0,6.0,1,0,0,0,normal
1.35,tcp,private,REJ,2788.0,15.0,63.0,58.0,0,0,0,0,attack
1.34,udp,smtp,SF,100.0,518.0,0.0,0.0,0,0,0,0,normal
0.01,icmp,http,S0,4305.0,73.0,73.0,43.0,0,0,0,0,attack
2.2,udp,private,SF,182.0,507.0,8.0,6.0,1,0,0,0,normal
3.07,tcp,private,SF,196.0,464.0,10.0,5.0,0,0,0,0,normal
1.14,udp,dns,SF,458.0,580.0,8.0,15.0,0,0,0,0,normal
1.32,tcp,private,SF,342.0,447.0,11.0,13.0,0,0,0,0,normal
0.15,icmp,ftp,S0,3865.0,0.0,33.0,22.0,2,0,1,0,attack
0.01,udp,private,S0,4138.0,0.0,46.0,75.0,2,0,0,0,attack
0.12,tcp,dns,RSTO,5707.0,135.0,29.0,26.0,0,0,2,0,attack
0.27,icmp,private,S0,4140.0,38.0,53.0,60.0,1,0,0,0,attack
0.18,udp,smtp,SF,0.0,305.0,8.0,13.0,0,0,0,0,normal
0.23,tcp,smtp,SF,252.0,569.0,10.0,0.0,0,0,0,0,normal
0.34,tcp,ssh,REJ,0.0,408.0,4.0,1.0,1,0,0,0,normal
1.83,tcp,private,SF,18.0,845.0,1.0,2.0,0,0,0,0,normal
0.51,tcp,ssh,SF,286.0,421.0,3.0,6.0,0,0,0,0,normal
0.19,tcp,http,S0,179.0,405.0,11.0,0.0,0,0,0,0,normal
0.12,udp,smtp,REJ,4346.0,34.0,54.0,69.0,3,0,0,0,attack
0.04,icmp,http,S0,5390.0,39.0,81.0,22.0,0,0,0,0,attack
0.15,icmp,ftp,S0,4232.0,109.0,66.0,23.0,1,0,0,0,normal
0.16,tcp,http,SF,0.0,456.0,13.0,4.0,0,0,0,0,normal
0.11,tcp,http,S0,3271.0,6.0,37.0,73.0,3,0,0,0,attack
1.86,tcp,http,SF,679.0,548.0,10.0,0.0,0,0,0,0,normal
0.22,tcp,ssh,SF,85.0,308.0,4.0,14.0,0,0,0,0,normal
0.18,udp,http,SF,576.0,545.0,6.0,10.0,0,0,0,0,normal
0.16,udp,http,S0,39.0,683.0,12.0,17.0,0,0,0,0,normal
0.19,tcp,dns,SF,174.0,480.0,9.0,2.0,0,0,0,0,normal
0.08,tcp,private,S0,6455.0,20.0,64.0,53.0,2,0,2,0,attack
2.29,udp,http,SF,0.0,284.0,4.0,11.0,0,0,0,0,normal
0.06,icmp,dns,RSTO,4217.0,15.0,29.0,23.0,2,0,0,0,attack
0.13,tcp,ssh,S0,6427.0,46.0,75.0,69.0,3,0,0,0,attack
1.18,tcp,private,SF,218.0,732.0,13.0,5.0,0,0,0,0,normal
1.19,tcp,private,SF,334.0,343.0,12.0,7.0,0,0,0,0,normal
0.05,tcp,dns,S0,3559.0,52.0,45.0,42.0,0,0,1,0,attack
0.13,tcp,ssh,S0,4916.0,3.0,55.0,48.0,0,0,0,0,attack
0.05,icmp,ssh,RSTO,1802.0,75.0,46.0,63.0,2,0,1,0,attack
0.3,udp,smtp,SF,89.0,588.0,13.0,11.0,1,0,0,0,normal
0.75,udp,dns,SF,227.0,660.0,14.0,20.0,0,0,0,0,normal
4.63,tcp,ftp,SF,264.0,348.0,15.0,5.0,1,0,0,0,normal
1.89,tcp,http,SF,0.0,619.0,3.0,13.0,0,0,0,0,normal
0.07,udp,ssh,REJ,5456.0,116.0,49.0,63.0,3,1,0,0,attack
2.67,udp,http,SF,551.0,375.0,9.0,9.0,0,0,0,0,normal
0.51,udp,http,SF,329.0,362.0,9.0,12.0,0,0,0,0,normal
0.34,icmp,http,S0,2763.0,9.0,33.0,26.0,1,0,0,0,attack
2.05,tcp,smtp,SF,202.0,325.0,0.0,6.0,0,0,0,0,attack
1.42,tcp,ssh,SF,113.0,504.0,10.0,12.0,0,0,0,0,normal
1.17,tcp,http,SF,91.0,740.0,0.0,0.0,0,0,0,0,normal
0.24,tcp,private,SF,514.0,427.0,8.0,8.0,0,0,0,0,normal
0.2,tcp,ftp,SF,1031.0,632.0,1.0,2.0,0,0,0,0,normal
3.12,tcp,dns,SF,0.0,668.0,10.0,6.0,0,0,0,0,normal
0.37,tcp,smtp,SF,271.0,715.0,9.0,15.0,0,0,0,0,normal
0.54,tcp,ftp,S0,5622.0,84.0,37.0,32.0,1,0,2,0,attack
7.72,udp,http,SF,0.0,608.0,8.0,9.0,0,0,0,0,normal
2.86,udp,ssh,SF,0.0,702.0,4.0,10.0,1,0,0,0,normal
3.12,tcp,dns,SF,594.0,335.0,8.0,4.0,0,0,0,0,normal
0.91,tcp,ssh,SF,100.0,628.0,2.0,4.0,1,0,0,0,normal
0.87,icmp,dns,SF,333.0,256.0,0.0,12.0,0,0,0,0,normal
0.34,tcp,smtp,SF,525.0,533.0,14.0,5.0,1,0,0,0,normal
0.48,udp,http,REJ,4904.0,54.0,58.0,62.0,1,0,0,0,attack
0.2,icmp,http,REJ,5701.0,0.0,61.0,55.0,1,0,0,0,attack
0.03,tcp,http,RSTO,1992.0,43.0,20.0,23.0,2,0,2,0,attack
0.65,udp,dns,SF,294.0,483.0,6.0,9.0,0,0,0,0,normal
1.25,tcp,ftp,SF,663.0,559.0,6.0,8.0,0,0,0,0,normal
1.3,udp,ssh,SF,404.0,721.0,5.0,9.0,1,0,0,0,normal
0.26,tcp,private,SF,3567.0,24.0,37.0,28.0,2,0,0,0,attack
0.47,tcp,ssh,SF,85.0,591.0,15.0,9.0,0,0,0,0,normal
3.42,tcp,private,SF,6.0,11.0,12.0,0.0,0,0,0,0,normal
2.15,tcp,ftp,SF,4.0,705.0,6.0,4.0,0,0,0,0,normal
0.04,udp,http,RSTO,2764.0,0.0,80.0,52.0,3,0,0,0,attack
0.16,icmp,ftp,S0,3081.0,130.0,70.0,31.0,0,0,0,0,attack
0.09,icmp,http,REJ,702.0,42.0,43.0,56.0,1,0,0,0,attack
3.37,tcp,smtp,SF,443.0,671.0,4.0,6.0,0,0,0,0,normal
1.05,tcp,private,RSTO,449.0,516.0,4.0,2.0,0,0,0,0,normal
5.78,tcp,ftp,SF,0.0,290.0,11.0,1.0,1,0,0,0,attack
0.97,tcp,smtp,SF,0.0,669.0,0.0,4.0,0,0,0,0,normal
0.7,icmp,private,SF,3181.0,84.0,23.0,81.0,1,0,1,0,attack
0.8,tcp,dns,SF,252.0,683.0,18.0,12.0,1,0,0,0,normal
0.6,tcp,ftp,SF,166.0,587.0,18.0,4.0,0,0,0,0,normal
1.89,tcp,http,RSTO,0.0,402.0,0.0,8.0,0,0,0,0,normal
1.48,tcp,dns,SF,79.0,420.0,2.0,8.0,0,0,0,0,normal
0.61,tcp,smtp,REJ,5372.0,126.0,46.0,44.0,2,0,0,0,normal
0.47,tcp,http,SF,91.0,362.0,6.0,8.0,0,0,0,0,normal
1.91,udp,smtp,SF,811.0,656.0,7.0,17.0,0,0,0,0,normal
3.45,tcp,private,SF,0.0,229.0,4.0,10.0,0,0,0,0,normal
4.43,tcp,ftp,SF,651.0,595.0,4.0,9.0,0,0,0,0,normal
2.97,udp,http,SF,29.0,413.0,11.0,0.0,0,0,0,0,normal
2.11,tcp,smtp,SF,143.0,279.0,14.0,10.0,1,0,0,0,normal
0.37,icmp,http,S0,4438.0,0.0,43.0,60.0,3,0,1,0,attack
0.4,tcp,smtp,SF,545.0,572.0,5.0,7.0,0,0,0,0,normal
1.58,tcp,smtp,SF,0.0,587.0,15.0,7.0,0,0,0,0,normal
0.1,icmp,private,S0,2786.0,14.0,74.0,65.0,1,0,0,0,attack
0.01,tcp,ftp,REJ,0.0,676.0,15.0,6.0,1,0,0,0,normal
3.41,tcp,dns,RSTO,212.0,341.0,3.0,3.0,1,0,0,0,normal
0.0,tcp,private,S0,4211.0,0.0,75.0,73.0,3,0,2,0,attack
2.72,udp,private,S0,0.0,649.0,4.0,2.0,0,0,0,0,normal
0.24,tcp,private,SF,236.0,527.0,13.0,14.0,0,0,0,0,normal
2.26,udp,dns,SF,177.0,666.0,12.0,6.0,1,0,0,0,normal
6.99,tcp,ssh,REJ,976.0,578.0,13.0,10.0,0,0,0,0,normal
1.78,udp,private,SF,242.0,535.0,10.0,5.0,1,0,0,0,normal
6.84,tcp,ssh,SF,571.0,544.0,6.0,11.0,1,0,0,0,normal
0.07,tcp,smtp,SF,487.0,597.0,13.0,5.0,0,0,0,0,normal
1.34,udp,ftp,S0,293.0,462.0,5.0,2.0,0,0,0,0,normal
0.24,tcp,ssh,SF,974.0,346.0,14.0,3.0,0,0,0,0,normal
4.35,udp,ftp,S0,0.0,505.0,7.0,6.0,1,0,0,0,normal
0.17,tcp,dns,SF,4276.0,105.0,21.0,59.0,1,0,0,0,attack
4.29,tcp,smtp,S0,290.0,408.0,3.0,3.0,0,0,0,0,normal
0.61,tcp,private,S0,3992.0,80.0,72.0,41.0,2,0,0,0,attack
0.73,tcp,dns,REJ,155.0,420.0,15.0,8.0,1,0,0,0,attack
0.19,tcp,ftp,SF,406.0,570.0,15.0,9.0,0,0,0,0,normal
1.19,tcp,dns,SF,295.0,600.0,6.0,10.0,1,0,0,0,normal
0.54,udp,ssh,SF,143.0,398.0,3.0,6.0,0,0,0,0,normal
0.61,tcp,http,SF,0.0,526.0,5.0,3.0,0,0,0,0,normal
1.41,tcp,ftp,REJ,67.0,98.0,17.0,1.0,0,0,0,0,normal
2.41,tcp,private,SF,152.0,708.0,0.0,6.0,0,0,0,0,normal
0.71,icmp,private,REJ,4621.0,9.0,60.0,19.0,3,0,0,1,attack
8.4,icmp,ssh,RSTO,397.0,587.0,7.0,5.0,0,0,0,0,normal
1.12,tcp,smtp,SF,525.0,589.0,8.0,7.0,0,0,0,0,normal
0.17,icmp,http,S0,4559.0,0.0,39.0,61.0,0,0,1,0,attack
3.12,tcp,private,RSTO,404.0,394.0,9.0,6.0,1,0,0,0,normal
0.0,tcp,private,SF,216.0,770.0,1.0,0.0,0,0,0,0,normal
0.09,icmp,ssh,REJ,5080.0,144.0,75.0,39.0,2,0,0,0,attack
1.47,tcp,smtp,SF,121.0,502.0,12.0,6.0,0,0,0,0,normal
0.51,udp,ssh,SF,330.0,513.0,18.0,0.0,0,0,0,0,normal
1.81,tcp,ftp,SF,302.0,468.0,0.0,5.0,0,0,0,0,normal
0.25,tcp,private,SF,720.0,516.0,0.0,7.0,1,0,0,0,normal
1.51,tcp,dns,REJ,115.0,445.0,2.0,12.0,0,0,0,0,normal
0.1,udp,dns,REJ,2002.0,93.0,40.0,25.0,2,0,0,0,attack
2.83,udp,ftp,SF,0.0,308.0,9.0,15.0,0,0,0,0,normal
0.58,tcp,ssh,SF,908.0,730.0,1.0,5.0,0,0,0,0,normal
0.2,tcp,http,SF,2332.0,43.0,26.0,66.0,3,0,0,0,attack
2.63,udp,ftp,SF,321.0,705.0,17.0,7.0,1,0,0,0,normal
2.09,tcp,dns,SF,140.0,229.0,12.0,0.0,1,0,0,0,normal
0.57,udp,http,SF,0.0,455.0,8.0,10.0,1,0,0,0,normal
0.69,tcp,dns,SF,359.0,447.0,12.0,8.0,0,0,0,0,normal
0.33,tcp,smtp,SF,134.0,565.0,15.0,8.0,1,0,0,0,normal
1.85,tcp,ssh,SF,437.0,620.0,1.0,6.0,0,0,0,0,normal
0.18,tcp,private,RSTO,3533.0,0.0,48.0,42.0,0,0,0,0,attack
2.31,tcp,ftp,SF,3.0,426.0,2.0,17.0,0,0,0,0,normal
0.66,udp,private,SF,511.0,419.0,11.0,17.0,0,0,0,0,normal
0.5,tcp,ssh,SF,283.0,642.0,2.0,15.0,0,0,0,0,normal
4.46,udp,ssh,SF,568.0,358.0,20.0,7.0,1,0,0,0,normal
0.1,tcp,smtp,S0,3284.0,0.0,73.0,69.0,2,0,2,0,attack
1.12,tcp,ftp,SF,315.0,463.0,6.0,9.0,0,0,0,0,normal
0.12,tcp,http,S0,2837.0,56.0,26.0,58.0,1,0,2,0,attack
0.89,udp,smtp,SF,0.0,444.0,6.0,16.0,0,0,0,0,normal
1.53,tcp,ssh,SF,516.0,461.0,3.0,8.0,0,0,0,0,normal
1.49,tcp,dns,SF,663.0,113.0,10.0,14.0,1,0,0,0,normal
0.58,tcp,ftp,REJ,3598.0,39.0,25.0,38.0,1,0,0,0,attack
2.37,udp,smtp,SF,117.0,728.0,11.0,11.0,1,0,0,0,normal
0.8,icmp,private,SF,241.0,800.0,2.0,6.0,1,0,0,0,normal
0.22,tcp,private,SF,454.0,373.0,3.0,12.0,1,0,0,0,normal
1.94,tcp,ftp,SF,0.0,447.0,3.0,7.0,0,0,0,0,normal
0.63,udp,private,SF,435.0,389.0,14.0,9.0,1,0,0,0,normal
4.88,udp,ssh,SF,175.0,581.0,14.0,12.0,0,0,0,0,normal
0.69,tcp,http,RSTO,3417.0,0.0,52.0,25.0,1,0,0,0,attack
0.82,udp,ftp,SF,0.0,461.0,0.0,10.0,0,0,0,0,normal
0.44,tcp,smtp,REJ,3926.0,102.0,26.0,64.0,1,0,0,0,attack
0.14,tcp,private,S0,1351.0,42.0,56.0,51.0,1,0,0,0,attack
0.04,icmp,http,SF,4010.0,92.0,78.0,42.0,0,0,0,0,attack
0.79,tcp,private,SF,288.0,609.0,13.0,13.0,0,0,0,0,normal
7.75,tcp,http,SF,372.0,719.0,13.0,18.0,0,0,0,0,normal
3.04,tcp,ssh,SF,623.0,778.0,2.0,4.0,0,0,0,0,normal
1.56,tcp,smtp,RSTO,692.0,287.0,4.0,6.0,0,0,0,0,normal
0.31,icmp,dns,SF,0.0,305.0,14.0,10.0,0,0,0,0,normal
0.1,tcp,ftp,SF,443.0,624.0,0.0,7.0,0,0,0,0,normal
2.65,tcp,ftp,RSTO,296.0,450.0,15.0,2.0,0,0,0,0,normal
3.59,tcp,http,S0,0.0,474.0,4.0,14.0,1,0,0,0,normal
0.6,tcp,http,REJ,516.0,463.0,11.0,1.0,1,0,0,0,normal
1.73,tcp,dns,SF,495.0,778.0,2.0,11.0,0,0,0,0,normal
0.4,icmp,private,S0,5057.0,27.0,69.0,40.0,1,1,0,0,attack
1.03,tcp,http,REJ,3572.0,84.0,77.0,22.0,0,0,2,0,attack
3.95,tcp,http,SF,304.0,412.0,0.0,18.0,0,0,0,0,normal
1.2,udp,ssh,S0,384.0,688.0,6.0,8.0,0,0,0,0,normal
0.05,tcp,private,REJ,5117.0,131.0,45.0,56.0,3,0,0,0,attack
0.17,icmp,ftp,S0,3881.0,7.0,76.0,39.0,1,0,0,0,attack
0.15,udp,private,SF,0.0,273.0,1.0,8.0,0,0,0,0,normal
3.0,udp,dns,SF,406.0,699.0,13.0,15.0,0,0,0,0,normal
0.58,tcp,private,SF,287.0,728.0,12.0,10.0,0,0,0,0,normal
2.44,udp,dns,SF,133.0,790.0,2.0,7.0,0,0,0,0,normal
4.55,tcp,ssh,SF,644.0,447.0,9.0,5.0,0,0,0,0,normal
4.09,udp,ftp,SF,290.0,125.0,11.0,4.0,0,0,0,0,normal
3.13,tcp,private,SF,78.0,441.0,12.0,15.0,1,0,0,0,normal
0.1,tcp,ssh,SF,454.0,536.0,6.0,19.0,0,0,0,0,normal
1.55,tcp,http,SF,985.0,469.0,13.0,9.0,0,0,0,0,normal
0.44,tcp,ssh,REJ,4341.0,0.0,26.0,24.0,3,0,0,0,attack
1.9,tcp,ssh,SF,289.0,654.0,17.0,10.0,0,0,0,0,normal
5.22,tcp,ftp,SF,639.0,498.0,1.0,14.0,0,0,0,0,normal
1.62,tcp,ssh,SF,740.0,737.0,5.0,5.0,1,0,0,0,normal
0.46,icmp,ftp,S0,3948.0,17.0,67.0,46.0,1,0,0,0,attack
0.58,tcp,smtp,REJ,2024.0,0.0,64.0,52.0,3,0,0,0,attack
0.1,icmp,http,S0,2174.0,121.0,22.0,39.0,0,0,2,0,attack
0.19,tcp,ssh,SF,232.0,484.0,14.0,0.0,0,0,0,0,normal
0.67,udp,http,REJ,3157.0,109.0,54.0,32.0,1,0,0,0,attack
0.26,tcp,ssh,RSTO,0.0,549.0,4.0,14.0,0,0,0,0,normal
0.56,tcp,ssh,SF,450.0,360.0,4.0,21.0,0,0,0,0,normal
4.29,udp,private,SF,0.0,360.0,15.0,17.0,1,0,0,0,normal
5.75,tcp,dns,SF,316.0,649.0,11.0,11.0,0,0,0,0,normal
0.17,udp,ssh,RSTO,51.0,592.0,8.0,3.0,0,0,0,0,normal
0.9,tcp,ftp,SF,0.0,601.0,12.0,8.0,0,0,0,0,normal
1.56,tcp,http,S0,5034.0,36.0,49.0,70.0,0,0,1,0,attack
2.49,udp,ssh,SF,426.0,480.0,16.0,7.0,0,0,0,0,normal
0.33,udp,ssh,SF,0.0,527.0,7.0,9.0,0,0,0,0,normal
3.19,tcp,smtp,S0,588.0,503.0,3.0,12.0,0,0,0,0,normal
2.75,tcp,smtp,SF,0.0,644.0,1.0,14.0,0,0,0,0,normal
0.03,tcp,ssh,SF,484.0,663.0,2.0,9.0,0,0,0,0,normal
0.86,udp,dns,RSTO,49.0,264.0,4.0,4.0,0,0,0,0,normal
1.06,icmp,private,SF,69.0,224.0,17.0,13.0,0,0,0,0,normal
0.54,tcp,smtp,SF,396.0,690.0,10.0,8.0,0,0,0,0,normal
0.34,icmp,dns,SF,5819.0,36.0,53.0,77.0,0,0,0,0,attack
0.93,icmp,http,S0,1568.0,78.0,52.0,24.0,0,0,0,0,attack
0.32,tcp,private,RSTO,3098.0,59.0,45.0,57.0,3,0,0,0,attack
2.37,tcp,ssh,RSTO,408.0,330.0,13.0,9.0,1,0,0,0,normal
4.19,udp,smtp,RSTO,410.0,559.0,11.0,8.0,0,0,0,0,normal
5.53,tcp,ssh,SF,311.0,477.0,0.0,15.0,0,0,0,0,normal
4.29,udp,http,SF,514.0,116.0,10.0,0.0,1,0,0,0,normal
0.48,tcp,http,S0,4951.0,84.0,34.0,73.0,0,0,1,0,attack
2.72,icmp,smtp,SF,221.0,803.0,0.0,10.0,1,0,0,0,normal
0.04,udp,dns,REJ,3431.0,103.0,59.0,41.0,0,0,1,0,attack
0.01,icmp,ssh,REJ,4787.0,104.0,36.0,42.0,0,0,0,0,attack
0.3,tcp,smtp,SF,203.0,535.0,3.0,8.0,0,0,0,0,normal
2.09,tcp,dns,SF,0.0,740.0,12.0,9.0,0,0,0,0,normal
0.75,udp,ssh,S0,5760.0,49.0,78.0,48.0,1,0,1,0,attack
0.49,tcp,smtp,SF,0.0,486.0,5.0,13.0,0,0,0,0,normal
0.07,icmp,http,SF,6291.0,46.0,30.0,30.0,0,0,2,0,attack
0.53,tcp,http,S0,5637.0,0.0,76.0,25.0,2,0,2,0,attack
1.12,tcp,ftp,S0,56.0,556.0,17.0,4.0,1,0,0,0,normal
0.01,icmp,http,S0,3517.0,0.0,59.0,38.0,1,1,0,0,attack
0.2,tcp,dns,SF,540.0,520.0,1.0,0.0,0,0,0,0,normal
0.02,icmp,ssh,SF,4747.0,134.0,26.0,45.0,2,0,0,0,attack
0.68,tcp,ssh,SF,359.0,367.0,7.0,2.0,1,0,0,0,normal
2.71,udp,ssh,RSTO,161.0,815.0,3.0,0.0,0,0,0,0,normal
0.64,udp,private,SF,28.0,530.0,12.0,3.0,1,0,0,0,normal
0.12,tcp,http,S0,2758.0,50.0,70.0,44.0,0,0,0,0,attack
0.47,icmp,private,RSTO,4800.0,10.0,41.0,25.0,0,1,0,0,attack
0.46,tcp,smtp,SF,821.0,271.0,3.0,16.0,1,0,0,0,normal
0.41,icmp,http,S0,4793.0,20.0,21.0,35.0,2,0,1,0,attack
0.77,udp,http,S0,5022.0,68.0,47.0,66.0,3,0,0,0,attack
0.06,tcp,ftp,REJ,3732.0,50.0,79.0,74.0,1,0,0,0,normal
2.91,tcp,http,SF,578.0,635.0,6.0,6.0,0,0,0,0,normal
1.17,tcp,ftp,SF,562.0,582.0,8.0,16.0,1,0,0,0,normal
2.25,tcp,dns,SF,456.0,721.0,4.0,7.0,1,0,0,0,normal
0.05,tcp,http,S0,3752.0,81.0,46.0,76.0,1,0,1,0,attack
2.97,tcp,ssh,SF,0.0,651.0,3.0,5.0,0,0,0,0,normal
2.18,tcp,ssh,SF,403.0,568.0,2.0,14.0,0,0,0,0,normal
0.49,udp,ssh,SF,348.0,400.0,4.0,10.0,1,0,0,0,normal
0.54,icmp,private,REJ,4028.0,45.0,20.0,54.0,2,1,1,0,normal
0.31,tcp,ftp,REJ,5738.0,157.0,78.0,19.0,1,1,0,0,attack
0.11,icmp,private,S0,4186.0,99.0,19.0,63.0,3,0,0,0,attack
0.8,tcp,smtp,SF,215.0,511.0,0.0,15.0,0,0,0,0,normal
0.13,udp,http,REJ,5213.0,30.0,36.0,71.0,0,0,0,0,attack
0.2,tcp,http,SF,423.0,553.0,14.0,14.0,0,0,0,0,normal
1.38,tcp,ssh,SF,485.0,628.0,11.0,4.0,1,0,0,0,normal
1.17,udp,smtp,SF,565.0,547.0,7.0,5.0,1,0,0,0,normal
3.54,udp,ssh,SF,159.0,614.0,12.0,9.0,0,0,0,0,normal
0.21,icmp,http,S0,2987.0,0.0,35.0,37.0,2,0,0,0,attack
0.25,tcp,http,RSTO,4785.0,124.0,52.0,30.0,2,0,1,1,attack
3.68,tcp,private,SF,165.0,380.0,8.0,2.0,0,0,0,0,normal
1.51,tcp,smtp,SF,359.0,436.0,11.0,9.0,1,0,0,0,normal
0.47,tcp,http,S0,2507.0,32.0,65.0,70.0,2,1,0,0,attack
0.22,icmp,http,S0,2893.0,11.0,31.0,40.0,3,0,2,0,normal
0.9,icmp,http,S0,4384.0,10.0,20.0,66.0,1,0,1,0,attack
0.69,icmp,http,REJ,4957.0,17.0,32.0,58.0,2,0,0,0,attack
5.6,tcp,smtp,S0,447.0,574.0,4.0,6.0,0,0,0,0,normal
1.24,tcp,smtp,SF,26.0,774.0,18.0,5.0,1,0,0,0,normal
0.06,icmp,http,SF,4772.0,89.0,61.0,47.0,2,0,0,0,attack
3.72,icmp,smtp,RSTO,382.0,608.0,6.0,3.0,0,0,0,0,normal
0.34,icmp,dns,S0,3229.0,40.0,36.0,75.0,0,1,0,0,attack
15.47,tcp,ftp,SF,287.0,438.0,8.0,16.0,1,0,0,0,normal
0.13,tcp,http,RSTO,7474.0,47.0,57.0,45.0,0,0,0,0,attack
0.95,udp,private,SF,293.0,765.0,10.0,2.0,0,0,0,0,normal
0.77,icmp,ftp,REJ,3386.0,48.0,68.0,28.0,3,0,0,0,attack
3.23,tcp,http,SF,356.0,695.0,7.0,4.0,0,0,0,0,normal
0.28,tcp,private,SF,3279.0,29.0,45.0,63.0,2,0,1,0,attack
5.31,tcp,dns,SF,428.0,587.0,2.0,14.0,0,0,0,0,normal
0.02,tcp,private,SF,76.0,559.0,11.0,6.0,0,0,0,0,normal
0.02,udp,ftp,RSTO,5399.0,57.0,73.0,21.0,2,0,0,1,attack
0.73,udp,private,SF,11.0,509.0,11.0,13.0,0,0,0,0,normal
7.17,tcp,smtp,SF,717.0,557.0,15.0,1.0,0,0,0,0,normal
1.0,icmp,http,REJ,1943.0,150.0,68.0,20.0,1,0,0,0,attack
0.1,udp,smtp,REJ,4599.0,139.0,34.0,73.0,3,0,1,0,attack
1.14,tcp,ssh,SF,226.0,315.0,11.0,9.0,0,0,0,0,normal
0.72,tcp,ftp,SF,781.0,370.0,11.0,2.0,0,0,0,0,normal
0.1,tcp,ssh,RSTO,1223.0,33.0,64.0,38.0,3,0,0,0,attack
0.27,icmp,http,RSTO,4974.0,67.0,36.0,78.0,0,0,0,0,attack
1.98,udp,ssh,SF,20.0,686.0,0.0,4.0,1,0,0,0,normal
1.15,tcp,http,REJ,519.0,482.0,6.0,9.0,1,0,0,0,normal
0.71,tcp,private,SF,275.0,343.0,7.0,0.0,1,0,0,0,normal
0.13,tcp,ftp,SF,0.0,447.0,12.0,4.0,0,0,0,0,normal
4.27,tcp,ftp,SF,459.0,455.0,12.0,7.0,0,0,0,0,normal
0.85,udp,private,SF,0.0,647.0,8.0,8.0,0,0,0,0,normal
0.37,tcp,smtp,SF,3789.0,53.0,52.0,47.0,3,0,0,0,attack
0.46,udp,smtp,SF,632.0,344.0,12.0,10.0,0,0,0,0,normal
0.13,icmp,http,RSTO,5073.0,126.0,72.0,37.0,0,0,0,0,attack
0.97,udp,http,REJ,6392.0,102.0,33.0,61.0,3,0,0,0,attack
0.6,icmp,smtp,RSTO,4923.0,76.0,81.0,55.0,1,0,0,0,attack
3.15,tcp,ssh,SF,461.0,670.0,5.0,0.0,0,0,0,0,normal
0.59,tcp,ssh,REJ,93.0,640.0,0.0,8.0,0,0,0,0,normal
0.1,icmp,http,S0,4219.0,140.0,46.0,54.0,0,0,0,0,attack
0.53,tcp,private,S0,1600.0,78.0,64.0,61.0,1,0,0,0,attack
5.94,udp,ftp,SF,0.0,436.0,10.0,0.0,0,0,0,0,normal
0.47,tcp,http,SF,1859.0,26.0,38.0,50.0,1,1,0,0,attack
0.26,tcp,ftp,SF,0.0,572.0,0.0,16.0,0,0,0,0,normal
0.02,tcp,http,SF,461.0,584.0,1.0,10.0,0,0,0,0,normal
0.03,tcp,http,REJ,5235.0,0.0,42.0,76.0,0,0,2,0,attack
0.19,tcp,dns,SF,171.0,256.0,16.0,12.0,0,0,0,0,normal
3.68,tcp,http,REJ,364.0,573.0,9.0,17.0,0,0,0,0,normal
0.34,tcp,private,SF,716.0,410.0,5.0,5.0,0,0,0,0,normal
0.63,tcp,http,SF,649.0,362.0,18.0,10.0,0,0,0,0,normal
0.09,tcp,private,SF,76.0,414.0,13.0,0.0,0,0,0,0,normal
1.05,udp,smtp,SF,886.0,758.0,9.0,3.0,1,0,0,0,normal
3.37,udp,http,S0,0.0,593.0,11.0,1.0,1,0,0,0,normal
1.73,tcp,private,SF,239.0,860.0,11.0,11.0,0,0,0,0,normal
9.02,tcp,private,SF,687.0,263.0,12.0,1.0,0,0,0,0,normal
0.05,tcp,private,S0,4344.0,60.0,61.0,49.0,1,0,2,0,attack
0.21,tcp,private,S0,2703.0,92.0,71.0,68.0,2,0,1,0,attack
1.14,tcp,ssh,SF,0.0,656.0,5.0,6.0,0,0,0,0,normal
3.6,tcp,ftp,SF,756.0,516.0,8.0,2.0,0,0,0,0,normal
0.16,udp,ssh,SF,484.0,740.0,10.0,2.0,0,0,0,0,normal
0.41,udp,private,SF,46.0,323.0,7.0,0.0,1,0,0,0,normal
5.42,tcp,dns,SF,205.0,517.0,19.0,4.0,1,0,0,0,normal
0.99,tcp,private,SF,161.0,485.0,10.0,14.0,0,0,0,0,normal
3.71,tcp,dns,S0,508.0,558.0,4.0,11.0,0,0,0,0,normal
0.64,tcp,dns,RSTO,465.0,703.0,0.0,15.0,0,0,0,0,normal
1.49,udp,smtp,SF,248.0,601.0,12.0,18.0,0,0,0,0,normal
0.58,tcp,dns,SF,153.0,507.0,6.0,3.0,1,0,0,0,normal
1.75,tcp,ftp,SF,206.0,803.0,9.0,11.0,0,0,0,0,normal
0.01,icmp,http,S0,2796.0,0.0,69.0,69.0,3,0,2,0,attack
0.14,tcp,private,RSTO,4975.0,115.0,79.0,57.0,3,0,2,0,attack
0.32,icmp,http,RSTO,3628.0,47.0,47.0,24.0,1,0,0,0,attack
0.9,tcp,smtp,SF,698.0,693.0,5.0,14.0,0,0,0,0,normal
0.46,tcp,ssh,SF,0.0,286.0,6.0,11.0,1,0,0,0,normal
3.57,udp,ftp,SF,0.0,219.0,2.0,8.0,0,0,0,0,normal
0.15,udp,private,SF,624.0,525.0,7.0,1.0,1,0,0,0,normal
0.04,udp,http,S0,1872.0,58.0,25.0,41.0,2,0,0,0,attack
0.22,tcp,http,S0,5083.0,0.0,32.0,52.0,0,0,0,0,attack
3.0,tcp,http,RSTO,494.0,281.0,12.0,1.0,0,0,0,0,normal
1.28,icmp,http,S0,2511.0,99.0,58.0,17.0,0,0,0,0,attack
0.13,tcp,smtp,SF,321.0,714.0,3.0,14.0,1,0,0,0,normal
0.1,icmp,ssh,S0,6294.0,0.0,62.0,29.0,2,0,0,1,attack
0.14,tcp,http,S0,3670.0,29.0,41.0,50.0,3,0,0,0,attack
9.99,tcp,private,SF,719.0,422.0,19.0,19.0,0,0,0,0,attack
0.11,tcp,http,REJ,4212.0,54.0,77.0,49.0,1,0,0,1,attack
0.94,tcp,dns,SF,454.0,529.0,4.0,5.0,0,0,0,0,attack
0.15,tcp,ssh,SF,257.0,785.0,4.0,3.0,0,0,0,0,normal
6.83,udp,ftp,REJ,746.0,335.0,14.0,0.0,0,0,0,0,normal
0.46,icmp,smtp,S0,4448.0,0.0,76.0,54.0,2,0,1,0,attack
3.89,udp,dns,SF,549.0,610.0,8.0,6.0,0,0,0,0,normal
4.52,tcp,http,SF,230.0,547.0,3.0,1.0,0,0,0,0,normal
0.55,udp,dns,SF,69.0,614.0,0.0,7.0,0,0,0,0,normal
2.39,tcp,ftp,SF,378.0,434.0,8.0,1.0,0,0,0,0,normal
0.04,tcp,private,SF,145.0,526.0,6.0,15.0,0,0,0,0,normal
0.06,icmp,ftp,S0,4191.0,77.0,29.0,44.0,0,1,1,0,attack
0.66,tcp,private,RSTO,0.0,475.0,4.0,12.0,0,0,0,0,normal
3.5,tcp,ssh,SF,793.0,550.0,7.0,5.0,0,0,0,0,normal
0.7,tcp,smtp,SF,525.0,354.0,8.0,5.0,0,0,0,0,normal
1.3,tcp,dns,SF,696.0,660.0,4.0,0.0,0,0,0,0,normal
1.18,tcp,ftp,SF,545.0,345.0,8.0,14.0,0,0,0,0,normal
0.01,tcp,http,S0,6265.0,175.0,78.0,66.0,2,1,1,0,attack
0.25,tcp,private,SF,170.0,353.0,16.0,1.0,0,0,0,0,normal
0.08,tcp,http,REJ,4196.0,85.0,46.0,68.0,3,0,0,0,attack
6.95,tcp,ftp,SF,0.0,461.0,0.0,17.0,0,0,0,0,normal
0.0,tcp,smtp,SF,424.0,529.0,2.0,13.0,1,0,0,0,normal
4.97,tcp,ssh,SF,0.0,777.0,1.0,9.0,1,0,0,0,normal
0.46,icmp,ssh,SF,448.0,476.0,0.0,4.0,1,0,0,0,normal
5.29,tcp,http,SF,402.0,697.0,4.0,1.0,0,0,0,0,normal
2.0,tcp,smtp,REJ,0.0,673.0,17.0,8.0,0,0,0,0,normal
0.1,tcp,private,RSTO,0.0,408.0,1.0,1.0,0,0,0,0,normal
0.01,icmp,private,S0,3072.0,0.0,53.0,37.0,3,0,1,0,attack
0.47,tcp,ssh,SF,351.0,696.0,6.0,15.0,0,0,0,0,normal
3.0,tcp,smtp,SF,194.0,446.0,1.0,13.0,1,0,0,0,normal
0.65,tcp,http,SF,6.0,554.0,3.0,7.0,0,0,0,0,normal
3.41,udp,ssh,SF,180.0,541.0,18.0,11.0,0,0,0,0,normal
1.16,tcp,http,S0,4626.0,72.0,21.0,54.0,0,0,0,0,attack
0.1,tcp,http,SF,5115.0,0.0,81.0,77.0,1,0,0,0,attack
0.25,tcp,smtp,S0,3805.0,1.0,50.0,56.0,0,0,1,0,attack
2.38,tcp,smtp,SF,324.0,860.0,5.0,0.0,0,0,0,0,normal
1.31,tcp,dns,SF,122.0,310.0,5.0,5.0,0,0,0,0,normal
0.0,tcp,http,S0,2991.0,101.0,34.0,34.0,0,0,1,1,attack
0.56,tcp,private,S0,6888.0,79.0,46.0,52.0,3,0,1,0,normal
0.52,icmp,http,REJ,3723.0,19.0,19.0,17.0,1,0,0,0,attack
0.04,icmp,ssh,S0,3322.0,27.0,17.0,32.0,2,0,0,0,attack
3.28,udp,ftp,SF,160.0,460.0,13.0,0.0,1,0,0,0,normal
0.22,tcp,ssh,SF,67.0,506.0,12.0,7.0,0,0,0,0,normal
1.54,icmp,ftp,SF,38.0,503.0,11.0,6.0,0,0,0,0,normal
1.23,icmp,smtp,SF,445.0,478.0,10.0,10.0,0,0,0,0,normal
1.32,tcp,ssh,SF,110.0,512.0,13.0,11.0,1,0,0,0,normal
0.54,tcp,smtp,SF,0.0,554.0,8.0,11.0,1,0,0,0,normal
0.09,tcp,ssh,S0,443.0,393.0,14.0,4.0,1,0,0,0,normal
0.05,tcp,dns,SF,181.0,552.0,5.0,1.0,0,0,0,0,normal
0.51,tcp,http,S0,4230.0,39.0,60.0,34.0,1,0,0,0,attack
0.1,icmp,http,S0,4206.0,31.0,57.0,43.0,0,0,0,0,attack
0.13,udp,http,SF,234.0,602.0,6.0,8.0,0,0,0,0,normal
3.46,tcp,dns,SF,0.0,636.0,6.0,4.0,0,0,0,0,normal
0.74,tcp,smtp,RSTO,4917.0,50.0,68.0,40.0,1,0,2,0,attack
0.09,icmp,private,REJ,6667.0,44.0,27.0,47.0,0,0,0,0,attack
3.16,icmp,ssh,SF,465.0,756.0,17.0,6.0,0,0,0,0,normal
0.6,udp,smtp,SF,447.0,795.0,0.0,11.0,0,0,0,0,normal
0.07,icmp,private,S0,4554.0,43.0,77.0,65.0,2,0,0,0,attack
1.05,tcp,http,REJ,3776.0,152.0,61.0,41.0,2,0,0,0,attack
0.93,icmp,http,RSTO,4423.0,0.0,75.0,48.0,2,0,2,1,attack
4.46,tcp,http,SF,150.0,531.0,5.0,8.0,0,0,0,0,normal
0.25,udp,ssh,SF,565.0,542.0,13.0,1.0,0,0,0,0,normal
0.42,icmp,http,S0,2148.0,35.0,45.0,41.0,1,0,0,0,attack
0.01,tcp,dns,SF,242.0,489.0,6.0,12.0,0,0,0,0,normal
1.67,tcp,http,SF,561.0,543.0,12.0,3.0,0,0,0,0,normal
0.33,tcp,http,REJ,3528.0,51.0,27.0,80.0,2,0,2,0,attack
1.03,tcp,dns,SF,583.0,527.0,12.0,10.0,0,0,0,0,normal
3.73,udp,dns,REJ,282.0,376.0,4.0,6.0,0,0,0,0,attack
0.18,tcp,ssh,SF,501.0,557.0,10.0,6.0,0,0,0,0,normal
0.6,tcp,private,S0,3668.0,48.0,31.0,48.0,2,0,0,0,attack
1.7,tcp,smtp,SF,709.0,334.0,0.0,2.0,1,0,0,0,normal
1.34,tcp,ftp,SF,120.0,477.0,8.0,11.0,1,0,0,0,normal
0.02,tcp,http,SF,5565.0,134.0,70.0,47.0,1,0,0,0,attack
3.02,tcp,smtp,SF,80.0,182.0,10.0,10.0,1,0,0,0,normal
0.68,icmp,private,S0,2128.0,0.0,38.0,33.0,3,0,2,0,attack
4.95,tcp,dns,SF,100.0,710.0,0.0,11.0,1,0,0,0,normal
2.39,tcp,smtp,SF,463.0,556.0,7.0,10.0,0,0,0,0,normal
0.32,udp,dns,SF,0.0,438.0,0.0,7.0,0,0,0,0,normal
0.82,tcp,dns,SF,260.0,574.0,4.0,11.0,1,0,0,0,normal
0.03,icmp,http,S0,4537.0,112.0,65.0,50.0,0,0,2,0,attack
1.78,udp,ssh,SF,183.0,590.0,0.0,7.0,1,0,0,0,normal
0.02,icmp,ssh,S0,5125.0,0.0,49.0,28.0,1,0,0,0,attack
1.45,tcp,dns,SF,56.0,588.0,14.0,16.0,0,0,0,0,normal
0.18,tcp,http,S0,3819.0,0.0,59.0,71.0,2,0,0,0,attack
0.49,icmp,private,S0,3213.0,70.0,38.0,46.0,2,0,0,0,attack
1.92,tcp,ftp,SF,125.0,606.0,0.0,9.0,0,0,0,0,normal
14.94,udp,private,SF,0.0,412.0,9.0,3.0,0,0,0,0,normal
2.15,tcp,ftp,SF,150.0,300.0,16.0,2.0,0,0,0,0,normal
0.36,tcp,smtp,REJ,352.0,726.0,15.0,2.0,0,0,0,0,normal
3.94,udp,smtp,SF,0.0,492.0,8.0,5.0,0,0,0,0,normal
1.19,udp,http,SF,556.0,450.0,11.0,3.0,0,0,0,0,normal
0.03,udp,http,S0,4110.0,49.0,32.0,68.0,0,1,0,0,attack
0.12,icmp,smtp,S0,3922.0,0.0,33.0,55.0,0,0,0,0,attack
0.23,icmp,http,S0,3321.0,17.0,53.0,69.0,3,0,0,0,attack
2.43,tcp,dns,SF,90.0,352.0,7.0,6.0,0,0,0,0,normal
0.05,tcp,http,SF,216.0,433.0,14.0,4.0,1,0,0,0,normal
2.62,tcp,ssh,SF,90.0,369.0,3.0,7.0,0,0,0,0,normal
0.45,tcp,private,SF,605.0,234.0,5.0,10.0,0,0,0,0,normal
0.64,udp,private,S0,6474.0,89.0,68.0,40.0,2,0,0,0,attack
2.53,tcp,ssh,SF,0.0,578.0,17.0,8.0,0,0,0,0,normal
0.39,tcp,smtp,SF,309.0,473.0,14.0,8.0,0,0,0,0,normal
0.27,udp,private,S0,0.0,162.0,70.0,31.0,1,0,2,0,attack
0.22,tcp,dns,S0,2954.0,81.0,81.0,18.0,1,0,2,0,attack
0.03,tcp,ftp,REJ,2150.0,82.0,59.0,24.0,1,0,2,0,normal
0.39,udp,http,SF,714.0,454.0,9.0,2.0,1,0,0,0,normal
0.32,tcp,ssh,SF,127.0,592.0,2.0,12.0,1,0,0,0,normal
0.05,tcp,private,SF,0.0,490.0,10.0,2.0,0,0,0,0,normal
0.03,icmp,ssh,REJ,3244.0,63.0,47.0,65.0,2,1,0,0,attack
0.04,icmp,http,SF,313.0,401.0,9.0,7.0,0,0,0,0,normal
0.13,tcp,smtp,REJ,2811.0,74.0,47.0,58.0,2,0,2,0,attack
3.49,tcp,ssh,SF,367.0,472.0,1.0,13.0,0,0,0,0,normal
0.65,tcp,private,SF,474.0,649.0,10.0,2.0,1,0,0,0,normal
0.64,tcp,smtp,SF,383.0,453.0,5.0,16.0,0,0,0,0,normal
0.13,tcp,private,S0,4966.0,99.0,27.0,20.0,3,0,1,0,attack
8.23,tcp,http,SF,463.0,439.0,2.0,5.0,1,0,0,0,attack
0.5,tcp,ssh,SF,454.0,361.0,4.0,13.0,0,0,0,0,normal
2.75,tcp,private,SF,0.0,467.0,12.0,13.0,1,0,0,0,normal
0.81,tcp,http,SF,18.0,535.0,18.0,3.0,1,0,0,0,normal
0.11,tcp,http,SF,860.0,483.0,2.0,15.0,0,0,0,0,attack
6.41,tcp,ftp,SF,154.0,349.0,7.0,3.0,0,0,0,0,normal
0.58,udp,ssh,SF,0.0,412.0,11.0,4.0,0,0,0,0,normal
0.06,udp,ftp,SF,326.0,548.0,17.0,0.0,0,0,0,0,normal
0.65,tcp,ssh,REJ,588.0,564.0,2.0,10.0,0,0,0,0,normal
0.67,icmp,http,RSTO,4189.0,14.0,31.0,23.0,3,0,2,0,normal
0.06,udp,private,S0,4340.0,27.0,56.0,66.0,2,0,1,0,attack
0.21,tcp,ssh,SF,238.0,565.0,5.0,10.0,1,0,0,0,normal
8.7,tcp,ftp,SF,141.0,454.0,18.0,10.0,0,0,0,0,normal
1.75,tcp,http,SF,304.0,425.0,9.0,13.0,0,0,0,0,normal
0.5,icmp,ssh,S0,3214.0,71.0,30.0,29.0,2,0,0,0,attack
0.4,udp,ftp,SF,695.0,389.0,0.0,3.0,0,0,0,0,normal
0.21,tcp,http,SF,26.0,303.0,15.0,0.0,1,0,0,0,normal
0.06,icmp,ftp,REJ,3964.0,75.0,67.0,27.0,2,0,0,0,attack
5.26,icmp,dns,SF,68.0,829.0,11.0,0.0,0,0,0,0,normal
0.01,tcp,private,S0,3088.0,71.0,26.0,45.0,2,0,0,0,attack
2.17,udp,http,SF,0.0,586.0,0.0,12.0,0,0,0,0,normal
0.79,icmp,http,REJ,5939.0,38.0,27.0,76.0,2,0,0,0,attack
1.68,tcp,ssh,S0,611.0,233.0,15.0,6.0,0,0,0,0,normal
6.18,tcp,dns,SF,210.0,406.0,11.0,5.0,0,0,0,0,normal
2.13,tcp,ssh,SF,21.0,769.0,8.0,9.0,0,0,0,0,normal
0.54,icmp,ftp,SF,687.0,364.0,0.0,9.0,0,0,0,0,normal
1.5,tcp,private,S0,126.0,209.0,6.0,11.0,0,0,0,0,normal
0.83,tcp,private,REJ,3425.0,113.0,49.0,53.0,0,0,0,0,attack
0.37,tcp,ftp,SF,491.0,228.0,3.0,10.0,1,0,0,0,normal
0.01,tcp,ftp,S0,4923.0,18.0,52.0,32.0,3,0,0,0,attack
0.55,icmp,ssh,REJ,339.0,726.0,15.0,9.0,0,0,0,0,normal
2.71,tcp,dns,SF,292.0,841.0,2.0,17.0,0,0,0,0,normal
0.77,tcp,http,SF,381.0,745.0,4.0,1.0,0,0,0,0,normal
0.16,icmp,private,RSTO,5376.0,32.0,77.0,60.0,1,0,0,0,attack
1.35,tcp,dns,SF,695.0,370.0,7.0,5.0,0,0,0,0,normal
0.9,tcp,dns,SF,477.0,875.0,13.0,10.0,0,0,0,0,normal
1.82,tcp,ssh,SF,139.0,649.0,6.0,5.0,0,0,0,0,normal
1.86,tcp,ftp,SF,428.0,474.0,13.0,0.0,0,0,0,0,normal
3.55,tcp,http,SF,657.0,714.0,11.0,4.0,0,0,0,0,normal
0.9,tcp,smtp,SF,90.0,424.0,13.0,15.0,0,0,0,0,normal
0.44,tcp,http,S0,2283.0,65.0,50.0,29.0,1,0,0,0,attack
1.62,tcp,ftp,S0,378.0,439.0,11.0,10.0,0,0,0,0,normal
0.09,tcp,http,S0,6185.0,28.0,33.0,25.0,1,0,1,0,attack
0.08,tcp,http,SF,209.0,414.0,8.0,3.0,0,0,0,0,normal
0.64,icmp,http,S0,4299.0,77.0,67.0,50.0,0,0,1,0,attack
1.09,tcp,ssh,SF,655.0,690.0,15.0,2.0,0,0,0,0,attack
6.18,tcp,ftp,SF,410.0,522.0,10.0,10.0,0,0,0,0,normal
4.34,udp,ssh,SF,76.0,275.0,25.0,5.0,0,0,0,0,normal
0.71,tcp,ssh,SF,266.0,599.0,21.0,16.0,0,0,0,0,normal
1.72,tcp,ssh,REJ,0.0,385.0,12.0,7.0,0,0,0,0,normal
0.13,udp,ssh,SF,0.0,322.0,9.0,14.0,0,0,0,0,normal
2.42,tcp,ssh,SF,377.0,532.0,8.0,10.0,1,0,0,0,normal
0.13,icmp,http,S0,4341.0,0.0,34.0,76.0,1,0,1,0,attack
0.3,icmp,private,S0,2978.0,42.0,23.0,46.0,3,0,2,0,attack
0.35,tcp,dns,REJ,708.0,712.0,5.0,9.0,0,0,0,0,normal
1.97,icmp,http,SF,357.0,608.0,7.0,11.0,0,0,0,0,normal
0.15,tcp,http,REJ,6515.0,107.0,39.0,55.0,0,0,1,0,attack
5.72,tcp,smtp,S0,211.0,290.0,5.0,8.0,0,0,0,0,normal
0.04,tcp,http,S0,3338.0,126.0,34.0,65.0,0,0,1,0,attack
0.86,tcp,http,SF,765.0,513.0,6.0,11.0,0,0,0,0,normal
2.2,tcp,http,SF,0.0,593.0,11.0,16.0,0,0,0,0,normal
4.08,tcp,dns,SF,515.0,820.0,0.0,3.0,0,0,0,0,normal
1.2,udp,smtp,SF,271.0,532.0,9.0,2.0,0,0,0,0,normal
0.03,icmp,http,RSTO,3078.0,144.0,46.0,38.0,3,0,2,0,attack
0.23,tcp,private,RSTO,3194.0,20.0,60.0,57.0,1,0,0,0,attack
1.24,udp,ftp,S0,5384.0,7.0,77.0,22.0,1,0,1,0,attack
0.16,tcp,http,SF,28.0,590.0,14.0,0.0,1,0,0,0,normal
2.49,tcp,http,SF,589.0,467.0,14.0,12.0,0,0,0,0,normal
0.04,tcp,http,S0,2744.0,20.0,27.0,64.0,1,0,0,0,attack
2.68,tcp,private,SF,778.0,365.0,2.0,18.0,1,0,0,0,normal
4.25,udp,private,SF,0.0,595.0,11.0,9.0,1,0,0,0,normal
0.32,tcp,http,RSTO,4503.0,8.0,48.0,24.0,1,0,0,0,normal
0.0,udp,ftp,SF,350.0,270.0,11.0,2.0,0,0,0,0,normal
0.3,tcp,dns,SF,451.0,374.0,9.0,9.0,0,0,0,0,normal
3.04,tcp,private,RSTO,350.0,658.0,8.0,7.0,0,0,0,0,attack
0.12,tcp,smtp,S0,5763.0,0.0,28.0,20.0,3,0,0,0,attack
0.85,tcp,ftp,SF,736.0,486.0,5.0,7.0,0,0,0,0,normal
0.43,icmp,http,SF,730.0,243.0,17.0,1.0,1,0,0,0,normal
3.09,tcp,http,SF,0.0,470.0,12.0,13.0,0,0,0,0,normal
1.9,tcp,ftp,SF,455.0,423.0,11.0,6.0,0,0,0,0,normal
0.56,tcp,private,REJ,6038.0,15.0,72.0,68.0,1,0,0,0,attack
7.0,tcp,private,RSTO,169.0,795.0,11.0,0.0,0,0,0,0,normal
0.24,icmp,http,S0,4836.0,106.0,52.0,54.0,0,0,1,0,attack
0.43,tcp,private,SF,5297.0,0.0,49.0,18.0,1,0,0,0,attack
0.21,udp,http,REJ,1534.0,0.0,71.0,22.0,1,0,0,0,attack
0.82,udp,ssh,SF,230.0,573.0,2.0,0.0,1,0,0,0,normal
0.83,tcp,smtp,SF,0.0,363.0,11.0,16.0,0,0,0,0,normal
0.28,icmp,private,SF,208.0,697.0,12.0,5.0,0,0,0,0,normal
0.15,udp,http,SF,3811.0,20.0,80.0,37.0,0,0,1,0,normal
4.0,tcp,smtp,SF,73.0,349.0,9.0,5.0,0,0,0,0,normal
1.3,tcp,private,RSTO,922.0,598.0,11.0,12.0,1,0,0,0,normal
6.36,tcp,dns,SF,261.0,253.0,17.0,9.0,0,0,0,0,normal
0.39,tcp,http,SF,0.0,456.0,15.0,0.0,0,0,0,0,normal
0.18,udp,http,REJ,5290.0,180.0,26.0,60.0,1,0,2,0,attack
3.54,udp,ftp,SF,189.0,613.0,5.0,13.0,0,0,0,0,normal
5.71,tcp,http,SF,463.0,556.0,4.0,0.0,1,0,0,0,attack
2.71,tcp,dns,SF,418.0,556.0,5.0,4.0,0,0,0,0,normal
0.87,tcp,ssh,SF,0.0,600.0,10.0,5.0,0,0,0,0,normal
0.46,tcp,smtp,REJ,2642.0,99.0,39.0,23.0,1,0,0,0,normal
0.49,tcp,private,S0,7465.0,70.0,51.0,69.0,1,0,1,0,attack
0.05,tcp,dns,SF,415.0,666.0,9.0,9.0,0,0,0,0,normal
2.16,tcp,ftp,SF,686.0,260.0,1.0,16.0,0,0,0,0,normal
1.56,tcp,private,SF,159.0,666.0,7.0,8.0,1,0,0,0,normal
3.59,tcp,smtp,SF,275.0,372.0,15.0,6.0,0,0,0,0,normal
0.3,icmp,http,REJ,1558.0,77.0,70.0,64.0,3,0,2,0,attack
3.81,tcp,smtp,SF,283.0,513.0,11.0,13.0,1,0,0,0,normal
3.29,tcp,http,SF,196.0,523.0,3.0,14.0,0,0,0,0,normal
0.88,tcp,ftp,SF,791.0,385.0,9.0,10.0,0,0,0,0,normal
0.2,icmp,http,S0,6170.0,17.0,71.0,34.0,2,1,0,0,attack
1.47,tcp,ssh,RSTO,355.0,403.0,6.0,10.0,1,0,0,0,normal
0.19,tcp,ssh,RSTO,130.0,389.0,10.0,3.0,1,0,0,0,normal
0.32,udp,ftp,SF,318.0,468.0,0.0,7.0,0,0,0,0,normal
1.94,tcp,http,REJ,495.0,130.0,5.0,0.0,0,0,0,0,normal
0.65,tcp,ssh,SF,0.0,561.0,1.0,6.0,0,0,0,0,normal
0.16,tcp,smtp,SF,372.0,434.0,0.0,12.0,0,0,0,0,attack
2.54,tcp,ftp,S0,382.0,510.0,2.0,12.0,0,0,0,0,normal
3.48,tcp,http,SF,547.0,468.0,7.0,0.0,0,0,0,0,normal
0.27,tcp,dns,SF,0.0,459.0,11.0,2.0,0,0,0,0,normal
3.16,icmp,ssh,REJ,70.0,480.0,12.0,5.0,0,0,0,0,normal
1.07,tcp,ftp,SF,360.0,676.0,10.0,10.0,0,0,0,0,normal
0.78,tcp,ssh,S0,326.0,374.0,15.0,5.0,0,0,0,0,normal
0.03,icmp,private,S0,5495.0,46.0,28.0,28.0,1,0,0,0,attack
0.56,udp,private,REJ,2137.0,0.0,36.0,60.0,0,0,2,0,attack
3.11,tcp,smtp,SF,147.0,292.0,15.0,2.0,0,0,0,0,normal
0.16,tcp,http,S0,1684.0,156.0,65.0,30.0,1,0,2,0,attack
6.02,icmp,ftp,SF,380.0,316.0,12.0,3.0,0,0,0,0,normal
0.29,icmp,ftp,RSTO,3275.0,0.0,21.0,74.0,2,0,1,0,attack
1.33,tcp,http,RSTO,421.0,430.0,12.0,14.0,0,0,0,0,normal
2.07,tcp,ftp,SF,117.0,138.0,5.0,13.0,0,0,0,0,normal
0.71,tcp,http,REJ,6882.0,39.0,30.0,47.0,3,0,1,0,attack
1.21,tcp,ssh,SF,0.0,386.0,2.0,10.0,0,0,0,0,normal
3.29,tcp,dns,SF,743.0,400.0,3.0,0.0,0,0,0,0,normal
1.38,udp,ssh,SF,122.0,501.0,8.0,10.0,0,0,0,0,normal
0.37,tcp,dns,SF,674.0,381.0,14.0,3.0,0,0,0,0,normal
2.19,tcp,ssh,REJ,740.0,515.0,8.0,13.0,0,0,0,0,normal
4.0,tcp,dns,SF,540.0,657.0,5.0,13.0,0,0,0,0,normal
1.58,tcp,smtp,SF,708.0,376.0,13.0,14.0,0,0,0,0,normal
0.59,tcp,ftp,REJ,3705.0,8.0,21.0,22.0,3,0,1,0,normal
1.58,tcp,smtp,SF,0.0,570.0,2.0,7.0,0,0,0,0,normal
0.24,icmp,private,REJ,3793.0,144.0,58.0,50.0,0,0,1,0,attack
5.84,tcp,dns,SF,0.0,504.0,9.0,3.0,0,0,0,0,normal
0.32,tcp,smtp,SF,238.0,491.0,10.0,5.0,0,0,0,0,normal
0.72,tcp,ssh,SF,450.0,228.0,4.0,6.0,0,0,0,0,normal
4.66,tcp,smtp,SF,473.0,590.0,0.0,3.0,0,0,0,0,normal
0.57,tcp,http,S0,4129.0,61.0,27.0,18.0,1,0,0,0,normal
6.83,tcp,ftp,SF,72.0,655.0,12.0,2.0,0,0,0,0,normal
1.47,udp,ftp,SF,151.0,426.0,2.0,8.0,1,0,0,0,normal
0.1,tcp,http,S0,111.0,644.0,2.0,2.0,0,0,0,0,normal
0.29,icmp,ftp,REJ,214.0,618.0,2.0,5.0,0,0,0,0,normal
0.2,icmp,private,S0,544.0,0.0,53.0,73.0,2,0,2,0,attack
0.63,tcp,smtp,SF,330.0,625.0,0.0,10.0,0,0,0,0,normal
0.46,icmp,private,RSTO,5815.0,105.0,41.0,47.0,3,0,0,0,attack
0.03,icmp,dns,SF,4998.0,53.0,61.0,47.0,1,1,2,0,attack
0.13,udp,ssh,REJ,3114.0,28.0,36.0,37.0,0,0,0,0,attack
0.81,tcp,ssh,SF,562.0,611.0,6.0,10.0,0,0,0,0,normal
0.1,icmp,ftp,S0,5245.0,29.0,45.0,35.0,0,0,0,0,attack
1.32,tcp,private,SF,88.0,206.0,0.0,1.0,0,0,0,0,normal
3.36,tcp,http,SF,254.0,645.0,7.0,7.0,0,0,0,0,normal
3.38,tcp,dns,S0,377.0,433.0,4.0,8.0,0,0,0,0,normal
0.33,icmp,http,S0,3497.0,103.0,69.0,49.0,1,0,0,0,attack
0.11,icmp,http,REJ,5768.0,7.0,51.0,20.0,2,0,0,0,attack
0.02,udp,http,S0,2791.0,12.0,40.0,59.0,2,0,2,0,attack
0.05,icmp,http,REJ,4396.0,53.0,61.0,61.0,2,0,0,0,attack
0.42,udp,http,SF,0.0,394.0,1.0,0.0,0,0,0,0,normal
0.61,tcp,smtp,SF,304.0,525.0,11.0,15.0,1,0,0,0,normal
0.09,tcp,http,SF,0.0,427.0,16.0,8.0,0,0,0,0,normal
0.4,tcp,http,S0,3850.0,5.0,60.0,46.0,1,0,1,0,attack
0.49,udp,http,SF,335.0,596.0,0.0,4.0,0,0,0,0,normal
0.29,tcp,smtp,SF,387.0,474.0,0.0,11.0,0,0,0,0,normal
1.26,tcp,ftp,SF,732.0,592.0,8.0,0.0,0,0,0,0,normal
0.61,tcp,dns,REJ,304.0,544.0,1.0,3.0,1,0,0,0,normal
0.26,icmp,http,REJ,3109.0,49.0,30.0,58.0,1,0,0,0,normal
1.85,tcp,ssh,REJ,285.0,532.0,5.0,3.0,0,0,0,0,normal
0.49,udp,smtp,SF,534.0,379.0,5.0,13.0,0,0,0,0,normal
0.38,udp,http,S0,3290.0,225.0,25.0,39.0,1,0,2,0,attack
1.11,tcp,smtp,SF,54.0,504.0,7.0,6.0,0,0,0,0,normal
0.8,tcp,private,SF,4445.0,63.0,62.0,65.0,1,0,0,0,attack
0.05,tcp,smtp,REJ,4924.0,83.0,52.0,57.0,1,0,0,0,attack
0.28,tcp,ftp,SF,391.0,308.0,13.0,12.0,0,0,0,0,normal
2.74,tcp,ftp,SF,344.0,641.0,9.0,10.0,0,0,0,0,attack
0.28,udp,smtp,SF,639.0,553.0,13.0,13.0,0,0,0,0,normal
8.06,tcp,smtp,SF,247.0,508.0,8.0,20.0,0,0,0,0,normal
7.0,tcp,smtp,SF,180.0,507.0,1.0,8.0,0,0,0,0,normal
0.9,tcp,private,SF,0.0,117.0,15.0,1.0,0,0,0,0,normal
1.24,tcp,private,SF,497.0,541.0,12.0,20.0,0,0,0,0,normal
0.53,tcp,private,SF,199.0,569.0,14.0,12.0,0,0,0,0,normal
0.07,tcp,http,S0,4995.0,147.0,68.0,49.0,1,0,1,0,attack
1.82,udp,ftp,RSTO,219.0,446.0,12.0,6.0,1,0,0,0,normal
0.22,icmp,private,REJ,5693.0,38.0,70.0,40.0,3,0,0,0,attack
6.54,tcp,http,SF,654.0,543.0,11.0,0.0,0,0,0,0,normal
3.55,tcp,ssh,SF,227.0,665.0,9.0,13.0,0,0,0,0,normal
2.03,tcp,ftp,SF,518.0,744.0,4.0,11.0,1,0,0,0,normal
0.73,tcp,http,SF,483.0,332.0,3.0,4.0,0,0,0,0,normal
0.3,icmp,dns,REJ,4380.0,101.0,45.0,19.0,0,0,0,0,attack
9.14,tcp,dns,SF,299.0,662.0,3.0,8.0,0,0,0,0,normal
0.74,tcp,private,SF,138.0,642.0,8.0,12.0,0,0,0,0,normal
4.19,tcp,private,SF,79.0,481.0,11.0,0.0,0,0,0,0,normal
0.7,tcp,http,S0,3816.0,68.0,21.0,44.0,3,0,0,0,attack
2.65,udp,smtp,REJ,1101.0,438.0,2.0,3.0,0,0,0,0,normal
0.11,icmp,ssh,REJ,4920.0,25.0,54.0,71.0,1,0,0,0,attack
0.54,tcp,ssh,REJ,6458.0,13.0,64.0,79.0,1,1,0,0,attack
3.18,udp,dns,REJ,208.0,581.0,4.0,13.0,0,0,0,0,normal
0.14,tcp,smtp,SF,338.0,579.0,7.0,21.0,1,0,0,0,normal
1.17,udp,dns,S0,0.0,535.0,0.0,4.0,0,0,0,0,normal
1.47,udp,http,SF,0.0,687.0,13.0,10.0,0,0,0,0,normal
4.4,icmp,smtp,SF,261.0,551.0,11.0,8.0,0,0,0,0,normal
0.77,tcp,http,SF,349.0,451.0,4.0,4.0,0,0,0,0,normal
6.8,tcp,dns,SF,642.0,404.0,12.0,2.0,0,0,0,0,normal
1.79,tcp,ftp,SF,458.0,462.0,2.0,8.0,0,0,0,0,normal
1.42,udp,smtp,SF,361.0,468.0,5.0,12.0,1,0,0,0,normal
5.55,tcp,http,S0,470.0,295.0,11.0,11.0,1,0,0,0,normal
1.31,tcp,dns,SF,363.0,806.0,12.0,8.0,1,0,0,0,normal
0.55,tcp,http,RSTO,187.0,740.0,18.0,10.0,0,0,0,0,normal
0.18,tcp,http,S0,3669.0,34.0,17.0,22.0,2,0,0,0,attack
0.0,icmp,private,S0,3358.0,51.0,76.0,38.0,3,0,0,0,attack
6.52,tcp,dns,S0,197.0,506.0,10.0,0.0,0,0,0,0,normal
1.29,tcp,dns,SF,429.0,320.0,4.0,0.0,1,0,0,0,normal
0.11,tcp,ftp,RSTO,1427.0,68.0,38.0,63.0,0,0,1,0,attack
0.43,tcp,ftp,SF,0.0,675.0,10.0,0.0,0,0,0,0,normal
1.24,udp,http,SF,683.0,343.0,14.0,3.0,1,0,0,0,normal
0.77,tcp,ftp,SF,610.0,484.0,17.0,9.0,0,0,0,0,normal
1.25,icmp,dns,SF,142.0,662.0,8.0,3.0,1,0,0,0,normal
1.14,tcp,ftp,SF,362.0,569.0,12.0,12.0,1,0,0,0,normal
0.1,udp,http,REJ,5582.0,134.0,32.0,32.0,0,0,0,0,attack
0.65,tcp,http,RSTO,5116.0,70.0,65.0,70.0,0,0,0,0,attack
1.17,tcp,smtp,SF,328.0,350.0,6.0,16.0,0,0,0,0,normal
0.06,udp,ftp,SF,227.0,679.0,7.0,13.0,1,0,0,0,normal
0.06,udp,private,S0,2097.0,16.0,68.0,48.0,0,0,0,0,attack
3.89,tcp,http,SF,543.0,371.0,7.0,9.0,0,0,0,0,normal
0.15,tcp,ssh,REJ,3371.0,1.0,37.0,44.0,3,0,1,0,attack
0.2,tcp,http,S0,4361.0,141.0,50.0,51.0,0,0,0,0,attack
0.54,tcp,private,SF,704.0,222.0,7.0,13.0,0,0,0,0,normal
1.42,tcp,http,SF,178.0,770.0,1.0,5.0,0,0,0,0,normal
2.46,tcp,http,SF,38.0,616.0,9.0,9.0,0,0,0,0,attack
2.94,tcp,smtp,SF,184.0,401.0,13.0,10.0,0,0,0,0,normal
0.52,icmp,ftp,SF,2456.0,46.0,42.0,66.0,2,0,1,0,attack
0.06,icmp,dns,REJ,5574.0,70.0,76.0,54.0,0,0,0,0,attack
1.54,udp,ssh,SF,704.0,449.0,11.0,15.0,0,0,0,0,normal
0.12,tcp,private,S0,4354.0,0.0,47.0,50.0,0,0,0,0,normal
0.29,icmp,http,REJ,3671.0,15.0,41.0,60.0,0,0,0,0,attack
3.13,tcp,private,SF,676.0,265.0,2.0,4.0,0,0,0,0,normal
0.93,icmp,private,REJ,3836.0,0.0,50.0,46.0,3,0,0,0,attack
0.09,tcp,http,S0,3171.0,85.0,76.0,55.0,3,0,0,1,attack
1.7,tcp,http,SF,522.0,609.0,6.0,0.0,1,0,0,0,normal
0.83,tcp,ssh,SF,832.0,481.0,2.0,0.0,0,0,0,0,normal
0.98,tcp,ftp,S0,4256.0,53.0,26.0,30.0,2,0,0,0,attack
0.72,tcp,ftp,SF,954.0,741.0,12.0,16.0,0,0,0,0,normal
0.09,tcp,private,S0,5390.0,17.0,65.0,42.0,0,0,0,0,attack
0.16,tcp,http,SF,4322.0,115.0,53.0,38.0,2,0,0,0,attack
0.27,tcp,ssh,SF,471.0,782.0,6.0,9.0,1,0,0,0,normal
3.5,udp,dns,SF,517.0,505.0,5.0,9.0,0,0,0,0,normal
4.5,udp,ftp,SF,199.0,398.0,0.0,0.0,0,0,0,0,normal
0.2,icmp,smtp,SF,4595.0,73.0,36.0,78.0,0,0,0,0,attack
0.17,udp,smtp,REJ,40.0,701.0,0.0,7.0,1,0,0,0,attack
0.27,icmp,http,REJ,2457.0,54.0,43.0,43.0,0,0,0,0,attack
0.05,tcp,http,SF,2799.0,99.0,80.0,23.0,1,1,1,0,attack
0.18,tcp,http,S0,4494.0,27.0,56.0,78.0,0,0,0,0,attack
2.1,tcp,http,SF,122.0,368.0,12.0,0.0,1,0,0,0,normal
0.39,tcp,private,REJ,6066.0,108.0,36.0,65.0,3,0,1,0,attack
2.06,tcp,http,SF,381.0,745.0,15.0,3.0,0,0,0,0,normal
0.98,tcp,ftp,SF,256.0,898.0,7.0,3.0,0,0,0,0,normal
1.07,udp,private,S0,711.0,230.0,4.0,8.0,1,0,0,0,normal
0.54,udp,http,S0,3054.0,7.0,41.0,72.0,3,0,0,0,attack
0.94,tcp,private,REJ,5576.0,23.0,30.0,32.0,0,0,0,0,attack
0.33,tcp,ssh,S0,0.0,269.0,8.0,14.0,0,0,0,0,normal
0.41,tcp,ftp,SF,79.0,447.0,4.0,12.0,0,0,0,0,normal
0.02,udp,private,S0,6064.0,93.0,69.0,70.0,0,0,2,0,attack
0.15,tcp,ftp,SF,62.0,485.0,13.0,3.0,0,0,0,0,normal
0.33,udp,http,SF,175.0,408.0,13.0,5.0,0,0,0,0,normal
0.16,tcp,private,S0,1912.0,21.0,70.0,28.0,0,0,0,0,attack
0.15,tcp,http,S0,4624.0,87.0,76.0,23.0,1,0,1,0,attack
3.8,udp,dns,SF,0.0,602.0,5.0,7.0,1,0,0,0,normal
6.06,udp,dns,RSTO,0.0,450.0,6.0,3.0,0,0,0,0,normal
2.62,tcp,http,SF,163.0,474.0,1.0,18.0,0,0,0,0,normal
1.16,udp,dns,SF,289.0,424.0,7.0,9.0,0,0,0,0,normal
0.85,tcp,ssh,SF,838.0,584.0,7.0,10.0,1,0,0,0,normal
1.15,udp,smtp,SF,432.0,276.0,0.0,5.0,0,0,0,0,normal
4.55,tcp,ssh,SF,34.0,611.0,5.0,7.0,0,0,0,0,normal
13.21,tcp,dns,SF,111.0,783.0,4.0,8.0,0,0,0,0,normal
1.7,udp,ssh,SF,0.0,598.0,9.0,16.0,0,0,0,0,attack
3.0,tcp,smtp,SF,0.0,643.0,14.0,0.0,1,0,0,0,normal
0.31,tcp,ftp,S0,238.0,406.0,5.0,12.0,1,0,0,0,normal
1.16,tcp,http,S0,341.0,674.0,8.0,0.0,0,0,0,0,normal
1.02,tcp,private,SF,89.0,330.0,18.0,10.0,0,0,0,0,normal
0.2,tcp,ftp,S0,4534.0,13.0,71.0,33.0,0,0,0,0,attack
0.89,udp,smtp,SF,643.0,424.0,5.0,6.0,1,0,0,0,normal
0.81,tcp,smtp,SF,13.0,467.0,1.0,9.0,0,0,0,0,normal
2.68,udp,ssh,SF,107.0,288.0,6.0,11.0,0,0,0,0,normal
1.8,tcp,ftp,SF,37.0,423.0,10.0,5.0,0,0,0,0,normal
1.78,tcp,ftp,SF,672.0,790.0,14.0,4.0,0,0,0,0,normal
1.88,tcp,ftp,RSTO,221.0,629.0,5.0,9.0,0,0,0,0,normal
0.11,tcp,http,SF,2958.0,102.0,53.0,38.0,0,0,1,0,attack
0.42,udp,http,SF,146.0,373.0,2.0,8.0,0,0,0,0,normal
1.71,tcp,private,SF,0.0,747.0,15.0,12.0,1,0,0,0,normal
2.53,udp,smtp,SF,34.0,340.0,6.0,17.0,1,0,0,0,normal
1.2,tcp,dns,SF,841.0,651.0,10.0,19.0,0,0,0,0,normal
3.46,tcp,http,SF,396.0,471.0,0.0,14.0,0,0,0,0,normal
0.61,tcp,private,SF,454.0,438.0,11.0,1.0,0,0,0,0,normal
2.73,tcp,dns,SF,342.0,397.0,13.0,2.0,0,0,0,0,normal
0.22,tcp,private,SF,129.0,425.0,1.0,0.0,0,0,0,0,normal
0.4,icmp,http,REJ,2627.0,0.0,39.0,26.0,3,0,0,0,attack
4.13,tcp,http,SF,472.0,541.0,11.0,1.0,0,0,0,0,normal
4.78,tcp,ftp,SF,83.0,390.0,7.0,12.0,0,0,0,0,normal
2.07,tcp,smtp,RSTO,426.0,719.0,13.0,1.0,0,0,0,0,normal
4.13,tcp,smtp,SF,121.0,592.0,9.0,7.0,0,0,0,0,normal
2.85,udp,dns,SF,373.0,582.0,0.0,13.0,0,0,0,0,attack
9.19,tcp,private,RSTO,306.0,578.0,13.0,1.0,0,0,0,0,normal
0.19,tcp,private,S0,2368.0,16.0,43.0,47.0,2,0,1,0,attack
1.8,tcp,http,SF,220.0,473.0,8.0,10.0,0,0,0,0,normal
0.2,tcp,ftp,REJ,2640.0,82.0,53.0,25.0,2,1,0,0,attack
2.06,tcp,ftp,SF,340.0,246.0,3.0,4.0,0,0,0,0,normal
6.17,udp,private,SF,41.0,605.0,13.0,9.0,0,0,0,0,normal
1.43,tcp,ftp,SF,703.0,483.0,7.0,11.0,1,0,0,0,normal
0.27,tcp,smtp,REJ,5572.0,106.0,68.0,57.0,2,0,2,0,attack
2.44,udp,ssh,SF,221.0,707.0,4.0,3.0,0,0,0,0,normal
3.47,tcp,smtp,SF,418.0,307.0,8.0,9.0,0,0,0,0,normal
0.31,tcp,http,REJ,2333.0,9.0,17.0,40.0,0,0,0,0,attack
2.33,tcp,ftp,SF,0.0,238.0,1.0,9.0,0,0,0,0,normal
2.61,tcp,dns,SF,224.0,727.0,19.0,4.0,0,0,0,0,normal
2.73,udp,dns,SF,691.0,617.0,11.0,15.0,1,0,0,0,normal
0.54,tcp,dns,S0,3773.0,58.0,69.0,26.0,2,1,0,0,attack
1.47,udp,private,SF,213.0,542.0,25.0,4.0,0,0,0,0,normal
2.04,tcp,smtp,REJ,746.0,357.0,1.0,5.0,0,0,0,0,normal
0.63,tcp,http,S0,4128.0,55.0,32.0,80.0,0,0,0,0,attack
0.04,tcp,smtp,S0,432.0,571.0,16.0,18.0,1,0,0,0,normal
2.05,tcp,ssh,SF,685.0,820.0,15.0,11.0,1,0,0,0,normal
0.01,tcp,dns,S0,4498.0,79.0,53.0,66.0,3,1,0,0,attack
0.22,udp,ftp,SF,0.0,276.0,6.0,10.0,1,0,0,0,normal
0.04,icmp,private,S0,4813.0,0.0,31.0,62.0,0,0,0,0,attack
0.17,tcp,http,SF,2761.0,0.0,64.0,22.0,0,0,1,0,attack
4.31,tcp,ssh,SF,279.0,472.0,12.0,17.0,0,0,0,0,normal
5.36,tcp,ssh,SF,14.0,522.0,10.0,19.0,1,0,0,0,normal
2.84,tcp,ssh,SF,0.0,460.0,7.0,9.0,0,0,0,0,normal
0.54,tcp,private,SF,412.0,660.0,4.0,11.0,0,0,0,0,normal
0.08,tcp,private,SF,5408.0,57.0,53.0,35.0,0,0,0,0,attack
4.88,udp,ssh,SF,309.0,574.0,5.0,17.0,0,0,0,0,normal
5.9,udp,http,SF,563.0,507.0,16.0,6.0,0,0,0,0,normal
0.02,tcp,private,S0,2906.0,3.0,64.0,65.0,0,0,1,0,attack
0.85,tcp,ftp,SF,315.0,557.0,4.0,8.0,0,0,0,0,normal
3.23,udp,private,SF,657.0,537.0,9.0,1.0,0,0,0,0,normal
2.41,udp,http,SF,540.0,217.0,20.0,10.0,1,0,0,0,normal
0.02,tcp,private,REJ,4727.0,0.0,27.0,78.0,1,0,0,0,attack
0.86,udp,private,SF,487.0,397.0,2.0,0.0,0,0,0,0,normal
0.35,tcp,private,S0,3236.0,90.0,26.0,60.0,0,0,1,0,attack
0.38,udp,ftp,SF,0.0,363.0,8.0,17.0,1,0,0,0,normal
2.54,tcp,ssh,SF,126.0,497.0,7.0,4.0,1,0,0,0,normal
2.57,tcp,http,SF,238.0,262.0,3.0,6.0,0,0,0,0,normal
1.85,icmp,http,SF,287.0,252.0,7.0,16.0,0,0,0,0,normal
1.07,tcp,private,SF,216.0,394.0,5.0,7.0,0,0,0,0,normal
1.26,tcp,smtp,SF,221.0,456.0,5.0,16.0,0,0,0,0,normal
2.53,tcp,smtp,SF,485.0,298.0,2.0,13.0,0,0,0,0,normal
0.7,tcp,dns,RSTO,332.0,610.0,6.0,8.0,0,0,0,0,normal
0.41,udp,ssh,REJ,1366.0,116.0,31.0,40.0,2,0,0,0,attack
0.15,udp,ssh,SF,149.0,446.0,0.0,12.0,0,0,0,0,normal
1.54,icmp,dns,S0,5091.0,103.0,50.0,32.0,1,0,1,0,attack
1.6,tcp,private,SF,0.0,815.0,10.0,3.0,0,0,0,0,normal
0.53,tcp,smtp,RSTO,116.0,585.0,11.0,4.0,0,0,0,0,normal
2.46,tcp,private,SF,178.0,282.0,8.0,5.0,0,0,0,0,normal
0.89,tcp,private,SF,196.0,287.0,4.0,11.0,0,0,0,0,normal
0.53,tcp,dns,SF,322.0,337.0,14.0,0.0,1,0,0,0,normal
2.84,tcp,smtp,SF,0.0,461.0,10.0,6.0,0,0,0,0,normal
0.01,tcp,smtp,S0,2185.0,0.0,29.0,45.0,3,0,0,0,attack
0.53,icmp,smtp,RSTO,2147.0,71.0,25.0,63.0,2,0,0,0,attack
0.1,udp,private,S0,5512.0,0.0,17.0,60.0,1,0,0,0,attack
2.3,tcp,dns,SF,616.0,476.0,2.0,3.0,0,0,0,0,normal
0.43,icmp,http,SF,91.0,534.0,9.0,0.0,0,0,0,0,normal
0.06,icmp,ftp,S0,4419.0,23.0,30.0,51.0,1,0,0,1,attack
1.22,tcp,dns,SF,61.0,333.0,7.0,2.0,1,0,0,0,normal
2.12,udp,http,SF,258.0,683.0,10.0,10.0,1,0,0,0,normal
2.12,tcp,private,SF,761.0,408.0,7.0,3.0,0,0,0,0,normal
0.08,tcp,private,S0,2765.0,75.0,48.0,82.0,0,0,0,0,attack
0.76,tcp,private,SF,270.0,315.0,8.0,11.0,0,0,0,0,normal
1.56,tcp,ssh,SF,406.0,290.0,3.0,21.0,1,0,0,0,attack
2.37,tcp,ftp,SF,771.0,518.0,7.0,1.0,0,0,0,0,attack
1.2,udp,ftp,SF,386.0,485.0,6.0,5.0,0,0,0,0,normal
0.47,icmp,ssh,S0,4150.0,104.0,22.0,63.0,1,0,0,0,attack
0.07,udp,private,RSTO,3154.0,24.0,39.0,26.0,0,0,0,0,attack
1.93,tcp,ftp,SF,54.0,466.0,12.0,0.0,1,0,0,0,normal
1.45,tcp,http,SF,0.0,795.0,5.0,9.0,0,0,0,0,normal
0.14,tcp,smtp,SF,0.0,562.0,6.0,12.0,0,0,0,0,normal
0.12,tcp,dns,SF,255.0,165.0,3.0,12.0,0,0,0,0,normal
0.72,udp,ssh,SF,640.0,365.0,9.0,15.0,1,0,0,0,normal
3.71,tcp,ftp,REJ,365.0,482.0,1.0,0.0,0,0,0,0,normal
0.29,tcp,smtp,S0,2481.0,162.0,53.0,21.0,3,1,0,0,attack
0.16,tcp,dns,SF,926.0,759.0,9.0,10.0,0,0,0,0,normal
1.18,tcp,http,RSTO,297.0,630.0,9.0,7.0,0,0,0,0,normal
0.97,udp,http,SF,417.0,724.0,4.0,9.0,1,0,0,0,normal
9.46,icmp,private,SF,385.0,617.0,8.0,10.0,0,0,0,0,normal
0.64,icmp,ftp,RSTO,3166.0,73.0,24.0,29.0,1,1,2,0,attack
2.63,icmp,private,SF,151.0,682.0,8.0,1.0,0,0,0,0,normal
2.21,tcp,http,S0,137.0,712.0,18.0,10.0,0,0,0,0,normal
3.08,tcp,private,S0,544.0,591.0,5.0,19.0,0,0,0,0,normal
0.18,tcp,private,SF,6226.0,0.0,37.0,70.0,2,0,1,0,attack
0.01,icmp,private,RSTO,2942.0,105.0,40.0,54.0,2,0,0,1,attack
0.19,tcp,private,SF,4192.0,0.0,78.0,29.0,1,0,1,0,attack
0.09,icmp,http,SF,5552.0,197.0,73.0,32.0,1,0,0,0,attack
1.86,tcp,ssh,SF,0.0,552.0,21.0,2.0,0,0,0,0,normal
0.54,icmp,smtp,SF,561.0,724.0,11.0,10.0,0,0,0,0,normal
0.59,tcp,dns,S0,337.0,498.0,7.0,9.0,0,0,0,0,normal
0.13,tcp,http,S0,2734.0,110.0,52.0,68.0,2,1,1,0,attack
0.17,tcp,http,S0,4252.0,133.0,28.0,48.0,1,0,0,0,attack
3.18,tcp,private,SF,649.0,520.0,11.0,9.0,1,0,0,0,normal
2.26,tcp,dns,SF,444.0,452.0,5.0,12.0,1,0,0,0,normal
3.9,tcp,ftp,SF,174.0,457.0,13.0,0.0,0,0,0,0,normal
0.06,icmp,http,S0,3607.0,35.0,51.0,34.0,3,1,0,0,attack
12.48,tcp,dns,SF,0.0,503.0,2.0,6.0,0,0,0,0,normal
0.8,tcp,ftp,SF,383.0,702.0,3.0,13.0,0,0,0,0,normal
4.28,tcp,http,SF,347.0,391.0,14.0,20.0,0,0,0,0,normal
0.21,tcp,ssh,SF,0.0,848.0,11.0,10.0,0,0,0,0,normal
0.17,tcp,dns,S0,2887.0,80.0,63.0,27.0,0,0,2,0,attack
0.66,tcp,ftp,SF,374.0,603.0,10.0,12.0,1,0,0,0,normal
4.46,tcp,ftp,SF,540.0,422.0,19.0,2.0,0,0,0,0,normal
4.62,tcp,ftp,SF,222.0,631.0,8.0,1.0,0,0,0,0,normal
0.3,tcp,ftp,S0,1884.0,54.0,56.0,75.0,1,0,0,0,attack
0.57,tcp,http,S0,4716.0,0.0,38.0,19.0,0,0,2,0,attack
0.02,tcp,http,S0,1956.0,126.0,67.0,68.0,1,0,0,0,attack
0.03,icmp,ssh,S0,4314.0,64.0,85.0,55.0,1,1,0,0,attack
0.09,icmp,ftp,REJ,3575.0,60.0,35.0,23.0,0,0,1,0,attack
0.51,tcp,dns,SF,570.0,240.0,5.0,7.0,1,0,0,0,normal
0.23,tcp,smtp,SF,337.0,239.0,16.0,8.0,0,0,0,0,normal
4.18,tcp,ftp,SF,445.0,574.0,13.0,10.0,1,0,0,0,attack
0.38,tcp,smtp,SF,728.0,587.0,6.0,4.0,0,0,0,0,normal
1.38,tcp,ftp,SF,0.0,443.0,0.0,3.0,0,0,0,0,normal
0.28,tcp,http,S0,4522.0,93.0,35.0,28.0,1,0,0,0,normal
0.04,icmp,ssh,RSTO,3467.0,38.0,37.0,67.0,3,0,0,0,attack
0.85,tcp,ftp,SF,75.0,651.0,10.0,0.0,1,0,0,0,normal
0.27,icmp,http,REJ,3563.0,0.0,27.0,27.0,3,0,1,0,attack
6.07,tcp,smtp,SF,208.0,446.0,0.0,7.0,0,0,0,0,normal
0.04,tcp,smtp,REJ,4569.0,22.0,48.0,43.0,0,1,1,0,attack
0.37,tcp,private,SF,503.0,475.0,4.0,8.0,0,0,0,0,normal
0.25,tcp,http,SF,198.0,637.0,5.0,0.0,1,0,0,0,normal
0.08,udp,smtp,SF,0.0,298.0,4.0,9.0,0,0,0,0,normal
0.88,tcp,smtp,SF,0.0,128.0,9.0,1.0,0,0,0,0,normal
0.52,icmp,http,REJ,6293.0,2.0,49.0,28.0,0,1,0,0,attack
2.26,tcp,dns,SF,0.0,567.0,15.0,2.0,1,0,0,0,normal
1.5,udp,smtp,REJ,135.0,612.0,7.0,1.0,0,0,0,0,normal
1.22,tcp,private,REJ,338.0,704.0,14.0,12.0,1,0,0,0,normal
0.88,tcp,dns,SF,383.0,486.0,10.0,19.0,0,0,0,0,normal
8.02,tcp,private,RSTO,383.0,371.0,17.0,9.0,0,0,0,0,normal
0.15,tcp,smtp,SF,254.0,686.0,7.0,9.0,1,0,0,0,normal
1.47,tcp,smtp,SF,243.0,456.0,16.0,1.0,0,0,0,0,normal
4.99,udp,dns,SF,223.0,633.0,7.0,3.0,1,0,0,0,normal
3.15,tcp,ftp,SF,554.0,661.0,12.0,10.0,1,0,0,0,normal
0.38,icmp,ssh,SF,162.0,302.0,8.0,12.0,0,0,0,0,normal
1.76,udp,private,SF,0.0,373.0,12.0,12.0,0,0,0,0,normal
2.26,udp,smtp,SF,253.0,709.0,6.0,10.0,0,0,0,0,normal
0.27,tcp,ftp,SF,526.0,440.0,2.0,4.0,0,0,0,0,normal
0.26,udp,private,RSTO,3788.0,128.0,68.0,21.0,0,0,0,0,attack
0.35,udp,private,S0,3946.0,114.0,48.0,41.0,3,0,0,0,attack
0.3,icmp,ftp,S0,3036.0,131.0,53.0,53.0,2,0,1,0,attack
0.2,icmp,http,S0,4717.0,131.0,66.0,54.0,0,0,0,0,attack
2.62,udp,http,SF,560.0,566.0,7.0,2.0,1,0,0,0,normal
6.67,udp,private,SF,618.0,409.0,2.0,14.0,1,0,0,0,normal
2.23,tcp,http,SF,262.0,348.0,10.0,7.0,1,0,0,0,normal
0.14,icmp,http,S0,7957.0,38.0,26.0,52.0,0,0,0,0,attack
0.42,icmp,http,REJ,5175.0,56.0,28.0,75.0,1,0,1,0,attack
0.23,tcp,dns,SF,162.0,459.0,3.0,9.0,0,0,0,0,normal
0.24,tcp,dns,REJ,7362.0,97.0,38.0,32.0,0,0,0,0,attack
0.15,tcp,ssh,SF,130.0,214.0,17.0,10.0,0,0,0,0,normal
0.67,tcp,smtp,SF,641.0,623.0,18.0,11.0,1,0,0,0,normal
0.92,tcp,dns,SF,231.0,427.0,16.0,0.0,1,0,0,0,normal
0.12,icmp,private,REJ,4567.0,66.0,40.0,24.0,2,0,2,0,attack
4.73,tcp,http,SF,79.0,560.0,2.0,0.0,0,0,0,0,normal
7.23,udp,dns,SF,0.0,765.0,9.0,1.0,0,0,0,0,normal
0.06,icmp,ssh,SF,198.0,648.0,0.0,11.0,0,0,0,0,normal
1.32,tcp,dns,SF,804.0,394.0,0.0,7.0,0,0,0,0,normal
0.75,tcp,private,SF,315.0,361.0,6.0,15.0,0,0,0,0,normal
6.78,tcp,ftp,SF,234.0,453.0,18.0,1.0,0,0,0,0,normal
0.98,tcp,dns,SF,316.0,404.0,4.0,8.0,0,0,0,0,normal
0.07,tcp,ftp,REJ,3370.0,62.0,76.0,34.0,2,1,0,0,attack
6.75,tcp,dns,S0,196.0,325.0,0.0,8.0,0,0,0,0,normal
2.46,udp,ftp,SF,451.0,244.0,10.0,10.0,0,0,0,0,normal
0.48,icmp,ssh,S0,5653.0,6.0,62.0,62.0,3,0,0,0,attack
1.77,udp,dns,REJ,0.0,253.0,12.0,4.0,0,0,0,0,normal
0.49,tcp,dns,SF,184.0,255.0,2.0,1.0,1,0,0,0,attack
0.18,tcp,ftp,S0,4242.0,38.0,30.0,45.0,1,0,2,0,attack
0.59,tcp,dns,SF,348.0,399.0,9.0,11.0,0,0,0,0,normal
0.45,tcp,smtp,S0,3987.0,128.0,79.0,51.0,0,0,0,0,attack
3.71,tcp,http,S0,546.0,448.0,0.0,15.0,0,0,0,0,normal
7.05,tcp,smtp,SF,108.0,512.0,8.0,15.0,1,0,0,0,normal
0.93,icmp,dns,S0,3754.0,0.0,63.0,50.0,1,0,0,0,normal
0.52,tcp,ssh,SF,174.0,407.0,8.0,12.0,1,0,0,0,normal
0.13,tcp,ftp,SF,291.0,550.0,2.0,11.0,0,0,0,0,normal
0.04,icmp,http,S0,4388.0,64.0,69.0,57.0,2,0,2,0,attack
0.97,tcp,http,S0,4834.0,50.0,61.0,42.0,0,0,2,0,attack
0.08,tcp,http,REJ,2632.0,57.0,22.0,45.0,1,0,1,0,attack
2.09,tcp,ssh,SF,946.0,486.0,15.0,0.0,1,0,0,0,normal
1.23,udp,http,SF,378.0,376.0,16.0,0.0,1,0,0,0,normal
0.93,tcp,http,SF,0.0,355.0,7.0,0.0,0,0,0,0,normal
1.21,icmp,http,SF,0.0,549.0,16.0,10.0,0,0,0,0,normal
0.35,udp,http,REJ,3969.0,83.0,34.0,52.0,0,0,2,0,attack
0.01,tcp,http,REJ,2440.0,60.0,70.0,25.0,1,0,0,0,attack
3.99,tcp,dns,SF,638.0,570.0,1.0,0.0,0,0,0,0,normal
0.05,tcp,smtp,SF,4083.0,106.0,75.0,74.0,1,0,0,0,attack
0.39,udp,dns,SF,753.0,619.0,7.0,12.0,1,0,0,0,normal
0.19,tcp,smtp,SF,448.0,343.0,10.0,0.0,1,0,0,0,normal
2.49,tcp,smtp,SF,323.0,627.0,6.0,11.0,0,0,0,0,normal
0.56,udp,smtp,SF,201.0,314.0,4.0,9.0,0,0,0,0,normal
2.8,tcp,dns,SF,532.0,359.0,11.0,1.0,1,0,0,0,normal
0.33,tcp,ssh,SF,116.0,421.0,10.0,17.0,0,0,0,0,normal
0.68,tcp,dns,SF,148.0,499.0,9.0,15.0,1,0,0,0,normal
1.94,tcp,http,SF,260.0,306.0,14.0,11.0,0,0,0,0,normal
0.17,udp,private,REJ,771.0,266.0,2.0,15.0,0,0,0,0,normal
0.67,icmp,http,RSTO,3209.0,122.0,66.0,69.0,0,0,2,0,attack
2.34,tcp,smtp,SF,161.0,829.0,10.0,11.0,1,0,0,0,normal
6.23,tcp,ftp,SF,0.0,550.0,9.0,7.0,1,0,0,0,normal
0.18,tcp,dns,S0,421.0,315.0,6.0,8.0,1,0,0,0,normal
6.39,tcp,ssh,SF,109.0,581.0,12.0,12.0,0,0,0,0,normal
0.52,udp,ftp,SF,445.0,618.0,11.0,10.0,0,0,0,0,normal
0.13,udp,dns,SF,467.0,620.0,12.0,1.0,0,0,0,0,normal
0.73,tcp,smtp,SF,336.0,268.0,14.0,6.0,0,0,0,0,normal
1.79,tcp,private,SF,448.0,551.0,5.0,15.0,0,0,0,0,normal
0.24,tcp,ssh,S0,3177.0,5.0,63.0,41.0,1,0,0,0,attack
2.8,tcp,private,SF,514.0,501.0,9.0,7.0,0,0,0,0,normal
2.24,tcp,dns,SF,536.0,801.0,15.0,7.0,1,0,0,0,attack
2.64,udp,ssh,S0,0.0,547.0,7.0,18.0,0,0,0,0,normal
1.45,udp,ssh,SF,60.0,718.0,7.0,5.0,1,0,0,0,normal
0.29,tcp,smtp,REJ,5184.0,80.0,69.0,56.0,2,0,0,0,attack
0.57,tcp,ftp,REJ,3906.0,52.0,21.0,34.0,1,0,0,0,attack
0.73,tcp,smtp,SF,0.0,358.0,2.0,14.0,0,0,0,0,normal
0.6,tcp,http,SF,0.0,512.0,14.0,13.0,0,0,0,0,normal
0.0,tcp,ssh,SF,522.0,190.0,2.0,8.0,0,0,0,0,normal
2.35,udp,ftp,SF,856.0,610.0,6.0,2.0,0,0,0,0,normal
1.93,tcp,smtp,SF,597.0,662.0,10.0,3.0,1,0,0,0,normal
0.31,tcp,smtp,SF,0.0,518.0,0.0,14.0,0,0,0,0,normal
0.05,icmp,private,S0,5244.0,81.0,55.0,27.0,0,0,0,0,attack
1.02,udp,dns,SF,299.0,345.0,4.0,15.0,0,0,0,0,normal
0.25,icmp,http,S0,3283.0,34.0,39.0,73.0,2,0,0,0,attack
0.04,tcp,smtp,REJ,3053.0,60.0,42.0,32.0,0,0,1,0,attack
0.13,udp,http,S0,4710.0,81.0,19.0,20.0,2,0,2,0,attack
0.3,icmp,http,S0,3876.0,29.0,51.0,26.0,2,0,0,0,attack
6.21,tcp,dns,SF,0.0,139.0,9.0,0.0,0,0,0,0,normal
1.0,udp,smtp,SF,454.0,462.0,2.0,3.0,0,0,0,0,normal
0.17,tcp,dns,SF,53.0,604.0,9.0,12.0,0,0,0,0,normal
0.79,udp,ssh,S0,256.0,772.0,6.0,9.0,0,0,0,0,normal
2.27,tcp,private,SF,238.0,410.0,4.0,8.0,0,0,0,0,normal
0.44,tcp,http,SF,320.0,657.0,23.0,8.0,0,0,0,0,normal
0.87,tcp,smtp,SF,476.0,663.0,7.0,16.0,0,0,0,0,normal
0.39,tcp,smtp,S0,6492.0,18.0,44.0,58.0,0,0,0,0,attack
0.09,tcp,private,S0,5771.0,45.0,77.0,39.0,2,0,1,0,attack
1.79,tcp,smtp,SF,413.0,432.0,7.0,12.0,0,0,0,0,normal
0.73,tcp,smtp,REJ,2958.0,11.0,77.0,28.0,1,0,0,0,attack
0.24,tcp,http,RSTO,6958.0,0.0,73.0,64.0,2,0,2,0,attack
0.14,tcp,dns,SF,499.0,499.0,1.0,7.0,0,0,0,0,normal
1.95,tcp,private,SF,0.0,553.0,15.0,6.0,0,0,0,0,normal
0.26,tcp,http,S0,2134.0,125.0,39.0,62.0,1,0,0,1,attack
1.42,tcp,smtp,SF,162.0,568.0,3.0,9.0,0,0,0,0,normal
0.63,tcp,smtp,SF,334.0,433.0,8.0,3.0,0,0,0,0,normal
1.74,tcp,dns,SF,0.0,165.0,11.0,8.0,0,0,0,0,normal
0.15,tcp,smtp,SF,151.0,680.0,4.0,0.0,0,0,0,0,normal
0.48,udp,private,SF,108.0,738.0,11.0,9.0,0,0,0,0,normal
0.98,tcp,ftp,SF,0.0,623.0,1.0,6.0,1,0,0,0,normal
0.05,tcp,smtp,S0,3853.0,112.0,67.0,21.0,1,0,0,0,attack
0.35,tcp,ssh,SF,229.0,386.0,10.0,9.0,0,0,0,0,normal
2.16,tcp,smtp,SF,366.0,648.0,4.0,13.0,0,0,0,0,normal
3.62,tcp,ssh,SF,412.0,663.0,11.0,10.0,0,0,0,0,normal
1.46,udp,smtp,SF,102.0,706.0,8.0,10.0,0,0,0,0,normal
1.42,tcp,private,RSTO,901.0,496.0,6.0,1.0,0,0,0,0,attack
1.26,tcp,private,SF,220.0,542.0,14.0,0.0,0,0,0,0,normal
0.04,udp,private,SF,108.0,435.0,11.0,2.0,0,0,0,0,attack
0.16,icmp,http,S0,5033.0,39.0,40.0,60.0,1,0,2,0,attack
0.64,udp,private,SF,636.0,715.0,11.0,9.0,1,0,0,0,normal
0.61,tcp,private,SF,219.0,612.0,17.0,8.0,0,0,0,0,normal
1.98,udp,smtp,SF,594.0,325.0,15.0,11.0,0,0,0,0,normal
2.18,tcp,private,SF,396.0,422.0,11.0,17.0,1,0,0,0,normal
0.31,tcp,http,SF,45.0,597.0,0.0,16.0,0,0,0,0,normal
0.79,tcp,http,SF,274.0,300.0,10.0,12.0,1,0,0,0,normal
0.2,udp,smtp,SF,622.0,549.0,12.0,1.0,1,0,0,0,normal
0.23,tcp,ssh,SF,0.0,257.0,14.0,12.0,0,0,0,0,normal
1.0,tcp,ssh,RSTO,198.0,667.0,8.0,10.0,0,0,0,0,normal
0.28,udp,ftp,S0,335.0,642.0,6.0,3.0,0,0,0,0,normal
0.13,tcp,ssh,SF,515.0,703.0,5.0,2.0,0,0,0,0,normal
0.03,tcp,ftp,REJ,6724.0,120.0,65.0,37.0,0,0,0,0,attack
1.86,tcp,dns,SF,173.0,722.0,13.0,15.0,0,0,0,0,normal
0.62,icmp,http,S0,2377.0,125.0,57.0,58.0,0,1,0,0,normal
4.9,tcp,http,SF,363.0,359.0,6.0,5.0,0,0,0,0,normal
0.36,tcp,private,SF,237.0,636.0,1.0,14.0,0,0,0,0,normal
0.11,udp,ftp,SF,176.0,630.0,14.0,11.0,0,0,0,0,normal
7.23,tcp,http,SF,195.0,321.0,4.0,17.0,0,0,0,0,normal
0.12,udp,smtp,S0,6764.0,56.0,50.0,79.0,0,0,0,0,attack
0.25,tcp,dns,S0,2785.0,48.0,75.0,66.0,2,0,0,0,attack
2.29,udp,ssh,SF,393.0,246.0,15.0,7.0,0,0,0,0,normal
2.53,tcp,http,SF,317.0,336.0,2.0,1.0,0,0,0,0,normal
0.46,tcp,http,RSTO,779.0,470.0,0.0,10.0,1,0,0,0,normal
2.9,udp,dns,SF,161.0,525.0,8.0,12.0,0,0,0,0,normal
0.06,udp,private,S0,1399.0,36.0,36.0,48.0,2,0,0,0,attack
0.25,tcp,smtp,REJ,22.0,322.0,4.0,2.0,0,0,0,0,attack
0.36,tcp,http,SF,196.0,508.0,0.0,6.0,0,0,0,0,normal
0.14,icmp,http,S0,5394.0,90.0,21.0,71.0,1,0,1,0,attack
2.05,udp,private,REJ,0.0,672.0,17.0,0.0,0,0,0,0,normal
0.29,tcp,ftp,SF,3888.0,0.0,47.0,82.0,2,0,0,0,attack
2.13,tcp,ftp,SF,246.0,195.0,8.0,2.0,0,0,0,0,attack
1.29,tcp,http,SF,689.0,569.0,2.0,14.0,0,0,0,0,normal
0.3,icmp,http,SF,0.0,678.0,1.0,15.0,0,0,0,0,normal
1.56,udp,ssh,SF,361.0,608.0,6.0,8.0,0,0,0,0,normal
1.05,tcp,private,S0,808.0,555.0,0.0,8.0,0,0,0,0,normal
0.52,icmp,private,S0,3871.0,51.0,83.0,52.0,1,0,2,0,attack
0.21,tcp,ssh,SF,4941.0,158.0,23.0,25.0,1,0,2,0,attack
2.0,tcp,private,SF,522.0,595.0,11.0,6.0,1,0,0,0,normal
2.77,tcp,private,SF,391.0,466.0,14.0,0.0,0,0,0,0,normal
1.13,tcp,smtp,SF,0.0,440.0,8.0,1.0,0,0,0,0,normal
0.29,tcp,ssh,SF,869.0,317.0,2.0,4.0,0,0,0,0,normal
0.57,tcp,smtp,SF,737.0,333.0,3.0,12.0,0,0,0,0,normal
0.24,udp,dns,SF,527.0,669.0,3.0,2.0,0,0,0,0,normal
0.62,udp,smtp,SF,362.0,732.0,9.0,0.0,0,0,0,0,normal
2.05,tcp,dns,SF,270.0,337.0,8.0,11.0,0,0,0,0,normal
0.03,udp,ftp,SF,338.0,498.0,0.0,4.0,0,0,0,0,normal
0.76,tcp,smtp,SF,474.0,803.0,13.0,8.0,0,0,0,0,normal
0.21,tcp,http,REJ,1802.0,112.0,77.0,29.0,0,0,0,0,attack
10.13,udp,smtp,SF,409.0,520.0,4.0,12.0,0,0,0,0,normal
9.46,tcp,http,SF,12.0,560.0,16.0,13.0,0,0,0,0,normal
0.08,tcp,private,S0,3357.0,23.0,63.0,36.0,1,0,1,0,attack
0.19,udp,smtp,S0,4740.0,57.0,35.0,34.0,1,0,2,0,attack
0.19,tcp,http,S0,3496.0,0.0,40.0,44.0,1,0,0,0,attack
0.26,icmp,ssh,S0,5309.0,29.0,75.0,58.0,1,0,0,0,attack
0.06,tcp,smtp,SF,865.0,359.0,6.0,11.0,0,0,0,0,normal
1.57,tcp,http,SF,504.0,152.0,1.0,9.0,1,0,0,0,normal
0.19,tcp,private,SF,769.0,665.0,7.0,8.0,0,0,0,0,normal
3.37,tcp,dns,SF,123.0,857.0,4.0,17.0,0,0,0,0,normal
0.21,tcp,private,S0,4081.0,75.0,59.0,36.0,2,0,0,0,attack
3.74,tcp,ftp,SF,793.0,517.0,12.0,7.0,1,0,0,0,normal
0.19,udp,dns,SF,0.0,757.0,5.0,8.0,0,0,0,0,normal
0.3,icmp,ftp,SF,5402.0,0.0,69.0,68.0,1,0,0,0,attack
3.38,tcp,private,SF,486.0,551.0,0.0,2.0,0,0,0,0,normal
0.44,tcp,private,SF,147.0,552.0,6.0,10.0,0,0,0,0,normal
0.88,tcp,ssh,SF,601.0,488.0,19.0,12.0,0,0,0,0,normal
2.35,tcp,private,SF,0.0,443.0,5.0,8.0,0,0,0,0,normal
0.02,tcp,smtp,SF,116.0,520.0,1.0,11.0,0,0,0,0,normal
1.73,icmp,dns,SF,37.0,401.0,16.0,4.0,1,0,0,0,normal
0.08,icmp,private,S0,5154.0,0.0,58.0,60.0,1,0,0,0,attack
0.09,tcp,private,S0,4819.0,48.0,57.0,45.0,1,0,0,0,attack
1.07,tcp,ssh,SF,161.0,470.0,4.0,6.0,0,0,0,0,normal
0.26,icmp,http,S0,6239.0,32.0,74.0,52.0,2,0,0,0,attack
2.7,udp,ftp,SF,889.0,400.0,15.0,16.0,0,0,0,0,normal
1.45,udp,ssh,SF,540.0,563.0,6.0,1.0,0,0,0,0,normal
3.88,tcp,ftp,SF,638.0,485.0,11.0,4.0,0,0,0,0,normal
0.25,tcp,http,S0,2982.0,57.0,41.0,49.0,0,0,2,0,attack
1.77,tcp,http,SF,862.0,259.0,14.0,4.0,0,0,0,0,normal
0.61,tcp,private,REJ,0.0,403.0,8.0,21.0,0,0,0,0,normal
1.05,udp,http,RSTO,450.0,653.0,19.0,6.0,0,0,0,0,normal
0.07,icmp,private,S0,5506.0,0.0,42.0,65.0,0,0,1,0,attack
3.99,udp,private,SF,303.0,440.0,10.0,5.0,0,0,0,0,attack
0.07,tcp,private,REJ,5024.0,103.0,66.0,39.0,2,0,1,0,attack
2.09,tcp,private,SF,307.0,443.0,7.0,1.0,0,0,0,0,normal
1.29,tcp,http,S0,3510.0,0.0,24.0,35.0,3,0,0,0,attack
0.3,icmp,private,SF,3544.0,110.0,23.0,77.0,2,0,0,0,attack
2.62,tcp,http,SF,0.0,332.0,10.0,2.0,0,0,0,0,normal
0.23,tcp,http,S0,0.0,726.0,2.0,8.0,0,0,0,0,normal
0.68,tcp,http,SF,170.0,455.0,10.0,9.0,0,0,0,0,normal
4.21,tcp,dns,SF,334.0,198.0,15.0,0.0,0,0,0,0,normal
0.7,tcp,ssh,SF,503.0,438.0,7.0,10.0,1,0,0,0,normal
1.3,tcp,smtp,SF,356.0,748.0,2.0,0.0,0,0,0,0,normal
1.42,icmp,smtp,SF,37.0,507.0,8.0,1.0,0,0,0,0,normal
0.72,tcp,http,SF,592.0,406.0,2.0,14.0,1,0,0,0,normal
0.96,tcp,http,S0,69.0,498.0,7.0,6.0,1,0,0,0,normal
0.17,icmp,http,S0,5444.0,97.0,25.0,49.0,1,0,1,0,attack
0.29,tcp,private,S0,3288.0,0.0,45.0,14.0,2,0,0,0,attack
8.31,tcp,ftp,SF,123.0,521.0,7.0,7.0,0,0,0,0,normal
4.79,udp,ftp,REJ,721.0,446.0,9.0,13.0,1,0,0,0,normal
0.18,tcp,private,S0,3933.0,49.0,14.0,53.0,1,0,2,0,attack
2.59,tcp,dns,SF,513.0,524.0,7.0,3.0,0,0,0,0,normal
1.59,tcp,private,SF,156.0,524.0,17.0,0.0,0,0,0,0,normal
3.53,tcp,dns,SF,505.0,491.0,20.0,0.0,1,0,0,0,normal
2.91,udp,smtp,SF,75.0,601.0,12.0,9.0,0,0,0,0,normal
1.58,tcp,dns,SF,584.0,594.0,4.0,4.0,0,0,0,0,normal
2.35,tcp,ftp,SF,182.0,820.0,13.0,9.0,1,0,0,0,normal
0.25,icmp,http,SF,76.0,472.0,12.0,12.0,0,0,0,0,normal
0.04,tcp,dns,REJ,133.0,353.0,11.0,0.0,1,0,0,0,normal
2.04,tcp,dns,SF,0.0,185.0,8.0,5.0,0,0,0,0,normal
4.52,tcp,dns,REJ,409.0,317.0,8.0,12.0,0,0,0,0,normal
1.84,tcp,http,SF,438.0,371.0,0.0,7.0,0,0,0,0,normal
2.04,tcp,dns,SF,236.0,405.0,12.0,12.0,1,0,0,0,normal
1.66,tcp,ftp,SF,840.0,387.0,7.0,10.0,1,0,0,0,normal
3.91,tcp,ssh,REJ,373.0,697.0,10.0,7.0,0,0,0,0,normal
1.06,udp,ftp,SF,601.0,691.0,8.0,11.0,0,0,0,0,normal
0.06,tcp,http,S0,4847.0,71.0,77.0,50.0,2,0,1,0,attack
1.68,tcp,http,SF,0.0,494.0,3.0,12.0,0,0,0,0,normal
4.18,tcp,ssh,SF,0.0,121.0,8.0,12.0,1,0,0,0,normal
0.19,icmp,http,S0,4274.0,80.0,17.0,70.0,1,0,2,0,attack
3.28,tcp,smtp,SF,688.0,283.0,12.0,5.0,0,0,0,0,normal
0.12,tcp,http,S0,4045.0,16.0,50.0,77.0,3,0,2,0,attack
1.57,udp,private,SF,322.0,484.0,4.0,11.0,0,0,0,0,normal
2.81,tcp,ftp,SF,412.0,329.0,5.0,12.0,0,0,0,0,normal
2.64,tcp,ssh,SF,301.0,500.0,15.0,2.0,0,0,0,0,normal
0.94,tcp,private,SF,0.0,461.0,5.0,7.0,1,0,0,0,normal
0.44,tcp,dns,REJ,437.0,442.0,3.0,0.0,1,0,0,0,normal
0.15,tcp,dns,SF,116.0,539.0,12.0,3.0,0,0,0,0,normal
0.33,icmp,http,S0,3696.0,39.0,43.0,42.0,3,0,0,0,attack
0.35,tcp,dns,SF,577.0,570.0,12.0,0.0,0,0,0,0,normal
0.1,tcp,http,S0,3730.0,72.0,62.0,69.0,1,0,0,0,attack
0.33,tcp,private,RSTO,575.0,802.0,11.0,17.0,0,0,0,0,normal
4.41,tcp,smtp,SF,10.0,759.0,11.0,6.0,0,0,0,0,normal
0.24,tcp,ssh,S0,5238.0,86.0,30.0,67.0,0,0,2,0,attack
0.36,tcp,ftp,S0,6777.0,75.0,29.0,72.0,0,0,0,0,attack
3.73,tcp,ssh,SF,291.0,458.0,0.0,11.0,1,0,0,0,normal
0.02,udp,http,SF,20.0,471.0,0.0,9.0,0,0,0,0,normal
2.16,tcp,dns,SF,273.0,800.0,7.0,9.0,0,0,0,0,normal
0.73,tcp,smtp,SF,213.0,278.0,3.0,6.0,0,0,0,0,normal
0.46,tcp,private,SF,249.0,252.0,8.0,7.0,0,0,0,0,normal
1.14,udp,ftp,SF,631.0,510.0,17.0,10.0,1,0,0,0,normal
2.01,tcp,smtp,SF,628.0,358.0,2.0,7.0,0,0,0,0,normal
0.71,udp,dns,SF,70.0,375.0,3.0,7.0,0,0,0,0,normal
0.44,tcp,private,RSTO,4162.0,0.0,45.0,35.0,0,1,2,0,attack
0.78,udp,http,SF,613.0,384.0,0.0,16.0,0,0,0,0,normal
1.61,icmp,http,SF,174.0,537.0,13.0,5.0,0,0,0,0,normal
0.11,tcp,http,REJ,4728.0,0.0,52.0,76.0,3,0,0,0,attack
0.37,tcp,http,S0,4304.0,143.0,22.0,73.0,1,0,0,0,attack
0.33,icmp,private,S0,4097.0,0.0,45.0,33.0,2,0,0,0,attack
1.74,tcp,ssh,SF,574.0,516.0,3.0,6.0,1,0,0,0,normal
0.76,tcp,smtp,SF,444.0,447.0,0.0,1.0,1,0,0,0,normal
0.57,tcp,ftp,SF,140.0,394.0,5.0,7.0,0,0,0,0,normal
2.78,tcp,private,SF,0.0,442.0,10.0,16.0,1,0,0,0,normal
0.3,tcp,dns,SF,245.0,306.0,16.0,16.0,0,0,0,0,normal
0.02,tcp,private,S0,3819.0,0.0,38.0,19.0,2,0,0,0,attack
0.03,tcp,http,S0,1763.0,154.0,39.0,78.0,1,0,0,0,attack
0.11,udp,private,REJ,4228.0,38.0,85.0,59.0,1,0,0,0,attack
0.29,icmp,http,REJ,3430.0,74.0,82.0,68.0,2,0,0,0,attack
0.89,udp,ftp,SF,668.0,723.0,10.0,5.0,0,0,0,0,attack
0.49,icmp,http,S0,3044.0,8.0,26.0,76.0,1,0,0,0,attack
3.61,tcp,smtp,SF,176.0,650.0,6.0,1.0,0,0,0,0,normal
1.07,tcp,http,SF,135.0,516.0,11.0,11.0,0,0,0,0,normal
0.47,icmp,smtp,S0,3867.0,40.0,56.0,51.0,2,0,0,0,attack
0.2,tcp,ssh,SF,123.0,560.0,11.0,13.0,0,0,0,0,normal
0.7,tcp,ftp,SF,605.0,343.0,7.0,6.0,0,0,0,0,normal
1.83,udp,http,SF,241.0,470.0,4.0,7.0,0,0,0,0,normal
3.57,udp,dns,SF,112.0,438.0,5.0,14.0,0,0,0,0,normal
5.65,tcp,dns,SF,607.0,398.0,0.0,7.0,1,0,0,0,normal
0.41,icmp,smtp,SF,387.0,626.0,14.0,8.0,0,0,0,0,normal
0.32,tcp,ssh,RSTO,33.0,298.0,0.0,11.0,1,0,0,0,normal
5.75,udp,ftp,SF,127.0,484.0,3.0,6.0,0,0,0,0,normal
0.05,icmp,private,S0,2311.0,103.0,60.0,46.0,3,1,0,0,attack
1.97,tcp,smtp,SF,153.0,506.0,6.0,16.0,1,0,0,0,normal
2.22,tcp,ssh,SF,57.0,498.0,4.0,0.0,0,0,0,0,attack
3.2,udp,http,S0,278.0,519.0,16.0,8.0,0,0,0,0,normal
3.13,tcp,ftp,RSTO,481.0,487.0,5.0,11.0,1,0,0,0,normal
2.14,tcp,smtp,SF,62.0,739.0,13.0,9.0,0,0,0,0,normal
0.51,tcp,dns,SF,168.0,385.0,15.0,1.0,0,0,0,0,normal
0.23,udp,http,S0,1550.0,40.0,69.0,74.0,3,0,0,0,attack
1.19,tcp,http,SF,360.0,780.0,1.0,13.0,0,0,0,0,normal
1.89,tcp,ftp,SF,142.0,661.0,10.0,9.0,0,0,0,0,normal
2.27,udp,private,SF,626.0,391.0,11.0,7.0,1,0,0,0,normal
3.67,udp,private,REJ,57.0,526.0,0.0,13.0,0,0,0,0,attack
0.71,tcp,private,SF,613.0,446.0,9.0,3.0,0,0,0,0,attack
0.43,icmp,http,S0,3486.0,31.0,80.0,38.0,1,0,0,0,normal
8.2,tcp,ssh,REJ,231.0,542.0,10.0,10.0,0,0,0,0,normal
11.94,tcp,smtp,SF,434.0,375.0,7.0,3.0,0,0,0,0,normal
0.71,tcp,ssh,SF,0.0,479.0,7.0,6.0,1,0,0,0,normal
4.36,tcp,smtp,SF,376.0,545.0,11.0,11.0,0,0,0,0,normal
0.35,icmp,private,S0,5207.0,81.0,24.0,50.0,1,0,1,0,attack
0.78,udp,dns,SF,537.0,569.0,10.0,3.0,0,0,0,0,normal
2.28,tcp,ssh,RSTO,54.0,449.0,5.0,0.0,0,0,0,0,normal
0.08,udp,http,RSTO,602.0,321.0,10.0,6.0,0,0,0,0,normal
10.92,tcp,private,SF,375.0,635.0,10.0,6.0,0,0,0,0,normal
0.43,udp,smtp,SF,738.0,189.0,8.0,12.0,0,0,0,0,normal
0.78,tcp,ftp,SF,288.0,502.0,16.0,11.0,0,0,0,0,normal
1.45,udp,private,SF,0.0,439.0,0.0,6.0,0,0,0,0,normal
3.55,tcp,private,SF,531.0,575.0,0.0,5.0,1,0,0,0,normal
0.12,udp,smtp,SF,311.0,529.0,10.0,3.0,0,0,0,0,normal
0.64,icmp,ssh,S0,2262.0,82.0,55.0,50.0,0,0,2,0,attack
0.46,tcp,smtp,SF,329.0,422.0,9.0,0.0,0,0,0,0,normal
2.83,udp,ftp,SF,122.0,323.0,0.0,3.0,1,0,0,0,normal
0.13,tcp,private,RSTO,5871.0,0.0,74.0,32.0,3,0,0,0,attack
2.13,tcp,private,SF,718.0,514.0,6.0,12.0,0,0,0,0,normal
4.04,udp,dns,SF,0.0,603.0,11.0,4.0,0,0,0,0,normal
0.1,tcp,smtp,SF,520.0,362.0,8.0,4.0,0,0,0,0,normal
9.62,tcp,dns,SF,260.0,492.0,18.0,4.0,1,0,0,0,normal
0.23,tcp,private,REJ,5969.0,24.0,57.0,41.0,0,0,0,0,attack
0.08,tcp,dns,SF,314.0,508.0,10.0,8.0,1,0,0,0,normal
0.44,udp,private,SF,231.0,529.0,11.0,6.0,0,0,0,0,normal
0.58,tcp,private,SF,642.0,216.0,11.0,13.0,0,0,0,0,normal
1.78,tcp,smtp,SF,447.0,229.0,16.0,15.0,0,0,0,0,normal
0.35,icmp,http,S0,3799.0,0.0,29.0,47.0,0,0,2,0,attack
3.29,tcp,dns,SF,687.0,647.0,14.0,3.0,1,0,0,0,normal
0.22,udp,http,S0,118.0,192.0,11.0,5.0,1,0,0,0,normal
0.62,tcp,dns,SF,57.0,556.0,3.0,13.0,0,0,0,0,attack
0.45,tcp,smtp,SF,0.0,430.0,8.0,4.0,0,0,0,0,normal
0.6,udp,dns,SF,481.0,595.0,12.0,15.0,0,0,0,0,normal
1.21,tcp,http,SF,83.0,278.0,15.0,10.0,0,0,0,0,normal
0.63,tcp,http,REJ,24.0,577.0,3.0,7.0,0,0,0,0,normal
0.13,tcp,ssh,RSTO,131.0,497.0,4.0,0.0,0,0,0,0,normal
0.55,icmp,smtp,SF,594.0,552.0,2.0,11.0,0,0,0,0,normal
0.57,icmp,http,SF,0.0,391.0,10.0,10.0,0,0,0,0,normal
2.34,udp,private,REJ,830.0,821.0,11.0,8.0,0,0,0,0,normal
1.27,tcp,smtp,SF,500.0,419.0,0.0,2.0,0,0,0,0,normal
1.58,tcp,http,SF,650.0,493.0,9.0,3.0,0,0,0,0,normal
0.59,tcp,dns,REJ,0.0,729.0,7.0,2.0,0,0,0,0,attack
1.82,tcp,dns,REJ,465.0,451.0,10.0,1.0,0,0,0,0,normal
0.02,tcp,http,S0,2935.0,0.0,39.0,51.0,0,0,0,0,attack
1.28,tcp,smtp,SF,42.0,440.0,4.0,1.0,0,0,0,0,normal
0.21,icmp,smtp,S0,4540.0,124.0,33.0,59.0,1,0,0,0,attack
0.71,udp,smtp,SF,272.0,98.0,0.0,13.0,1,0,0,0,normal
0.06,icmp,smtp,S0,2340.0,19.0,58.0,63.0,0,0,0,0,attack
0.64,tcp,smtp,SF,835.0,297.0,1.0,11.0,0,0,0,0,normal
0.31,tcp,http,S0,0.0,655.0,0.0,7.0,0,0,0,0,normal
0.51,tcp,private,RSTO,4075.0,68.0,44.0,30.0,0,0,0,0,attack
0.08,icmp,private,S0,2297.0,8.0,66.0,25.0,0,0,0,0,attack
0.15,tcp,private,SF,12.0,201.0,7.0,13.0,0,0,0,0,normal
0.27,tcp,http,SF,543.0,307.0,8.0,4.0,0,0,0,0,normal
0.84,tcp,smtp,SF,0.0,499.0,15.0,11.0,0,0,0,0,normal
1.77,udp,http,SF,66.0,614.0,4.0,2.0,0,0,0,0,normal
3.01,tcp,smtp,SF,73.0,482.0,13.0,4.0,0,0,0,0,normal
2.65,tcp,private,SF,52.0,300.0,11.0,3.0,1,0,0,0,normal
0.25,tcp,ssh,SF,439.0,541.0,8.0,11.0,0,0,0,0,normal
0.41,tcp,private,S0,4633.0,22.0,54.0,21.0,1,0,1,0,attack
0.35,tcp,dns,SF,0.0,909.0,22.0,7.0,0,0,0,0,normal
0.09,tcp,smtp,SF,674.0,695.0,23.0,5.0,0,0,0,0,normal
0.04,icmp,private,SF,5386.0,0.0,57.0,28.0,0,0,0,0,attack
3.1,tcp,smtp,RSTO,530.0,283.0,8.0,9.0,1,0,0,0,normal
0.22,tcp,dns,S0,688.0,151.0,9.0,16.0,1,0,0,0,normal
2.13,tcp,private,SF,0.0,547.0,8.0,11.0,0,0,0,0,normal
0.66,tcp,http,RSTO,3410.0,23.0,38.0,59.0,2,0,0,0,attack
0.13,udp,private,RSTO,4848.0,0.0,45.0,54.0,2,0,0,0,attack
1.21,tcp,ssh,SF,180.0,567.0,0.0,12.0,0,0,0,0,normal
0.58,tcp,private,SF,0.0,756.0,2.0,7.0,0,0,0,0,normal
3.17,tcp,dns,SF,268.0,658.0,10.0,0.0,0,0,0,0,normal
0.44,tcp,ftp,S0,6201.0,74.0,40.0,53.0,1,0,0,0,attack
0.35,icmp,ftp,REJ,4747.0,0.0,74.0,35.0,2,0,0,0,attack
0.0,icmp,smtp,S0,3344.0,47.0,52.0,42.0,3,0,1,0,attack
0.03,tcp,http,S0,2057.0,54.0,33.0,66.0,1,0,1,0,attack
0.01,tcp,dns,SF,228.0,610.0,7.0,11.0,0,0,0,0,normal
1.03,tcp,private,RSTO,351.0,668.0,6.0,15.0,0,0,0,0,normal
8.29,udp,dns,SF,0.0,263.0,2.0,14.0,0,0,0,0,normal
0.16,udp,smtp,SF,1715.0,21.0,77.0,57.0,2,0,0,0,attack
2.47,icmp,dns,SF,449.0,362.0,3.0,8.0,0,0,0,0,normal
0.79,tcp,private,SF,366.0,260.0,13.0,7.0,1,0,0,0,normal
1.96,tcp,http,SF,486.0,785.0,4.0,10.0,0,0,0,0,normal
2.86,udp,http,SF,197.0,212.0,7.0,4.0,0,0,0,0,normal
0.31,icmp,http,S0,2544.0,0.0,70.0,23.0,2,0,1,0,attack
2.9,udp,ftp,SF,544.0,433.0,10.0,4.0,1,0,0,0,normal
0.29,icmp,http,REJ,3296.0,0.0,37.0,75.0,0,1,0,0,attack
0.66,icmp,ssh,REJ,2415.0,40.0,71.0,36.0,0,0,0,0,attack
3.39,tcp,http,RSTO,282.0,199.0,7.0,0.0,0,0,0,0,normal
1.27,tcp,http,SF,502.0,446.0,7.0,4.0,0,0,0,0,normal
2.34,tcp,ftp,REJ,636.0,205.0,16.0,4.0,0,0,0,0,normal
0.21,icmp,private,S0,6021.0,70.0,32.0,64.0,1,0,0,0,attack
0.05,udp,smtp,REJ,4166.0,89.0,58.0,67.0,2,0,2,0,attack
0.06,tcp,private,SF,631.0,395.0,18.0,7.0,0,0,0,0,normal
0.84,icmp,private,S0,3221.0,64.0,30.0,60.0,2,0,1,0,attack
4.34,tcp,private,SF,458.0,559.0,13.0,9.0,1,0,0,0,attack
0.01,icmp,http,S0,5524.0,1.0,66.0,34.0,2,0,0,0,attack
0.43,tcp,private,SF,83.0,342.0,11.0,8.0,0,0,0,0,attack
1.01,icmp,private,REJ,578.0,316.0,10.0,1.0,0,0,0,0,normal
0.56,tcp,http,REJ,2305.0,0.0,23.0,65.0,2,1,0,0,attack
3.28,udp,ftp,SF,250.0,528.0,4.0,17.0,0,0,0,0,normal
0.74,tcp,smtp,SF,515.0,501.0,1.0,0.0,0,0,0,0,normal
1.33,tcp,ftp,SF,860.0,402.0,8.0,14.0,1,0,0,0,normal
0.86,tcp,ftp,SF,264.0,567.0,6.0,7.0,0,0,0,0,normal
0.19,tcp,ssh,SF,80.0,549.0,11.0,18.0,0,0,0,0,normal
5.36,tcp,ssh,SF,323.0,487.0,13.0,5.0,0,0,0,0,normal
0.85,icmp,ssh,SF,7.0,696.0,16.0,6.0,0,0,0,0,normal
0.56,tcp,smtp,SF,612.0,555.0,14.0,15.0,0,0,0,0,normal
1.03,tcp,ssh,REJ,355.0,427.0,14.0,5.0,0,0,0,0,normal
1.43,udp,dns,SF,237.0,514.0,5.0,15.0,0,0,0,0,normal
2.02,tcp,dns,SF,127.0,592.0,7.0,1.0,0,0,0,0,normal
0.9,tcp,smtp,SF,225.0,607.0,0.0,8.0,1,0,0,0,normal
2.87,tcp,smtp,SF,0.0,556.0,1.0,10.0,0,0,0,0,normal
1.02,tcp,ssh,SF,830.0,602.0,6.0,7.0,1,0,0,0,attack
0.65,udp,private,SF,704.0,519.0,14.0,9.0,0,0,0,0,normal
0.02,tcp,dns,SF,359.0,598.0,7.0,6.0,0,0,0,0,normal
10.62,udp,dns,SF,129.0,506.0,10.0,5.0,0,0,0,0,normal
1.64,tcp,dns,SF,780.0,478.0,10.0,7.0,0,0,0,0,normal
2.39,tcp,http,SF,692.0,395.0,16.0,10.0,1,0,0,0,normal
1.23,icmp,private,REJ,197.0,545.0,3.0,8.0,0,0,0,0,normal
0.09,tcp,ftp,SF,404.0,622.0,10.0,11.0,0,0,0,0,attack
1.99,tcp,ftp,SF,479.0,317.0,3.0,7.0,1,0,0,0,normal
0.75,tcp,ftp,SF,315.0,473.0,0.0,7.0,1,0,0,0,normal
0.31,tcp,http,SF,270.0,486.0,8.0,4.0,1,0,0,0,attack
2.7,icmp,smtp,SF,324.0,505.0,6.0,5.0,0,0,0,0,normal
1.21,udp,private,REJ,2358.0,55.0,75.0,37.0,0,0,0,0,attack
2.89,tcp,ssh,SF,0.0,557.0,9.0,3.0,1,0,0,0,normal
0.46,tcp,ssh,SF,260.0,550.0,3.0,7.0,0,0,0,0,normal
2.24,tcp,ssh,SF,300.0,455.0,12.0,12.0,0,0,0,0,normal
3.26,tcp,http,S0,647.0,306.0,6.0,11.0,0,0,0,0,normal
1.39,tcp,ftp,RSTO,29.0,776.0,8.0,10.0,1,0,0,0,normal
0.75,udp,ftp,SF,120.0,672.0,5.0,2.0,0,0,0,0,normal
0.49,tcp,http,SF,365.0,556.0,19.0,2.0,0,0,0,0,normal
0.1,tcp,http,S0,5476.0,170.0,48.0,34.0,2,1,0,0,attack
7.19,tcp,private,SF,611.0,497.0,12.0,5.0,0,0,0,0,normal
0.23,tcp,smtp,SF,394.0,319.0,9.0,3.0,0,0,0,0,normal
3.66,tcp,dns,SF,440.0,470.0,0.0,0.0,0,0,0,0,normal
0.85,tcp,private,REJ,960.0,719.0,4.0,11.0,1,0,0,0,normal
1.95,tcp,smtp,SF,963.0,868.0,2.0,15.0,1,0,0,0,normal
0.47,tcp,private,S0,4614.0,118.0,58.0,34.0,1,0,0,0,attack
3.14,tcp,dns,SF,463.0,242.0,9.0,0.0,0,0,0,0,normal
3.2,udp,smtp,SF,791.0,553.0,11.0,8.0,0,0,0,0,normal
9.3,tcp,smtp,SF,0.0,262.0,12.0,0.0,0,0,0,0,normal
2.25,tcp,http,SF,142.0,508.0,6.0,12.0,0,0,0,0,normal
0.23,icmp,ftp,RSTO,0.0,803.0,0.0,12.0,0,0,0,0,normal
2.8,tcp,http,SF,732.0,563.0,6.0,15.0,1,0,0,0,normal
2.33,tcp,ssh,SF,413.0,338.0,13.0,3.0,1,0,0,0,normal
2.76,tcp,http,REJ,412.0,851.0,14.0,3.0,0,0,0,0,normal
2.19,tcp,private,SF,0.0,511.0,0.0,0.0,1,0,0,0,normal
2.19,tcp,smtp,S0,1.0,544.0,15.0,5.0,1,0,0,0,normal
0.67,tcp,private,SF,261.0,688.0,0.0,11.0,0,0,0,0,normal
0.01,tcp,http,S0,4233.0,34.0,63.0,73.0,1,1,0,0,normal
0.26,icmp,http,REJ,4320.0,189.0,76.0,45.0,2,0,0,0,attack
1.51,tcp,dns,S0,29.0,417.0,12.0,1.0,0,0,0,0,normal
0.11,tcp,private,SF,213.0,543.0,9.0,0.0,0,0,0,0,normal
1.53,udp,smtp,SF,275.0,659.0,15.0,4.0,0,0,0,0,normal
4.26,tcp,ftp,SF,182.0,566.0,11.0,0.0,0,0,0,0,normal
1.12,icmp,ftp,REJ,669.0,565.0,18.0,12.0,1,0,0,0,normal
0.42,tcp,dns,SF,0.0,510.0,1.0,4.0,0,0,0,0,normal
1.55,tcp,http,SF,334.0,539.0,0.0,6.0,0,0,0,0,normal
0.02,tcp,http,S0,3740.0,103.0,20.0,47.0,3,1,0,0,normal
0.0,tcp,http,REJ,3985.0,9.0,43.0,49.0,2,0,1,0,attack
1.34,tcp,smtp,RSTO,295.0,543.0,1.0,0.0,1,0,0,0,normal
0.25,icmp,private,S0,4538.0,0.0,29.0,24.0,3,0,2,0,attack
0.08,tcp,http,S0,2120.0,73.0,42.0,40.0,1,0,0,0,attack
0.5,tcp,private,RSTO,2834.0,76.0,67.0,39.0,2,0,0,0,attack
2.58,tcp,ftp,SF,405.0,511.0,10.0,9.0,0,0,0,0,normal
0.07,udp,smtp,SF,88.0,669.0,14.0,4.0,0,0,0,0,attack
1.49,tcp,private,SF,44.0,483.0,14.0,5.0,0,0,0,0,normal
1.39,udp,http,SF,104.0,408.0,1.0,0.0,1,0,0,0,normal
0.96,tcp,ssh,SF,199.0,415.0,6.0,8.0,0,0,0,0,normal
0.19,icmp,private,SF,4216.0,25.0,53.0,46.0,0,0,0,0,attack
0.37,tcp,private,SF,434.0,361.0,9.0,9.0,0,0,0,0,normal
0.44,tcp,http,SF,498.0,262.0,12.0,6.0,0,0,0,0,normal
0.11,tcp,private,SF,1178.0,42.0,71.0,44.0,0,0,0,0,attack
0.57,tcp,smtp,SF,0.0,331.0,12.0,8.0,0,0,0,0,normal
0.24,tcp,private,S0,241.0,0.0,76.0,35.0,2,0,1,0,attack
0.72,tcp,private,REJ,126.0,329.0,5.0,5.0,0,0,0,0,normal
5.11,tcp,smtp,SF,323.0,616.0,11.0,2.0,0,0,0,0,normal
0.16,tcp,private,SF,476.0,508.0,1.0,0.0,0,0,0,0,normal
1.03,tcp,dns,SF,454.0,206.0,4.0,4.0,0,0,0,0,normal
0.01,icmp,dns,SF,4465.0,58.0,69.0,81.0,1,0,1,0,attack
0.24,tcp,ftp,RSTO,444.0,450.0,12.0,7.0,0,0,0,0,attack
0.06,tcp,private,SF,164.0,593.0,17.0,12.0,0,0,0,0,normal
0.09,tcp,http,SF,614.0,157.0,14.0,13.0,0,0,0,0,normal
1.9,icmp,ssh,SF,301.0,506.0,9.0,7.0,0,0,0,0,normal
0.15,icmp,http,S0,3725.0,69.0,66.0,45.0,2,1,0,0,attack
0.03,tcp,http,S0,5042.0,16.0,70.0,53.0,2,1,0,0,attack
1.22,tcp,ftp,SF,226.0,490.0,14.0,11.0,0,0,0,0,normal
3.94,tcp,private,SF,395.0,546.0,0.0,12.0,1,0,0,0,normal
0.91,tcp,ftp,SF,215.0,524.0,8.0,6.0,1,0,0,0,normal
4.2,tcp,ssh,RSTO,580.0,417.0,16.0,0.0,0,0,0,0,normal
3.5,tcp,dns,SF,6.0,631.0,5.0,14.0,0,0,0,0,normal
0.04,udp,http,S0,3714.0,205.0,25.0,78.0,1,0,0,0,attack
0.81,tcp,http,SF,24.0,476.0,0.0,9.0,0,0,0,0,normal
0.14,tcp,http,SF,472.0,740.0,8.0,3.0,1,0,0,0,normal
1.43,tcp,private,SF,133.0,635.0,10.0,7.0,0,0,0,0,normal
0.23,tcp,http,SF,361.0,433.0,14.0,6.0,0,0,0,0,normal
3.38,tcp,dns,SF,75.0,312.0,9.0,1.0,1,0,0,0,normal
0.29,tcp,http,SF,304.0,321.0,9.0,12.0,0,0,0,0,normal
0.57,tcp,http,SF,222.0,406.0,10.0,15.0,0,0,0,0,normal
0.48,tcp,ftp,S0,3721.0,48.0,52.0,64.0,0,0,0,0,attack
1.06,tcp,smtp,RSTO,141.0,302.0,16.0,9.0,0,0,0,0,normal
2.86,tcp,private,SF,184.0,558.0,6.0,9.0,1,0,0,0,normal
1.75,tcp,smtp,S0,330.0,411.0,5.0,12.0,1,0,0,0,normal
1.83,tcp,http,REJ,455.0,328.0,3.0,13.0,1,0,0,0,normal
2.25,tcp,dns,SF,362.0,677.0,11.0,13.0,0,0,0,0,attack
2.76,tcp,dns,SF,247.0,538.0,5.0,10.0,1,0,0,0,normal
0.83,tcp,private,SF,0.0,468.0,0.0,9.0,0,0,0,0,normal
0.38,icmp,ftp,S0,3397.0,0.0,75.0,67.0,0,0,0,0,attack
2.82,udp,ssh,SF,139.0,371.0,3.0,9.0,0,0,0,0,normal
0.09,tcp,http,S0,4720.0,81.0,27.0,23.0,3,0,0,0,attack
0.24,udp,dns,SF,265.0,410.0,4.0,8.0,1,0,0,0,normal
0.71,udp,private,S0,5505.0,39.0,32.0,65.0,1,0,0,0,attack
2.22,tcp,ftp,SF,183.0,440.0,13.0,6.0,1,0,0,0,normal
1.53,tcp,http,SF,253.0,412.0,2.0,11.0,0,0,0,0,normal
0.3,udp,dns,SF,0.0,610.0,8.0,13.0,0,0,0,0,normal
2.25,tcp,smtp,SF,48.0,515.0,17.0,16.0,0,0,0,0,normal
2.54,tcp,ssh,S0,0.0,690.0,9.0,12.0,1,0,0,0,normal
0.02,tcp,http,S0,2809.0,0.0,53.0,70.0,0,0,1,0,attack
0.64,tcp,private,SF,143.0,594.0,9.0,5.0,0,0,0,0,normal
0.03,tcp,http,S0,2653.0,28.0,59.0,73.0,1,1,0,0,attack
1.39,udp,ftp,SF,503.0,469.0,0.0,8.0,0,0,0,0,normal
0.33,udp,dns,RSTO,4213.0,65.0,31.0,67.0,0,0,1,0,attack
2.39,tcp,ssh,SF,202.0,529.0,10.0,2.0,0,0,0,0,normal
0.79,tcp,smtp,S0,4716.0,49.0,42.0,44.0,2,0,0,0,attack
0.02,icmp,private,S0,5891.0,72.0,25.0,52.0,2,0,0,0,attack
3.22,tcp,private,SF,341.0,327.0,13.0,10.0,0,0,0,0,normal
4.78,icmp,ftp,SF,367.0,363.0,9.0,5.0,0,0,0,0,normal
1.47,udp,smtp,SF,239.0,720.0,0.0,0.0,0,0,0,0,normal
2.5,icmp,http,SF,0.0,411.0,8.0,15.0,1,0,0,0,normal
3.02,tcp,http,SF,744.0,446.0,12.0,9.0,0,0,0,0,normal
1.94,tcp,smtp,SF,607.0,317.0,14.0,0.0,0,0,0,0,normal
0.61,tcp,private,S0,4419.0,97.0,69.0,57.0,1,0,1,0,attack
0.47,tcp,smtp,SF,465.0,558.0,3.0,0.0,0,0,0,0,normal
0.28,icmp,ftp,S0,6052.0,65.0,64.0,56.0,3,0,0,0,attack
0.19,udp,ssh,SF,0.0,569.0,1.0,2.0,0,0,0,0,normal
3.22,tcp,private,SF,0.0,466.0,11.0,11.0,0,0,0,0,normal
0.34,tcp,http,SF,0.0,630.0,0.0,12.0,0,0,0,0,normal
0.44,tcp,dns,SF,720.0,244.0,7.0,7.0,1,0,0,0,normal
0.04,tcp,ftp,REJ,4378.0,60.0,47.0,26.0,1,0,0,0,attack
2.77,tcp,http,RSTO,575.0,714.0,11.0,0.0,0,0,0,0,normal
0.7,tcp,private,REJ,4710.0,43.0,43.0,38.0,0,0,0,0,attack
0.11,tcp,http,S0,3468.0,39.0,59.0,59.0,1,0,1,0,attack
2.8,tcp,smtp,SF,604.0,574.0,6.0,6.0,1,0,0,0,normal
4.4,tcp,smtp,SF,0.0,243.0,6.0,6.0,0,0,0,0,normal
2.82,tcp,http,SF,837.0,442.0,6.0,1.0,1,0,0,0,normal
1.85,udp,dns,SF,83.0,522.0,10.0,10.0,0,0,0,0,normal
1.85,udp,private,SF,179.0,794.0,16.0,9.0,0,0,0,0,normal
2.37,tcp,http,SF,0.0,524.0,6.0,8.0,0,0,0,0,normal
1.12,tcp,private,SF,11.0,314.0,14.0,12.0,0,0,0,0,normal
1.21,tcp,smtp,SF,400.0,552.0,0.0,5.0,0,0,0,0,attack
1.04,tcp,ssh,SF,0.0,324.0,5.0,11.0,0,0,0,0,normal
0.25,tcp,private,S0,3196.0,205.0,29.0,52.0,2,0,1,0,normal
1.31,tcp,private,SF,303.0,648.0,5.0,0.0,1,0,0,0,normal
3.79,tcp,dns,SF,192.0,492.0,4.0,11.0,0,0,0,0,normal
0.12,tcp,http,REJ,5409.0,0.0,30.0,77.0,2,0,0,0,attack
0.65,udp,private,REJ,3946.0,0.0,27.0,48.0,1,0,0,0,attack
1.17,udp,http,RSTO,894.0,531.0,14.0,8.0,0,0,0,0,normal
0.26,udp,private,SF,434.0,352.0,7.0,3.0,0,0,0,0,normal
0.64,icmp,smtp,S0,824.0,199.0,46.0,60.0,0,0,0,0,attack
0.51,tcp,ftp,SF,0.0,488.0,5.0,9.0,0,0,0,0,normal
0.04,icmp,smtp,REJ,4882.0,139.0,62.0,41.0,0,0,0,0,attack
1.41,tcp,http,REJ,3117.0,0.0,43.0,33.0,1,0,0,0,attack
3.52,tcp,dns,SF,526.0,505.0,5.0,12.0,0,0,0,0,normal
0.55,tcp,private,SF,251.0,455.0,9.0,10.0,0,0,0,0,normal
1.44,tcp,private,SF,280.0,521.0,15.0,7.0,0,0,0,0,normal
0.6,tcp,http,REJ,3574.0,92.0,52.0,50.0,1,0,1,0,attack
0.17,tcp,ssh,SF,0.0,305.0,9.0,1.0,0,0,0,0,normal
8.17,tcp,ssh,SF,961.0,257.0,6.0,7.0,0,0,0,0,normal
0.07,tcp,private,SF,442.0,420.0,8.0,9.0,0,0,0,0,normal
3.46,icmp,ssh,SF,146.0,350.0,0.0,2.0,0,0,0,0,normal
2.48,tcp,dns,SF,514.0,661.0,19.0,5.0,1,0,0,0,normal
1.21,tcp,dns,SF,0.0,394.0,4.0,10.0,1,0,0,0,normal
0.23,tcp,private,S0,4915.0,0.0,60.0,65.0,0,0,0,0,attack
6.54,tcp,ftp,SF,152.0,521.0,0.0,9.0,1,0,0,0,normal
4.23,tcp,smtp,S0,75.0,455.0,14.0,12.0,0,0,0,0,normal
0.91,tcp,ftp,SF,148.0,380.0,12.0,5.0,0,0,0,0,normal
7.31,tcp,http,SF,592.0,457.0,15.0,3.0,1,0,0,0,normal
1.09,udp,ssh,SF,493.0,654.0,10.0,11.0,0,0,0,0,normal
1.62,tcp,ftp,SF,981.0,325.0,5.0,0.0,0,0,0,0,normal
0.25,tcp,ssh,SF,385.0,434.0,12.0,10.0,0,0,0,0,normal
0.18,tcp,private,S0,3653.0,135.0,45.0,43.0,3,1,0,0,attack
1.95,tcp,smtp,SF,32.0,625.0,1.0,8.0,0,0,0,0,attack
4.16,udp,dns,SF,35.0,772.0,9.0,16.0,0,0,0,0,normal
2.09,tcp,smtp,SF,244.0,402.0,14.0,14.0,1,0,0,0,normal
0.33,udp,private,SF,394.0,389.0,14.0,3.0,1,0,0,0,normal
0.63,udp,private,SF,178.0,519.0,12.0,11.0,0,0,0,0,normal
2.0,udp,private,SF,245.0,342.0,13.0,9.0,0,0,0,0,normal
0.7,tcp,dns,SF,0.0,760.0,8.0,14.0,0,0,0,0,normal
0.28,icmp,smtp,REJ,3403.0,42.0,39.0,33.0,0,0,1,1,attack
0.13,tcp,ftp,RSTO,571.0,542.0,3.0,4.0,0,0,0,0,normal
5.4,tcp,http,SF,219.0,457.0,6.0,10.0,1,0,0,0,normal
1.08,tcp,http,SF,65.0,571.0,14.0,11.0,1,0,0,0,normal
12.34,udp,http,SF,101.0,479.0,1.0,3.0,0,0,0,0,normal
0.62,tcp,http,SF,2506.0,36.0,71.0,23.0,2,0,0,0,attack
2.79,udp,dns,RSTO,412.0,527.0,12.0,14.0,0,0,0,0,normal
0.72,udp,http,SF,168.0,566.0,4.0,3.0,0,0,0,0,normal
2.76,tcp,dns,SF,205.0,642.0,18.0,13.0,1,0,0,0,normal
0.51,icmp,ftp,SF,798.0,934.0,7.0,7.0,1,0,0,0,normal
2.17,tcp,ssh,S0,0.0,429.0,0.0,0.0,1,0,0,0,normal
5.13,tcp,http,SF,315.0,707.0,8.0,8.0,0,0,0,0,normal
0.9,udp,private,REJ,2583.0,175.0,51.0,45.0,2,0,0,0,attack
2.46,tcp,http,SF,785.0,580.0,10.0,9.0,0,0,0,0,normal
4.57,udp,private,SF,59.0,416.0,0.0,18.0,0,0,0,0,normal
0.29,tcp,http,REJ,2734.0,79.0,42.0,62.0,0,0,2,0,attack
0.12,icmp,ftp,S0,4216.0,63.0,51.0,50.0,2,0,0,0,attack
0.88,tcp,smtp,SF,590.0,352.0,10.0,16.0,1,0,0,0,normal
0.33,tcp,http,S0,4892.0,31.0,46.0,29.0,0,0,0,0,attack
1.41,udp,smtp,SF,348.0,152.0,15.0,14.0,0,0,0,0,normal
0.3,tcp,ssh,SF,647.0,582.0,1.0,13.0,0,0,0,0,normal
1.4,udp,smtp,SF,350.0,541.0,1.0,8.0,0,0,0,0,normal
0.24,tcp,private,SF,20.0,444.0,0.0,9.0,1,0,0,0,normal
3.31,tcp,ftp,RSTO,586.0,300.0,8.0,7.0,1,0,0,0,normal
0.77,udp,ssh,SF,360.0,390.0,3.0,13.0,0,0,0,0,normal
5.74,tcp,ssh,SF,556.0,566.0,4.0,13.0,0,0,0,0,normal
0.22,tcp,dns,S0,2504.0,0.0,66.0,30.0,2,0,0,0,attack
1.08,tcp,smtp,SF,291.0,418.0,14.0,4.0,0,0,0,0,normal
2.78,tcp,smtp,SF,184.0,400.0,4.0,9.0,0,0,0,0,attack
0.39,tcp,dns,RSTO,2163.0,76.0,30.0,32.0,1,0,0,0,attack
1.44,tcp,ssh,SF,51.0,352.0,4.0,5.0,0,0,0,0,normal
0.8,tcp,http,SF,494.0,234.0,9.0,13.0,0,0,0,0,normal
0.89,udp,smtp,RSTO,408.0,573.0,0.0,0.0,0,0,0,0,normal
2.67,udp,ssh,REJ,356.0,583.0,9.0,8.0,0,0,0,0,normal
0.03,icmp,dns,SF,4496.0,0.0,52.0,71.0,0,0,0,0,attack
3.25,tcp,private,SF,190.0,372.0,17.0,18.0,0,0,0,0,normal
1.1,tcp,ftp,SF,0.0,629.0,15.0,14.0,0,0,0,0,normal
0.46,tcp,http,S0,4132.0,69.0,74.0,30.0,3,0,0,1,attack
3.27,udp,dns,SF,540.0,471.0,14.0,8.0,0,0,0,0,normal
1.74,tcp,dns,SF,0.0,579.0,0.0,10.0,0,0,0,0,normal
2.96,tcp,dns,SF,519.0,413.0,7.0,14.0,0,0,0,0,attack
0.19,icmp,ssh,SF,551.0,348.0,13.0,14.0,0,0,0,0,normal
1.13,tcp,ftp,SF,0.0,463.0,3.0,5.0,1,0,0,0,normal
0.43,tcp,dns,SF,0.0,556.0,11.0,6.0,0,0,0,0,normal
1.45,udp,ftp,SF,106.0,401.0,0.0,7.0,0,0,0,0,normal
0.86,tcp,http,S0,3614.0,36.0,74.0,30.0,0,0,0,0,attack
0.29,tcp,ftp,SF,475.0,498.0,12.0,13.0,0,0,0,0,normal
6.82,udp,http,SF,463.0,678.0,11.0,0.0,0,0,0,0,normal
0.33,icmp,http,S0,4145.0,11.0,67.0,62.0,0,0,0,0,attack
0.45,tcp,ftp,REJ,2822.0,7.0,70.0,50.0,0,0,0,0,attack
0.16,udp,ftp,S0,5955.0,90.0,24.0,28.0,3,0,2,0,attack
0.29,icmp,ftp,S0,4356.0,43.0,44.0,70.0,2,0,0,0,attack
0.06,icmp,http,SF,3416.0,95.0,34.0,57.0,0,0,0,0,normal
0.05,tcp,http,S0,3887.0,46.0,75.0,28.0,0,0,1,0,attack
0.23,tcp,private,REJ,4652.0,18.0,79.0,50.0,1,0,0,0,attack
0.02,tcp,http,S0,5775.0,129.0,19.0,57.0,1,0,2,0,attack
3.17,udp,smtp,SF,112.0,459.0,11.0,5.0,0,0,0,0,normal
0.33,icmp,dns,REJ,5822.0,107.0,44.0,69.0,3,0,0,0,attack
0.94,udp,http,SF,917.0,628.0,5.0,17.0,0,0,0,0,normal
0.31,tcp,http,S0,5273.0,11.0,33.0,47.0,3,0,0,0,attack
1.27,tcp,private,SF,238.0,448.0,1.0,1.0,0,0,0,0,normal
3.35,tcp,ssh,SF,0.0,806.0,14.0,5.0,1,0,0,0,attack
3.81,tcp,ssh,SF,0.0,554.0,9.0,5.0,0,0,0,0,normal
1.04,udp,ssh,RSTO,196.0,709.0,9.0,11.0,0,0,0,0,normal
0.14,tcp,smtp,SF,226.0,154.0,9.0,12.0,1,0,0,0,normal
0.11,icmp,smtp,S0,4738.0,76.0,78.0,70.0,1,0,0,0,attack
0.1,tcp,ssh,SF,219.0,593.0,5.0,6.0,0,0,0,0,normal
0.16,icmp,private,S0,3840.0,73.0,73.0,24.0,0,0,0,0,attack
0.52,tcp,private,SF,122.0,467.0,3.0,9.0,0,0,0,0,normal
4.09,tcp,smtp,SF,19.0,361.0,6.0,15.0,0,0,0,0,normal
0.71,tcp,ssh,RSTO,5097.0,50.0,29.0,74.0,0,0,0,0,attack
2.7,tcp,dns,SF,0.0,587.0,8.0,7.0,0,0,0,0,normal
0.38,tcp,ftp,SF,247.0,455.0,15.0,11.0,0,0,0,0,normal
0.31,tcp,private,SF,307.0,466.0,4.0,15.0,0,0,0,0,normal
1.66,tcp,smtp,SF,354.0,678.0,1.0,15.0,0,0,0,0,normal
0.32,tcp,http,S0,4260.0,129.0,76.0,57.0,2,0,0,0,normal
8.53,tcp,smtp,S0,48.0,359.0,0.0,5.0,0,0,0,0,normal
0.49,tcp,private,S0,2737.0,81.0,47.0,31.0,2,0,0,0,attack
1.72,tcp,dns,SF,499.0,532.0,1.0,14.0,0,0,0,0,normal
0.63,icmp,http,S0,2932.0,43.0,49.0,66.0,1,0,1,0,attack
0.02,tcp,private,S0,2189.0,56.0,54.0,72.0,3,1,1,0,attack
0.72,tcp,private,S0,362.0,471.0,10.0,4.0,0,0,0,0,normal
0.05,icmp,private,REJ,3963.0,76.0,39.0,24.0,0,1,0,0,attack
4.81,icmp,smtp,REJ,663.0,350.0,4.0,17.0,0,0,0,0,normal
3.56,tcp,ssh,SF,123.0,391.0,4.0,4.0,1,0,0,0,normal
0.59,tcp,ftp,REJ,4800.0,150.0,67.0,61.0,0,0,0,0,attack
0.1,tcp,http,SF,5874.0,77.0,63.0,24.0,2,0,0,0,attack
1.5,tcp,private,SF,8.0,445.0,6.0,6.0,0,0,0,0,normal
0.09,icmp,private,S0,3723.0,85.0,37.0,27.0,1,0,0,0,attack
0.06,tcp,ssh,S0,2374.0,160.0,77.0,32.0,1,0,0,0,attack
0.13,tcp,dns,S0,4773.0,86.0,19.0,34.0,0,0,0,0,attack
2.26,udp,smtp,SF,195.0,669.0,9.0,8.0,0,0,0,0,normal
0.04,udp,private,SF,48.0,581.0,4.0,6.0,1,0,0,0,normal
0.67,tcp,dns,SF,262.0,817.0,4.0,8.0,0,0,0,0,normal
0.34,icmp,private,REJ,3366.0,103.0,76.0,72.0,2,0,2,0,attack
0.03,tcp,ssh,SF,0.0,451.0,0.0,0.0,0,0,0,0,normal
3.54,udp,http,SF,732.0,568.0,13.0,7.0,0,0,0,0,normal
4.58,tcp,smtp,S0,123.0,552.0,1.0,12.0,0,0,0,0,normal
1.96,tcp,smtp,SF,0.0,588.0,12.0,7.0,0,0,0,0,normal
1.58,udp,http,SF,197.0,588.0,8.0,12.0,0,0,0,0,normal
0.75,tcp,ftp,SF,841.0,617.0,14.0,5.0,0,0,0,0,normal
6.66,tcp,private,SF,55.0,853.0,18.0,13.0,0,0,0,0,attack
0.08,icmp,http,SF,3205.0,54.0,32.0,30.0,3,0,2,0,attack
0.04,tcp,ftp,SF,264.0,431.0,15.0,1.0,0,0,0,0,normal
1.44,tcp,dns,SF,271.0,438.0,12.0,15.0,1,0,0,0,normal
0.6,tcp,http,REJ,3985.0,31.0,37.0,37.0,2,0,0,0,attack
1.33,tcp,ssh,SF,185.0,612.0,0.0,16.0,0,0,0,0,normal
0.11,tcp,http,REJ,3199.0,0.0,24.0,45.0,3,0,0,0,normal
1.32,udp,http,SF,490.0,501.0,5.0,4.0,0,0,0,0,normal
1.71,tcp,ssh,SF,0.0,529.0,8.0,10.0,0,0,0,0,normal
0.07,tcp,private,REJ,4832.0,51.0,66.0,59.0,1,0,0,0,attack
0.54,tcp,dns,S0,2620.0,17.0,26.0,63.0,1,0,1,0,attack
0.1,tcp,http,REJ,2573.0,72.0,29.0,60.0,1,0,1,0,attack
1.22,tcp,smtp,SF,633.0,496.0,0.0,12.0,0,0,0,0,normal
2.59,udp,dns,SF,133.0,789.0,4.0,4.0,1,0,0,0,normal
2.34,udp,private,SF,196.0,472.0,12.0,8.0,0,0,0,0,normal
1.44,tcp,http,SF,726.0,817.0,5.0,7.0,1,0,0,0,normal
1.6,tcp,ftp,SF,469.0,410.0,7.0,9.0,0,0,0,0,normal
0.94,tcp,http,SF,637.0,501.0,11.0,18.0,0,0,0,0,normal
0.6,icmp,http,S0,2187.0,3.0,53.0,47.0,2,0,0,0,attack
0.01,tcp,http,SF,813.0,667.0,10.0,3.0,0,0,0,0,normal
1.19,udp,private,SF,395.0,583.0,7.0,6.0,0,0,0,0,normal
14.41,tcp,smtp,SF,911.0,478.0,5.0,15.0,1,0,0,0,normal
2.14,tcp,smtp,S0,269.0,784.0,1.0,12.0,0,0,0,0,normal
0.23,icmp,http,REJ,4108.0,70.0,58.0,70.0,2,0,1,0,attack
0.45,icmp,http,SF,5001.0,0.0,75.0,24.0,0,0,0,0,attack
0.64,tcp,http,SF,323.0,378.0,9.0,2.0,1,0,0,0,normal
8.67,udp,ftp,SF,606.0,553.0,2.0,6.0,0,0,0,0,attack
3.16,udp,ftp,SF,377.0,413.0,4.0,8.0,0,0,0,0,normal
1.87,tcp,dns,SF,227.0,459.0,6.0,0.0,0,0,0,0,normal
0.02,icmp,http,S0,3692.0,32.0,34.0,26.0,2,0,0,0,attack
0.32,tcp,http,REJ,5117.0,98.0,21.0,28.0,0,0,2,0,attack
0.76,tcp,dns,SF,128.0,593.0,5.0,4.0,0,0,0,0,normal
0.11,tcp,dns,SF,119.0,499.0,8.0,8.0,0,0,0,0,normal
0.37,udp,private,SF,174.0,525.0,12.0,12.0,1,0,0,0,normal
0.72,icmp,private,REJ,3428.0,65.0,71.0,36.0,3,0,0,0,attack
0.22,icmp,ftp,SF,0.0,391.0,5.0,5.0,0,0,0,0,normal
3.06,icmp,dns,SF,675.0,684.0,5.0,4.0,0,0,0,0,normal
1.8,tcp,http,S0,467.0,426.0,0.0,9.0,0,0,0,0,normal
0.02,tcp,ssh,SF,0.0,362.0,0.0,16.0,0,0,0,0,normal
0.11,udp,http,SF,164.0,479.0,13.0,2.0,0,0,0,0,normal
2.58,tcp,private,SF,451.0,348.0,7.0,2.0,0,0,0,0,normal
0.64,icmp,http,RSTO,3052.0,7.0,53.0,61.0,2,0,2,0,attack
0.41,udp,dns,SF,210.0,635.0,3.0,16.0,0,0,0,0,normal
0.9,tcp,ssh,SF,66.0,504.0,16.0,6.0,1,0,0,0,normal
1.33,udp,http,SF,396.0,442.0,10.0,9.0,1,0,0,0,normal
0.35,tcp,http,SF,163.0,557.0,9.0,9.0,0,0,0,0,normal
1.3,tcp,dns,SF,407.0,655.0,15.0,20.0,0,0,0,0,normal
2.86,tcp,ssh,REJ,288.0,788.0,3.0,7.0,0,0,0,0,normal
0.3,tcp,ssh,REJ,158.0,529.0,3.0,0.0,1,0,0,0,normal
0.0,tcp,http,S0,4886.0,26.0,20.0,49.0,1,0,0,0,attack
0.07,udp,http,SF,557.0,584.0,7.0,13.0,0,0,0,0,normal
0.05,tcp,ssh,SF,562.0,405.0,1.0,8.0,1,0,0,0,normal
3.53,tcp,ftp,SF,691.0,525.0,2.0,0.0,0,0,0,0,normal
0.5,tcp,http,SF,289.0,451.0,14.0,6.0,0,0,0,0,normal
0.12,icmp,private,RSTO,4605.0,26.0,22.0,60.0,2,0,0,0,attack
0.12,tcp,ftp,S0,5311.0,87.0,76.0,50.0,1,0,2,0,attack
1.66,icmp,private,SF,0.0,460.0,0.0,11.0,1,0,0,0,normal
0.21,tcp,ssh,SF,383.0,640.0,2.0,10.0,1,0,0,0,normal
0.01,tcp,smtp,RSTO,127.0,363.0,0.0,3.0,0,0,0,0,normal
0.52,tcp,private,REJ,3160.0,113.0,34.0,57.0,2,0,0,0,attack
0.17,udp,http,REJ,3459.0,136.0,27.0,76.0,1,0,2,0,attack
0.05,tcp,dns,S0,3779.0,10.0,29.0,37.0,0,0,0,0,attack
0.12,tcp,smtp,SF,491.0,445.0,5.0,15.0,0,0,0,0,normal
6.83,tcp,smtp,SF,414.0,509.0,16.0,6.0,1,0,0,0,normal
0.52,udp,private,REJ,1450.0,146.0,26.0,56.0,2,1,0,0,attack
0.99,udp,ssh,SF,0.0,689.0,8.0,12.0,0,0,0,0,normal
0.8,icmp,http,REJ,2737.0,11.0,23.0,40.0,1,0,1,0,attack
0.58,tcp,http,RSTO,882.0,640.0,7.0,0.0,1,0,0,0,normal
2.14,tcp,http,REJ,348.0,840.0,1.0,2.0,0,0,0,0,normal
1.85,tcp,dns,SF,511.0,561.0,4.0,12.0,0,0,0,0,attack
5.86,tcp,ftp,SF,446.0,781.0,16.0,12.0,0,0,0,0,normal
0.13,tcp,private,S0,3673.0,85.0,52.0,29.0,0,0,1,0,attack
0.18,icmp,http,S0,3574.0,21.0,77.0,56.0,0,0,2,0,attack
1.33,tcp,dns,SF,763.0,325.0,6.0,10.0,1,0,0,0,normal
0.03,icmp,private,REJ,4701.0,0.0,64.0,37.0,1,0,0,0,attack
0.44,tcp,ssh,SF,354.0,450.0,7.0,5.0,0,0,0,0,normal
2.98,tcp,http,S0,610.0,400.0,6.0,11.0,0,0,0,0,normal
1.9,udp,ftp,SF,631.0,128.0,14.0,6.0,0,0,0,0,normal
4.63,tcp,dns,SF,535.0,423.0,11.0,8.0,0,0,0,0,normal
0.65,icmp,private,S0,3200.0,0.0,40.0,53.0,0,0,0,0,attack
0.25,tcp,private,S0,3776.0,9.0,55.0,64.0,1,0,0,0,attack
6.12,tcp,smtp,SF,358.0,519.0,10.0,6.0,0,0,0,0,normal
0.76,tcp,private,SF,476.0,511.0,9.0,7.0,0,0,0,0,normal
2.5,tcp,private,SF,645.0,323.0,16.0,10.0,0,0,0,0,normal
0.24,tcp,dns,S0,3816.0,0.0,25.0,42.0,0,0,0,0,attack
0.83,tcp,private,SF,156.0,417.0,4.0,9.0,0,0,0,0,normal
1.15,tcp,dns,SF,461.0,156.0,9.0,6.0,0,0,0,0,normal
1.64,tcp,private,S0,496.0,548.0,3.0,0.0,0,0,0,0,normal
0.83,tcp,http,SF,597.0,709.0,7.0,12.0,0,0,0,0,normal
1.18,tcp,dns,SF,529.0,418.0,3.0,8.0,1,0,0,0,normal
0.25,tcp,private,REJ,4259.0,39.0,51.0,60.0,0,0,1,0,attack
0.31,udp,ssh,SF,183.0,793.0,10.0,2.0,0,0,0,0,normal
0.01,udp,private,S0,2992.0,62.0,60.0,31.0,1,0,0,0,attack
2.68,tcp,ssh,SF,67.0,499.0,13.0,3.0,0,0,0,0,normal
0.16,tcp,ftp,RSTO,0.0,584.0,13.0,5.0,0,0,0,0,normal
2.97,udp,http,SF,0.0,610.0,2.0,10.0,1,0,0,0,normal
0.08,tcp,ssh,SF,16.0,471.0,6.0,0.0,0,0,0,0,normal
2.46,tcp,smtp,SF,314.0,514.0,8.0,2.0,1,0,0,0,normal
4.76,tcp,ssh,REJ,135.0,860.0,11.0,3.0,0,0,0,0,normal
1.34,tcp,http,SF,0.0,505.0,0.0,10.0,0,0,0,0,normal
2.16,udp,ftp,SF,0.0,604.0,0.0,11.0,0,0,0,0,normal
0.02,tcp,private,S0,2070.0,23.0,23.0,65.0,1,0,1,0,attack
1.84,tcp,http,SF,0.0,518.0,1.0,0.0,0,0,0,0,normal
0.52,tcp,ftp,SF,427.0,725.0,2.0,10.0,1,0,0,0,normal
1.25,tcp,private,RSTO,0.0,676.0,11.0,4.0,0,0,0,0,normal
0.5,icmp,http,S0,4852.0,119.0,24.0,22.0,0,0,0,0,attack
1.0,tcp,private,SF,263.0,407.0,14.0,7.0,0,0,0,0,normal
0.27,tcp,ssh,S0,3382.0,90.0,74.0,70.0,0,0,0,0,attack
0.26,tcp,ssh,SF,401.0,610.0,3.0,0.0,1,0,0,0,normal
1.09,tcp,http,REJ,0.0,519.0,12.0,11.0,0,0,0,0,normal
1.32,udp,ssh,SF,0.0,719.0,9.0,8.0,0,0,0,0,normal
8.59,udp,dns,SF,161.0,615.0,0.0,15.0,0,0,0,0,normal
3.52,tcp,private,SF,590.0,468.0,8.0,4.0,0,0,0,0,normal
0.55,udp,private,SF,595.0,501.0,3.0,2.0,0,0,0,0,normal
0.59,icmp,http,S0,5387.0,17.0,27.0,47.0,1,1,0,1,attack
0.11,tcp,ssh,S0,4058.0,61.0,37.0,34.0,0,0,0,0,attack
1.28,tcp,ssh,SF,702.0,502.0,2.0,2.0,0,0,0,0,normal
5.14,udp,ssh,S0,383.0,321.0,10.0,10.0,0,0,0,0,normal
0.5,tcp,private,SF,0.0,373.0,6.0,16.0,1,0,0,0,normal
0.06,icmp,ftp,S0,2121.0,6.0,51.0,37.0,1,0,0,0,attack
0.85,tcp,ftp,RSTO,230.0,538.0,3.0,16.0,1,0,0,0,normal
0.54,icmp,smtp,S0,4593.0,51.0,73.0,48.0,1,1,0,0,attack
0.2,icmp,smtp,SF,4574.0,143.0,38.0,42.0,0,0,1,0,attack
0.05,tcp,smtp,SF,507.0,359.0,6.0,0.0,0,0,0,0,normal
0.08,icmp,http,S0,3526.0,118.0,29.0,77.0,1,0,0,0,attack
0.23,tcp,http,S0,5883.0,187.0,77.0,37.0,1,0,1,0,attack
0.94,tcp,ftp,SF,0.0,670.0,10.0,0.0,0,0,0,0,normal
0.06,tcp,http,REJ,2560.0,123.0,29.0,59.0,1,0,2,0,attack
0.18,tcp,dns,SF,491.0,361.0,9.0,13.0,0,0,0,0,normal
0.08,tcp,http,RSTO,3251.0,91.0,61.0,51.0,2,0,0,0,attack
0.74,tcp,ftp,S0,2552.0,190.0,34.0,42.0,0,0,0,0,attack
4.28,tcp,dns,SF,326.0,636.0,1.0,12.0,1,0,0,0,normal
0.07,tcp,private,SF,3387.0,1.0,41.0,56.0,0,0,0,0,attack
0.05,tcp,smtp,S0,4542.0,110.0,29.0,68.0,1,0,1,0,attack
0.07,icmp,http,S0,2669.0,42.0,19.0,23.0,1,1,1,0,attack
1.48,udp,private,SF,0.0,659.0,4.0,7.0,0,0,0,0,normal
0.57,tcp,smtp,SF,223.0,557.0,14.0,3.0,0,0,0,0,normal
0.69,icmp,smtp,REJ,2981.0,81.0,44.0,23.0,0,0,0,0,attack
0.24,tcp,ftp,S0,3932.0,103.0,47.0,51.0,1,1,0,0,attack
1.35,udp,ftp,SF,80.0,527.0,1.0,7.0,0,0,0,0,normal
1.36,tcp,smtp,SF,456.0,500.0,12.0,5.0,0,0,0,0,normal
0.23,tcp,http,S0,5442.0,55.0,36.0,63.0,1,0,0,0,attack
0.95,tcp,private,SF,217.0,448.0,16.0,2.0,1,0,0,0,normal
0.23,tcp,dns,SF,125.0,654.0,6.0,13.0,0,0,0,0,normal
0.77,tcp,http,REJ,2548.0,35.0,32.0,46.0,0,0,1,0,attack
1.24,tcp,http,SF,396.0,464.0,17.0,16.0,0,0,0,0,normal
0.02,icmp,smtp,S0,4547.0,22.0,30.0,25.0,3,0,1,0,attack
1.19,tcp,private,SF,462.0,563.0,3.0,9.0,0,0,0,0,normal
0.54,tcp,ssh,SF,248.0,552.0,12.0,5.0,1,0,0,0,normal
2.46,udp,http,SF,1048.0,405.0,9.0,12.0,1,0,0,0,normal
0.43,icmp,http,S0,4901.0,88.0,64.0,34.0,2,0,0,0,attack
0.51,icmp,http,SF,4270.0,30.0,20.0,75.0,0,0,2,0,attack
0.25,icmp,dns,SF,129.0,385.0,1.0,1.0,0,0,0,0,normal
0.36,tcp,ftp,REJ,720.0,225.0,5.0,8.0,0,0,0,0,normal
0.52,tcp,ftp,SF,344.0,334.0,12.0,2.0,1,0,0,0,normal
0.86,tcp,smtp,SF,201.0,548.0,11.0,7.0,0,0,0,0,normal
0.12,tcp,http,SF,479.0,631.0,22.0,5.0,0,0,0,0,normal
0.66,tcp,smtp,RSTO,4243.0,31.0,34.0,70.0,0,0,0,0,attack
0.54,tcp,private,REJ,4036.0,112.0,73.0,51.0,2,0,0,0,attack
1.75,icmp,dns,SF,380.0,610.0,4.0,15.0,0,0,0,0,normal
0.73,tcp,dns,SF,162.0,640.0,10.0,8.0,0,0,0,0,normal
0.14,tcp,smtp,SF,319.0,118.0,9.0,7.0,1,0,0,0,normal
0.8,tcp,dns,SF,436.0,412.0,14.0,3.0,0,0,0,0,normal
1.11,tcp,private,REJ,3041.0,43.0,56.0,64.0,0,0,1,0,attack
2.41,tcp,ftp,SF,445.0,307.0,5.0,13.0,0,0,0,0,normal
3.56,tcp,http,RSTO,549.0,622.0,6.0,12.0,0,0,0,0,normal
3.33,tcp,http,REJ,124.0,331.0,9.0,6.0,0,0,0,0,normal
0.6,udp,ftp,SF,485.0,556.0,9.0,9.0,0,0,0,0,normal
1.09,tcp,http,SF,292.0,397.0,11.0,12.0,1,0,0,0,normal
0.1,icmp,private,S0,5192.0,117.0,48.0,78.0,0,0,2,0,attack
0.27,udp,http,SF,450.0,631.0,8.0,13.0,0,0,0,0,normal
0.04,udp,dns,S0,3050.0,122.0,56.0,68.0,3,1,0,0,attack
0.5,udp,ssh,SF,929.0,467.0,8.0,5.0,0,0,0,0,normal
1.83,tcp,http,RSTO,4813.0,87.0,52.0,60.0,2,0,0,0,attack
0.06,tcp,private,S0,732.0,125.0,26.0,63.0,0,0,0,0,attack
0.79,tcp,dns,SF,216.0,331.0,11.0,14.0,0,0,0,0,normal
3.98,udp,private,SF,491.0,462.0,2.0,15.0,1,0,0,0,normal
0.34,udp,private,REJ,2789.0,36.0,58.0,68.0,0,1,1,0,attack
0.14,udp,dns,S0,630.0,480.0,13.0,10.0,1,0,0,0,normal
0.4,icmp,ftp,S0,3735.0,33.0,29.0,30.0,0,0,0,0,attack
4.45,udp,http,SF,0.0,401.0,12.0,1.0,0,0,0,0,normal
3.14,udp,dns,SF,949.0,495.0,5.0,0.0,0,0,0,0,normal
0.24,tcp,private,SF,304.0,364.0,14.0,10.0,0,0,0,0,normal
1.27,tcp,private,SF,7.0,578.0,10.0,1.0,0,0,0,0,normal
0.65,udp,private,SF,160.0,485.0,0.0,12.0,1,0,0,0,normal
2.36,tcp,dns,SF,405.0,447.0,2.0,0.0,1,0,0,0,normal
0.57,tcp,smtp,REJ,0.0,602.0,16.0,9.0,1,0,0,0,normal
4.07,udp,smtp,SF,186.0,715.0,0.0,6.0,0,0,0,0,normal
0.17,udp,http,S0,2498.0,33.0,58.0,47.0,3,0,1,0,attack
2.09,tcp,ssh,SF,272.0,565.0,7.0,5.0,0,0,0,0,normal
2.7,udp,private,SF,526.0,345.0,8.0,10.0,1,0,0,0,normal
1.51,udp,http,SF,313.0,573.0,10.0,1.0,1,0,0,0,normal
0.74,tcp,ftp,SF,311.0,263.0,11.0,7.0,1,0,0,0,normal
5.01,udp,http,S0,577.0,560.0,4.0,9.0,0,0,0,0,normal
6.71,tcp,http,SF,384.0,416.0,0.0,10.0,0,0,0,0,normal
0.52,icmp,ftp,S0,3097.0,0.0,53.0,59.0,2,0,0,0,attack
2.07,udp,ftp,SF,142.0,681.0,19.0,7.0,0,0,0,0,attack
0.04,tcp,http,SF,555.0,661.0,14.0,9.0,0,0,0,0,normal
3.58,tcp,ftp,SF,796.0,452.0,11.0,0.0,1,0,0,0,normal
0.71,tcp,dns,RSTO,0.0,657.0,5.0,9.0,0,0,0,0,normal
0.38,tcp,ftp,SF,312.0,508.0,6.0,0.0,1,0,0,0,normal
1.79,udp,dns,SF,164.0,670.0,5.0,4.0,1,0,0,0,normal
0.04,tcp,ftp,S0,2898.0,61.0,56.0,38.0,2,0,1,0,attack
0.01,tcp,http,S0,5642.0,96.0,30.0,25.0,0,0,0,0,attack
0.89,tcp,ssh,SF,0.0,739.0,7.0,13.0,0,0,0,0,normal
2.81,icmp,ftp,REJ,402.0,463.0,7.0,7.0,0,0,0,0,attack
0.09,tcp,http,S0,4328.0,78.0,62.0,20.0,0,0,0,0,attack
1.0,tcp,smtp,SF,376.0,947.0,5.0,16.0,1,0,0,0,normal
0.08,icmp,dns,REJ,5221.0,25.0,51.0,77.0,3,0,1,0,attack
2.48,tcp,ssh,SF,57.0,666.0,9.0,7.0,1,0,0,0,normal
3.88,tcp,dns,SF,0.0,368.0,9.0,9.0,0,0,0,0,normal
0.3,icmp,ftp,S0,4946.0,0.0,36.0,46.0,0,0,0,0,attack
0.14,icmp,private,SF,364.0,357.0,13.0,3.0,0,0,0,0,normal
5.57,icmp,ftp,REJ,113.0,593.0,13.0,7.0,0,0,0,0,normal
1.81,udp,dns,SF,253.0,480.0,11.0,13.0,0,0,0,0,normal
0.15,tcp,private,S0,5782.0,111.0,71.0,49.0,1,0,0,0,normal
2.6,tcp,dns,SF,342.0,603.0,10.0,7.0,0,0,0,0,normal
0.25,tcp,dns,SF,738.0,577.0,3.0,13.0,0,0,0,0,normal
0.2,icmp,ftp,S0,5474.0,101.0,26.0,47.0,3,0,0,0,attack
0.1,tcp,ftp,SF,461.0,526.0,12.0,10.0,1,0,0,0,normal
0.66,tcp,dns,SF,577.0,453.0,9.0,18.0,0,0,0,0,normal
0.91,tcp,private,SF,11.0,817.0,12.0,12.0,1,0,0,0,normal
1.18,tcp,http,SF,2326.0,73.0,66.0,74.0,3,0,0,0,attack
1.1,tcp,private,SF,0.0,422.0,7.0,6.0,1,0,0,0,normal
0.25,tcp,http,REJ,5412.0,111.0,34.0,35.0,0,0,0,0,attack
0.4,tcp,smtp,SF,584.0,695.0,8.0,5.0,0,0,0,0,normal
5.01,tcp,http,SF,72.0,279.0,12.0,1.0,0,0,0,0,normal
0.01,tcp,http,S0,3635.0,22.0,29.0,35.0,1,1,0,0,attack
0.02,udp,ssh,S0,3130.0,79.0,77.0,34.0,0,0,1,0,attack
0.65,tcp,ssh,SF,461.0,435.0,3.0,3.0,0,0,0,0,normal
0.49,icmp,http,REJ,4175.0,0.0,51.0,72.0,3,0,1,0,normal
0.03,tcp,http,S0,337.0,599.0,1.0,0.0,0,0,0,0,normal
0.37,udp,smtp,S0,7443.0,51.0,28.0,24.0,1,0,0,0,attack
0.05,tcp,http,REJ,4914.0,64.0,63.0,64.0,2,0,2,0,normal
0.76,tcp,http,SF,462.0,404.0,12.0,11.0,0,0,0,0,normal
0.25,udp,ssh,SF,452.0,434.0,1.0,15.0,0,0,0,0,attack
0.96,tcp,smtp,SF,0.0,560.0,11.0,15.0,0,0,0,0,normal
0.01,icmp,smtp,REJ,3201.0,104.0,43.0,56.0,1,0,0,0,attack
0.88,icmp,http,S0,3637.0,34.0,58.0,36.0,1,0,0,0,attack
4.59,tcp,ssh,SF,0.0,615.0,7.0,4.0,0,0,0,0,normal
1.53,tcp,ftp,RSTO,323.0,219.0,16.0,11.0,0,0,0,0,normal
0.12,tcp,smtp,S0,3977.0,0.0,24.0,37.0,3,0,0,1,attack
0.1,tcp,private,REJ,3516.0,114.0,58.0,51.0,0,0,0,0,attack
0.39,tcp,ftp,SF,541.0,505.0,16.0,13.0,0,0,0,0,normal
0.17,icmp,smtp,REJ,2946.0,0.0,54.0,34.0,2,0,0,1,attack
0.24,tcp,http,S0,6787.0,46.0,33.0,66.0,1,0,0,0,attack
0.14,udp,ssh,SF,79.0,452.0,6.0,6.0,0,0,0,0,normal
0.56,tcp,ssh,SF,152.0,259.0,8.0,13.0,0,0,0,0,normal
2.39,tcp,ftp,SF,0.0,342.0,5.0,11.0,0,0,0,0,normal
0.24,tcp,http,REJ,4632.0,23.0,51.0,77.0,1,0,0,0,attack
0.49,icmp,private,SF,442.0,680.0,11.0,6.0,1,0,0,0,normal
0.03,tcp,private,S0,5666.0,19.0,31.0,27.0,3,1,2,0,attack
1.58,tcp,smtp,REJ,723.0,672.0,0.0,3.0,0,0,0,0,normal
1.0,icmp,ssh,SF,95.0,476.0,4.0,5.0,0,0,0,0,normal
0.06,icmp,ftp,REJ,4164.0,10.0,54.0,55.0,3,0,0,0,normal
1.43,udp,ftp,SF,216.0,391.0,8.0,19.0,0,0,0,0,attack
0.15,tcp,private,REJ,5939.0,0.0,44.0,24.0,2,0,0,0,attack
0.18,udp,ssh,SF,0.0,762.0,9.0,7.0,0,0,0,0,normal
2.54,tcp,ssh,SF,451.0,507.0,13.0,4.0,0,0,0,0,normal
1.69,tcp,ssh,SF,216.0,385.0,9.0,8.0,0,0,0,0,normal
0.24,tcp,http,SF,238.0,720.0,18.0,12.0,1,0,0,0,attack
1.03,tcp,http,REJ,0.0,399.0,6.0,2.0,0,0,0,0,normal
0.24,icmp,http,REJ,4134.0,27.0,51.0,67.0,0,0,0,0,attack
0.66,tcp,private,SF,178.0,621.0,11.0,3.0,0,0,0,0,normal
3.09,tcp,ssh,SF,0.0,405.0,14.0,4.0,1,0,0,0,normal
0.63,tcp,dns,SF,0.0,826.0,10.0,15.0,0,0,0,0,normal
0.14,tcp,http,REJ,3108.0,63.0,38.0,26.0,0,0,0,1,attack
2.19,udp,ftp,SF,505.0,502.0,7.0,11.0,0,0,0,0,normal
0.08,tcp,ftp,REJ,4517.0,131.0,77.0,47.0,0,0,1,0,attack
0.08,tcp,private,REJ,2326.0,73.0,55.0,76.0,3,0,0,0,attack
0.43,tcp,http,SF,743.0,383.0,7.0,13.0,0,0,0,0,normal
1.29,icmp,ftp,REJ,3711.0,0.0,60.0,77.0,0,0,0,0,attack
4.68,icmp,smtp,SF,401.0,357.0,20.0,1.0,0,0,0,0,normal
1.27,tcp,smtp,SF,172.0,691.0,17.0,11.0,0,0,0,0,normal
0.06,tcp,ftp,REJ,150.0,529.0,13.0,8.0,0,0,0,0,normal
0.8,icmp,http,S0,2549.0,115.0,57.0,74.0,1,0,0,0,attack
4.42,udp,dns,SF,530.0,286.0,3.0,1.0,1,0,0,0,normal
1.65,icmp,ssh,SF,94.0,875.0,6.0,4.0,1,0,0,0,normal
5.48,udp,ssh,SF,461.0,269.0,0.0,22.0,0,0,0,0,normal
0.14,tcp,ssh,SF,0.0,307.0,17.0,8.0,0,0,0,0,normal
0.11,udp,ssh,SF,389.0,573.0,10.0,4.0,0,0,0,0,normal
1.36,tcp,private,RSTO,3014.0,101.0,17.0,35.0,2,0,1,0,attack
0.59,tcp,dns,SF,228.0,495.0,12.0,3.0,0,0,0,0,normal
0.22,tcp,ftp,SF,0.0,556.0,11.0,9.0,0,0,0,0,normal
3.29,tcp,http,SF,561.0,552.0,16.0,12.0,0,0,0,0,normal
1.17,tcp,ssh,SF,67.0,362.0,11.0,16.0,0,0,0,0,normal
0.05,icmp,private,SF,4813.0,0.0,63.0,44.0,1,0,1,0,attack
3.08,tcp,http,SF,300.0,168.0,10.0,5.0,0,0,0,0,normal
1.14,udp,http,SF,463.0,537.0,5.0,12.0,0,0,0,0,normal
0.23,tcp,dns,SF,459.0,773.0,8.0,19.0,1,0,0,0,normal
6.25,udp,ftp,SF,563.0,639.0,1.0,0.0,1,0,0,0,normal
0.54,udp,http,SF,287.0,429.0,6.0,14.0,0,0,0,0,normal
0.12,tcp,private,SF,15.0,394.0,6.0,2.0,1,0,0,0,normal
1.51,tcp,ftp,SF,0.0,378.0,13.0,14.0,0,0,0,0,normal
0.05,tcp,http,REJ,4171.0,97.0,66.0,33.0,2,0,0,0,attack
1.66,tcp,private,SF,88.0,276.0,2.0,0.0,0,0,0,0,normal
0.04,tcp,ssh,S0,616.0,463.0,8.0,3.0,0,0,0,0,normal
2.48,tcp,smtp,SF,177.0,397.0,11.0,15.0,0,0,0,0,normal
6.28,udp,http,SF,241.0,630.0,11.0,11.0,1,0,0,0,normal
0.54,udp,dns,SF,92.0,496.0,10.0,10.0,1,0,0,0,normal
0.15,tcp,smtp,SF,228.0,616.0,14.0,4.0,0,0,0,0,normal
0.26,tcp,ssh,SF,0.0,376.0,4.0,7.0,0,0,0,0,normal
1.11,udp,private,SF,684.0,562.0,11.0,16.0,0,0,0,0,normal
0.99,tcp,private,SF,674.0,591.0,2.0,4.0,0,0,0,0,normal
0.71,tcp,http,SF,922.0,638.0,11.0,11.0,0,0,0,0,normal
11.35,tcp,http,SF,0.0,589.0,11.0,16.0,1,0,0,0,normal
0.12,icmp,ssh,S0,3673.0,18.0,75.0,50.0,1,0,0,0,attack
0.09,udp,smtp,SF,33.0,434.0,11.0,2.0,0,0,0,0,normal
5.3,tcp,ssh,SF,192.0,375.0,8.0,17.0,0,0,0,0,normal
3.79,tcp,dns,SF,362.0,560.0,4.0,7.0,0,0,0,0,normal
0.0,icmp,ftp,S0,2704.0,62.0,35.0,55.0,0,0,0,0,attack
1.86,tcp,http,SF,157.0,665.0,13.0,6.0,0,0,0,0,normal
2.73,tcp,smtp,SF,616.0,318.0,8.0,2.0,0,0,0,0,normal
3.77,tcp,ftp,RSTO,0.0,570.0,5.0,8.0,0,0,0,0,normal
0.03,icmp,private,SF,4255.0,0.0,68.0,34.0,0,0,0,0,attack
1.19,udp,smtp,SF,454.0,410.0,9.0,2.0,0,0,0,0,normal
0.12,tcp,dns,REJ,3862.0,37.0,38.0,74.0,0,0,0,0,attack
0.62,icmp,private,S0,5249.0,88.0,54.0,52.0,0,0,0,0,attack
0.2,icmp,private,S0,4610.0,0.0,74.0,44.0,1,0,1,0,attack
0.86,tcp,http,REJ,80.0,472.0,3.0,8.0,0,0,0,0,normal
3.1,udp,private,REJ,0.0,671.0,22.0,0.0,0,0,0,0,normal
5.18,udp,smtp,SF,49.0,333.0,11.0,4.0,0,0,0,0,normal
2.3,tcp,smtp,SF,458.0,543.0,6.0,18.0,0,0,0,0,normal
0.02,tcp,dns,RSTO,5455.0,76.0,59.0,23.0,3,1,0,0,attack
2.88,tcp,private,SF,79.0,708.0,8.0,9.0,0,0,0,0,normal
5.25,tcp,ftp,SF,0.0,548.0,10.0,0.0,0,0,0,0,normal
0.22,tcp,ftp,SF,0.0,467.0,0.0,5.0,0,0,0,0,normal
0.5,udp,dns,REJ,0.0,620.0,3.0,9.0,0,0,0,0,normal
1.03,udp,http,RSTO,204.0,592.0,9.0,9.0,0,0,0,0,normal
0.24,tcp,private,SF,4076.0,25.0,52.0,21.0,2,0,0,0,normal
0.08,tcp,dns,S0,2676.0,54.0,37.0,70.0,3,0,1,0,attack
1.99,udp,ssh,SF,668.0,636.0,4.0,3.0,0,0,0,0,normal
1.44,tcp,ftp,SF,92.0,530.0,11.0,13.0,0,0,0,0,normal
3.77,icmp,dns,RSTO,350.0,792.0,0.0,11.0,0,0,0,0,normal
5.98,tcp,ssh,SF,0.0,783.0,10.0,0.0,0,0,0,0,normal
3.78,udp,dns,REJ,396.0,536.0,9.0,0.0,0,0,0,0,normal
8.61,tcp,smtp,SF,261.0,336.0,9.0,11.0,1,0,0,0,normal
0.01,icmp,http,S0,4732.0,82.0,78.0,24.0,2,0,0,1,attack
0.66,tcp,private,SF,204.0,714.0,18.0,17.0,0,0,0,0,normal
2.28,tcp,ftp,RSTO,0.0,555.0,7.0,4.0,0,0,0,0,normal
1.16,tcp,ftp,SF,871.0,724.0,6.0,11.0,0,0,0,0,normal
3.09,tcp,dns,SF,347.0,372.0,5.0,14.0,1,0,0,0,normal
0.05,udp,http,SF,6402.0,0.0,67.0,19.0,2,0,2,0,attack
0.88,tcp,http,SF,540.0,511.0,8.0,0.0,0,0,0,0,normal
0.09,icmp,smtp,SF,581.0,247.0,8.0,16.0,0,0,0,0,normal
0.14,tcp,http,S0,2301.0,0.0,42.0,32.0,1,0,0,0,attack
0.45,tcp,ftp,SF,235.0,527.0,4.0,15.0,0,0,0,0,normal
0.07,udp,http,REJ,4324.0,0.0,61.0,19.0,1,0,0,0,attack
0.29,icmp,http,SF,3229.0,71.0,50.0,38.0,0,0,0,1,attack
0.94,tcp,http,SF,607.0,578.0,4.0,19.0,0,0,0,0,normal
0.48,icmp,http,S0,3224.0,109.0,38.0,74.0,2,0,0,0,attack
1.77,tcp,private,SF,134.0,498.0,9.0,13.0,0,0,0,0,normal
1.5,tcp,smtp,SF,104.0,405.0,11.0,7.0,1,0,0,0,attack
2.19,tcp,dns,SF,0.0,481.0,6.0,23.0,1,0,0,0,normal
3.48,tcp,ftp,SF,107.0,525.0,13.0,0.0,0,0,0,0,normal
1.33,tcp,private,SF,272.0,532.0,4.0,16.0,1,0,0,0,normal
0.71,udp,private,SF,527.0,470.0,15.0,5.0,0,0,0,0,attack
0.71,icmp,ftp,S0,5044.0,31.0,69.0,72.0,0,0,0,0,attack
5.92,tcp,private,SF,302.0,157.0,6.0,8.0,1,0,0,0,normal
0.97,icmp,ssh,SF,498.0,667.0,11.0,0.0,0,0,0,0,normal
0.31,tcp,smtp,S0,4223.0,0.0,60.0,29.0,3,0,2,0,attack
1.96,tcp,http,SF,455.0,537.0,1.0,8.0,1,0,0,0,normal
4.13,tcp,http,RSTO,206.0,337.0,8.0,13.0,0,0,0,0,normal
0.84,tcp,ftp,S0,5473.0,42.0,79.0,13.0,0,0,0,0,attack
3.28,tcp,ssh,SF,94.0,434.0,0.0,3.0,0,0,0,0,normal
0.02,udp,http,S0,3369.0,18.0,74.0,32.0,3,1,0,0,attack
2.2,tcp,dns,REJ,3788.0,11.0,60.0,22.0,3,0,0,0,attack
0.8,icmp,private,S0,5256.0,91.0,27.0,54.0,2,0,1,0,attack
1.09,tcp,dns,SF,628.0,542.0,12.0,11.0,0,0,0,0,normal
0.21,icmp,http,RSTO,3612.0,86.0,69.0,53.0,2,0,1,0,attack
0.93,tcp,http,SF,636.0,394.0,6.0,10.0,0,0,0,0,normal
1.15,tcp,ssh,SF,301.0,274.0,3.0,9.0,0,0,0,0,normal
11.17,tcp,smtp,SF,240.0,429.0,13.0,12.0,0,0,0,0,normal
2.56,tcp,private,SF,459.0,415.0,9.0,4.0,0,0,0,0,normal
0.01,icmp,smtp,S0,3459.0,100.0,29.0,28.0,1,0,0,0,attack
3.05,tcp,private,SF,626.0,111.0,8.0,6.0,0,0,0,0,normal
0.94,tcp,http,SF,30.0,571.0,13.0,21.0,1,0,0,0,normal
3.85,udp,ftp,SF,712.0,595.0,0.0,4.0,0,0,0,0,normal
0.02,icmp,http,S0,4779.0,13.0,48.0,36.0,1,0,0,0,attack
0.65,tcp,http,SF,347.0,717.0,6.0,16.0,0,0,0,0,normal
6.64,tcp,ssh,SF,241.0,653.0,11.0,9.0,0,0,0,0,normal
0.3,tcp,dns,RSTO,423.0,562.0,12.0,12.0,0,0,0,0,normal
0.08,tcp,ftp,REJ,5477.0,90.0,46.0,48.0,1,1,0,0,attack
1.61,tcp,ftp,SF,0.0,514.0,11.0,8.0,0,0,0,0,normal
0.3,tcp,dns,SF,479.0,358.0,13.0,14.0,0,0,0,0,normal
1.92,udp,dns,SF,1.0,656.0,4.0,17.0,0,0,0,0,normal
8.29,tcp,smtp,RSTO,0.0,290.0,8.0,0.0,1,0,0,0,normal
1.53,tcp,ssh,SF,270.0,574.0,10.0,0.0,0,0,0,0,attack
0.02,tcp,dns,SF,272.0,405.0,11.0,3.0,0,0,0,0,normal
1.28,udp,http,SF,272.0,729.0,2.0,8.0,0,0,0,0,normal
1.32,tcp,ftp,SF,257.0,669.0,1.0,12.0,0,0,0,0,normal
1.96,tcp,private,SF,178.0,536.0,8.0,18.0,0,0,0,0,normal
0.13,tcp,dns,SF,138.0,730.0,12.0,9.0,0,0,0,0,normal
0.59,tcp,http,RSTO,4181.0,125.0,74.0,28.0,2,0,0,0,attack
0.14,tcp,ftp,S0,3948.0,12.0,58.0,68.0,3,0,0,0,attack
4.85,tcp,private,RSTO,0.0,536.0,19.0,10.0,1,0,0,0,normal
0.07,udp,dns,SF,2406.0,11.0,57.0,27.0,1,0,0,0,attack
5.53,tcp,dns,SF,317.0,370.0,0.0,5.0,0,0,0,0,normal
2.59,tcp,dns,SF,212.0,472.0,3.0,8.0,0,0,0,0,normal
2.77,tcp,ftp,SF,569.0,147.0,6.0,11.0,0,0,0,0,normal
0.07,tcp,ssh,REJ,2340.0,24.0,65.0,67.0,0,1,0,0,attack
0.03,tcp,ftp,S0,3812.0,124.0,75.0,28.0,3,0,1,0,attack
0.85,udp,private,SF,0.0,292.0,15.0,12.0,0,0,0,0,normal
0.15,tcp,private,REJ,4001.0,78.0,31.0,83.0,1,0,0,0,attack
0.05,icmp,private,REJ,4254.0,161.0,62.0,63.0,1,0,0,0,attack
0.04,icmp,smtp,RSTO,7093.0,46.0,43.0,34.0,0,0,0,0,attack
1.49,tcp,ftp,SF,284.0,370.0,3.0,6.0,0,0,0,0,normal
0.84,tcp,dns,SF,48.0,473.0,13.0,8.0,0,0,0,0,normal
0.23,icmp,http,SF,4406.0,25.0,43.0,41.0,3,0,0,0,attack
4.79,udp,smtp,SF,312.0,922.0,3.0,11.0,0,0,0,0,normal
0.35,tcp,private,RSTO,2835.0,49.0,38.0,80.0,3,0,0,0,attack
0.92,tcp,http,S0,2693.0,19.0,58.0,78.0,3,0,2,0,attack
0.02,udp,ssh,SF,0.0,425.0,6.0,13.0,1,0,0,0,normal
0.53,tcp,ftp,SF,410.0,585.0,7.0,2.0,1,0,0,0,normal
1.05,icmp,http,S0,6825.0,40.0,32.0,52.0,0,0,0,0,attack
0.14,tcp,dns,SF,101.0,536.0,9.0,4.0,0,0,0,0,normal
0.01,tcp,smtp,S0,4210.0,21.0,61.0,32.0,2,0,0,0,attack
6.06,icmp,dns,SF,0.0,121.0,5.0,0.0,1,0,0,0,normal
1.29,tcp,private,SF,284.0,523.0,11.0,15.0,0,0,0,0,normal
3.68,icmp,ftp,SF,566.0,612.0,4.0,4.0,0,0,0,0,normal
0.59,tcp,http,S0,3478.0,116.0,70.0,47.0,2,0,2,0,attack
2.19,udp,ssh,SF,389.0,465.0,8.0,3.0,0,0,0,0,normal
4.02,udp,dns,REJ,435.0,384.0,14.0,2.0,1,0,0,0,normal
0.22,tcp,dns,SF,161.0,543.0,10.0,6.0,0,0,0,0,normal
5.79,tcp,smtp,SF,403.0,381.0,4.0,10.0,0,0,0,0,normal
5.86,udp,ftp,SF,571.0,366.0,13.0,9.0,0,0,0,0,normal
0.94,tcp,private,SF,1893.0,18.0,48.0,23.0,1,0,0,0,attack
0.82,icmp,private,SF,4552.0,23.0,43.0,31.0,1,0,2,0,attack
2.48,udp,smtp,SF,438.0,665.0,3.0,10.0,0,0,0,0,normal
1.3,tcp,http,REJ,3952.0,1.0,44.0,62.0,2,0,0,0,attack
0.63,tcp,smtp,S0,4627.0,78.0,65.0,51.0,0,0,0,0,attack
0.21,tcp,http,REJ,2611.0,50.0,65.0,31.0,3,1,1,0,attack
0.03,tcp,ftp,REJ,5478.0,13.0,77.0,75.0,0,0,1,0,attack
4.37,tcp,ssh,SF,541.0,657.0,16.0,11.0,0,0,0,0,normal
2.92,udp,dns,RSTO,551.0,428.0,4.0,3.0,0,0,0,0,normal
1.7,udp,http,SF,654.0,607.0,5.0,11.0,0,0,0,0,normal
0.1,tcp,smtp,S0,3563.0,89.0,16.0,23.0,0,0,0,0,attack
5.53,tcp,dns,S0,0.0,528.0,0.0,10.0,0,0,0,0,normal
0.67,tcp,smtp,S0,5153.0,102.0,36.0,43.0,3,0,1,0,attack
2.94,udp,private,SF,12.0,219.0,12.0,2.0,1,0,0,0,normal
0.1,tcp,smtp,RSTO,2667.0,88.0,35.0,75.0,0,0,1,0,attack
0.55,udp,ssh,REJ,391.0,530.0,12.0,7.0,0,0,0,0,normal
1.62,tcp,private,SF,960.0,432.0,6.0,4.0,0,0,0,0,normal
0.93,tcp,ssh,RSTO,910.0,773.0,3.0,4.0,1,0,0,0,normal
7.97,tcp,ftp,SF,215.0,605.0,1.0,8.0,0,0,0,0,normal
0.27,icmp,http,S0,4771.0,46.0,20.0,62.0,0,0,1,0,attack
1.44,tcp,http,SF,638.0,606.0,7.0,5.0,0,0,0,0,normal
0.51,udp,http,SF,105.0,661.0,0.0,0.0,0,0,0,0,attack
0.22,tcp,ftp,REJ,5429.0,117.0,77.0,68.0,0,0,2,0,attack
2.58,tcp,smtp,SF,532.0,463.0,4.0,9.0,0,0,0,0,normal
0.34,tcp,http,S0,5386.0,120.0,41.0,59.0,3,0,0,0,attack
1.34,udp,http,SF,299.0,610.0,1.0,18.0,0,0,0,0,normal
0.39,tcp,http,RSTO,1466.0,0.0,74.0,57.0,0,0,0,0,attack
3.97,tcp,private,SF,435.0,629.0,0.0,5.0,0,0,0,0,normal
1.94,udp,private,RSTO,263.0,546.0,1.0,11.0,0,0,0,0,normal
0.35,tcp,dns,REJ,1623.0,96.0,28.0,28.0,0,0,0,0,attack
1.73,icmp,smtp,SF,682.0,623.0,12.0,0.0,0,0,0,0,normal
0.26,tcp,http,REJ,1659.0,0.0,46.0,51.0,1,0,2,0,attack
0.52,udp,dns,S0,6282.0,100.0,58.0,18.0,2,0,0,0,attack
1.37,tcp,ftp,SF,131.0,300.0,11.0,0.0,1,0,0,0,normal
1.24,tcp,ftp,REJ,352.0,636.0,11.0,16.0,0,0,0,0,normal
2.73,tcp,dns,S0,561.0,555.0,16.0,21.0,0,0,0,0,normal
2.14,tcp,dns,SF,458.0,523.0,0.0,1.0,0,0,0,0,normal
0.29,tcp,dns,SF,353.0,520.0,16.0,11.0,0,0,0,0,normal
0.18,icmp,smtp,S0,4690.0,0.0,44.0,58.0,2,0,1,0,attack
0.43,tcp,smtp,SF,426.0,596.0,10.0,10.0,0,0,0,0,normal
0.45,udp,ftp,SF,402.0,799.0,6.0,13.0,1,0,0,0,normal
0.02,tcp,http,SF,581.0,632.0,8.0,4.0,0,0,0,0,normal
4.92,tcp,private,SF,143.0,394.0,9.0,4.0,0,0,0,0,normal
0.74,tcp,ftp,SF,270.0,392.0,2.0,2.0,0,0,0,0,normal
2.74,icmp,ftp,SF,553.0,392.0,14.0,12.0,0,0,0,0,attack
0.84,tcp,private,SF,599.0,422.0,0.0,11.0,1,0,0,0,normal
1.65,tcp,ssh,SF,435.0,634.0,0.0,13.0,0,0,0,0,normal
0.32,tcp,http,S0,2649.0,64.0,29.0,55.0,1,0,0,0,attack
3.58,icmp,ssh,SF,605.0,442.0,2.0,12.0,0,0,0,0,normal
0.07,tcp,dns,SF,0.0,648.0,16.0,22.0,1,0,0,0,normal
0.19,tcp,http,S0,3952.0,12.0,43.0,36.0,1,0,2,0,attack
0.26,tcp,dns,SF,215.0,624.0,7.0,0.0,0,0,0,0,normal
8.2,tcp,ssh,REJ,319.0,664.0,8.0,16.0,0,0,0,0,normal
0.24,udp,ssh,SF,480.0,564.0,3.0,4.0,0,0,0,0,normal
1.49,tcp,http,SF,464.0,470.0,6.0,12.0,0,0,0,0,normal
0.06,tcp,private,S0,4462.0,0.0,46.0,48.0,0,0,0,0,attack
1.2,tcp,dns,SF,614.0,509.0,2.0,10.0,0,0,0,0,normal
0.58,tcp,ftp,SF,91.0,617.0,9.0,6.0,0,0,0,0,normal
1.49,tcp,ssh,SF,0.0,535.0,4.0,12.0,0,0,0,0,normal
0.85,tcp,dns,SF,343.0,579.0,4.0,3.0,0,0,0,0,normal
0.16,udp,http,REJ,336.0,596.0,7.0,9.0,0,0,0,0,normal
1.46,tcp,ftp,SF,477.0,16.0,2.0,10.0,0,0,0,0,normal
1.69,tcp,dns,SF,406.0,675.0,11.0,9.0,1,0,0,0,normal
5.46,udp,ftp,SF,539.0,485.0,3.0,0.0,0,0,0,0,normal
1.65,udp,dns,SF,364.0,488.0,1.0,4.0,0,0,0,0,normal
1.93,tcp,ftp,SF,328.0,170.0,0.0,5.0,0,0,0,0,normal
0.39,tcp,private,RSTO,4006.0,124.0,71.0,59.0,0,0,0,0,attack
0.42,tcp,ftp,SF,302.0,384.0,0.0,6.0,0,0,0,0,normal
0.39,icmp,http,REJ,4027.0,67.0,48.0,28.0,2,0,2,0,attack
0.03,icmp,private,RSTO,3470.0,141.0,29.0,47.0,2,0,0,0,attack
0.01,icmp,http,S0,3579.0,84.0,33.0,34.0,3,0,0,0,attack
2.6,tcp,http,SF,289.0,219.0,15.0,0.0,0,0,0,0,attack
0.06,udp,http,RSTO,2969.0,125.0,30.0,61.0,1,0,0,0,attack
3.68,udp,private,SF,475.0,577.0,9.0,1.0,0,0,0,0,normal
0.29,udp,dns,S0,193.0,176.0,0.0,3.0,0,0,0,0,normal
0.16,tcp,private,RSTO,1633.0,27.0,42.0,16.0,0,0,2,0,attack
0.58,tcp,smtp,SF,513.0,779.0,4.0,8.0,1,0,0,0,normal
1.89,tcp,ftp,SF,431.0,391.0,0.0,5.0,0,0,0,0,normal
3.3,udp,private,SF,757.0,472.0,13.0,15.0,0,0,0,0,normal
2.41,tcp,private,SF,191.0,524.0,7.0,10.0,0,0,0,0,normal
1.81,udp,private,SF,479.0,626.0,3.0,9.0,0,0,0,0,normal
0.76,icmp,private,S0,4207.0,15.0,46.0,56.0,0,0,0,0,attack
0.69,udp,dns,SF,210.0,234.0,2.0,5.0,0,0,0,0,normal
0.99,icmp,private,SF,275.0,688.0,14.0,6.0,0,0,0,0,normal
5.87,udp,ssh,SF,166.0,530.0,4.0,9.0,0,0,0,0,normal
0.02,icmp,smtp,SF,5073.0,36.0,70.0,49.0,1,0,1,0,attack
0.37,tcp,http,REJ,431.0,590.0,0.0,8.0,1,0,0,0,normal
1.15,tcp,http,SF,472.0,724.0,12.0,16.0,0,0,0,0,normal
2.5,tcp,http,SF,343.0,431.0,13.0,0.0,1,0,0,0,normal
1.43,udp,ftp,SF,616.0,562.0,2.0,10.0,0,0,0,0,normal
3.44,tcp,private,SF,245.0,516.0,9.0,14.0,0,0,0,0,normal
0.49,udp,smtp,RSTO,35.0,317.0,8.0,12.0,1,0,0,0,normal
0.56,icmp,http,S0,3425.0,39.0,50.0,70.0,1,1,1,0,attack
2.28,udp,smtp,SF,385.0,198.0,5.0,0.0,0,0,0,0,normal
0.05,tcp,ssh,SF,279.0,513.0,13.0,10.0,0,0,0,0,normal
3.22,tcp,private,SF,381.0,660.0,12.0,11.0,0,0,0,0,normal
3.07,tcp,http,SF,750.0,168.0,11.0,10.0,0,0,0,0,normal
0.61,icmp,ssh,SF,0.0,443.0,6.0,19.0,0,0,0,0,normal
0.15,icmp,http,REJ,2757.0,104.0,69.0,37.0,1,1,0,0,attack
6.83,tcp,ssh,SF,405.0,386.0,10.0,2.0,0,0,0,0,normal
2.73,tcp,http,SF,131.0,716.0,4.0,8.0,0,0,0,0,normal
1.56,tcp,ftp,SF,558.0,466.0,4.0,4.0,0,0,0,0,normal
1.46,tcp,private,SF,292.0,620.0,5.0,12.0,0,0,0,0,normal
0.63,tcp,http,S0,3697.0,72.0,26.0,51.0,1,0,0,0,attack
5.35,udp,http,SF,363.0,538.0,10.0,16.0,1,0,0,0,normal
0.14,tcp,private,REJ,6612.0,164.0,21.0,52.0,0,0,2,1,attack
1.49,tcp,private,SF,470.0,497.0,1.0,11.0,0,0,0,0,normal
3.94,tcp,ftp,SF,464.0,400.0,4.0,0.0,1,0,0,0,normal
0.38,tcp,ftp,SF,148.0,540.0,9.0,7.0,0,0,0,0,attack
3.21,tcp,ftp,SF,516.0,370.0,4.0,7.0,1,0,0,0,normal
0.66,icmp,private,S0,2458.0,57.0,66.0,33.0,0,0,0,0,attack
5.55,udp,dns,SF,592.0,461.0,2.0,7.0,1,0,0,0,normal
0.19,tcp,ssh,SF,581.0,347.0,17.0,0.0,0,0,0,0,normal
1.45,icmp,ssh,S0,172.0,304.0,16.0,6.0,0,0,0,0,normal
3.68,tcp,ftp,SF,72.0,528.0,10.0,5.0,0,0,0,0,normal
2.75,udp,private,SF,684.0,757.0,7.0,10.0,0,0,0,0,normal
1.08,tcp,ftp,SF,754.0,514.0,9.0,17.0,0,0,0,0,normal
2.4,tcp,smtp,SF,43.0,441.0,8.0,6.0,0,0,0,0,normal
3.63,icmp,ssh,SF,237.0,531.0,0.0,6.0,0,0,0,0,normal
0.37,tcp,private,S0,3523.0,0.0,22.0,52.0,0,0,0,0,attack
0.1,icmp,private,S0,6013.0,27.0,39.0,46.0,0,0,0,0,attack
3.91,tcp,http,SF,43.0,663.0,13.0,12.0,1,0,0,0,normal
2.29,udp,ssh,SF,326.0,521.0,2.0,6.0,1,0,0,0,normal
3.34,tcp,http,SF,130.0,581.0,1.0,6.0,0,0,0,0,normal
0.9,udp,smtp,REJ,0.0,472.0,9.0,10.0,1,0,0,0,normal
0.53,tcp,http,SF,332.0,675.0,2.0,14.0,0,0,0,0,normal
2.84,udp,ftp,SF,392.0,551.0,2.0,7.0,0,0,0,0,normal
1.49,tcp,smtp,SF,195.0,410.0,19.0,5.0,0,0,0,0,normal
5.27,tcp,ssh,SF,837.0,571.0,8.0,0.0,0,0,0,0,normal
1.53,tcp,dns,SF,556.0,661.0,10.0,1.0,0,0,0,0,normal
1.07,tcp,smtp,SF,575.0,632.0,0.0,16.0,0,0,0,0,normal
0.66,tcp,dns,REJ,1120.0,635.0,0.0,13.0,0,0,0,0,normal
0.8,tcp,private,SF,826.0,487.0,5.0,3.0,0,0,0,0,normal
0.02,tcp,dns,SF,0.0,532.0,11.0,8.0,1,0,0,0,normal
3.69,tcp,private,SF,582.0,377.0,14.0,11.0,0,0,0,0,normal
0.32,tcp,http,S0,4620.0,51.0,66.0,66.0,1,0,0,0,attack
0.35,tcp,dns,SF,206.0,422.0,12.0,3.0,0,0,0,0,normal
0.13,icmp,http,REJ,3701.0,37.0,63.0,55.0,3,0,0,0,attack
1.39,tcp,private,SF,838.0,436.0,13.0,1.0,0,0,0,0,normal
0.41,tcp,ssh,SF,249.0,818.0,16.0,4.0,0,0,0,0,normal
0.08,icmp,private,RSTO,4428.0,37.0,25.0,23.0,0,0,0,0,attack
0.4,udp,ssh,SF,1043.0,591.0,7.0,7.0,0,0,0,0,normal
0.18,udp,private,S0,7168.0,83.0,41.0,74.0,1,0,1,0,normal
3.57,tcp,smtp,SF,537.0,445.0,6.0,7.0,1,0,0,0,normal
2.82,tcp,http,SF,284.0,614.0,11.0,6.0,1,0,0,0,normal
0.34,tcp,http,REJ,2258.0,63.0,83.0,61.0,1,0,0,0,attack
5.97,tcp,http,SF,466.0,523.0,11.0,5.0,0,0,0,0,normal
0.1,tcp,http,REJ,4551.0,4.0,73.0,62.0,1,0,0,0,attack
1.62,tcp,ftp,SF,145.0,540.0,3.0,13.0,1,0,0,0,normal
0.01,tcp,private,S0,3164.0,61.0,67.0,77.0,3,0,2,0,attack
2.09,udp,private,RSTO,150.0,619.0,5.0,6.0,0,0,0,0,normal
0.02,icmp,private,S0,3332.0,0.0,72.0,31.0,1,0,0,0,attack
0.2,udp,smtp,SF,152.0,255.0,16.0,3.0,0,0,0,0,normal
3.44,tcp,http,SF,0.0,240.0,7.0,4.0,0,0,0,0,normal
0.05,tcp,http,REJ,4791.0,38.0,78.0,66.0,2,0,0,0,normal
0.43,udp,ssh,SF,350.0,342.0,10.0,16.0,0,0,0,0,normal
5.98,udp,private,S0,353.0,443.0,10.0,2.0,0,0,0,0,normal
0.1,icmp,http,S0,3281.0,0.0,52.0,68.0,2,0,0,0,attack
2.88,tcp,http,SF,172.0,445.0,0.0,14.0,1,0,0,0,normal
6.26,tcp,dns,SF,259.0,520.0,10.0,3.0,0,0,0,0,normal
0.17,tcp,ssh,REJ,0.0,344.0,7.0,11.0,1,0,0,0,normal
3.23,tcp,smtp,SF,72.0,585.0,5.0,21.0,0,0,0,0,normal
2.46,tcp,http,SF,176.0,323.0,3.0,13.0,1,0,0,0,normal
2.63,tcp,private,SF,530.0,446.0,9.0,11.0,0,0,0,0,normal
0.52,tcp,http,SF,72.0,480.0,10.0,0.0,0,0,0,0,normal
3.85,tcp,http,SF,48.0,223.0,14.0,6.0,0,0,0,0,normal
2.29,tcp,http,SF,277.0,481.0,10.0,3.0,1,0,0,0,normal
1.72,icmp,dns,SF,665.0,502.0,8.0,1.0,1,0,0,0,normal
0.48,tcp,http,SF,4552.0,147.0,59.0,37.0,1,0,2,0,attack
1.37,tcp,ftp,SF,742.0,333.0,5.0,13.0,1,0,0,0,normal
3.3,tcp,private,S0,96.0,598.0,3.0,7.0,0,0,0,0,normal
1.78,tcp,dns,REJ,598.0,531.0,16.0,5.0,0,0,0,0,normal
0.07,tcp,ftp,SF,3519.0,31.0,81.0,57.0,0,0,0,0,attack
0.39,icmp,private,REJ,6450.0,45.0,36.0,57.0,1,0,1,0,attack
2.14,tcp,ftp,SF,446.0,236.0,0.0,8.0,0,0,0,0,normal
0.32,tcp,ftp,SF,539.0,641.0,10.0,10.0,0,0,0,0,normal
0.04,tcp,private,SF,222.0,138.0,8.0,5.0,0,0,0,0,normal
3.01,tcp,ssh,RSTO,409.0,851.0,0.0,0.0,0,0,0,0,normal
0.16,tcp,http,RSTO,4024.0,6.0,45.0,25.0,0,0,1,0,attack
1.6,tcp,ssh,SF,0.0,606.0,9.0,11.0,0,0,0,0,normal
0.98,udp,ftp,SF,208.0,566.0,4.0,6.0,0,0,0,0,normal
0.5,tcp,http,REJ,2675.0,86.0,45.0,41.0,3,0,2,0,attack
2.34,tcp,smtp,SF,651.0,705.0,14.0,16.0,1,0,0,0,normal
4.92,icmp,ftp,SF,0.0,585.0,5.0,6.0,0,0,0,0,normal
2.24,udp,smtp,SF,512.0,714.0,3.0,0.0,0,0,0,0,normal
3.62,tcp,ssh,SF,0.0,564.0,11.0,4.0,0,0,0,0,normal
0.37,icmp,private,S0,4853.0,0.0,61.0,57.0,2,0,0,0,attack
2.29,tcp,ftp,REJ,60.0,690.0,1.0,7.0,0,0,0,0,normal
0.56,tcp,http,SF,464.0,622.0,12.0,19.0,0,0,0,0,normal
2.2,tcp,http,SF,0.0,563.0,7.0,4.0,0,0,0,0,normal
3.25,tcp,http,SF,607.0,349.0,6.0,15.0,0,0,0,0,normal
0.11,icmp,private,REJ,3715.0,165.0,31.0,78.0,3,0,0,0,attack
1.78,tcp,ftp,SF,0.0,563.0,2.0,7.0,1,0,0,0,normal
0.39,icmp,private,S0,5483.0,98.0,54.0,24.0,1,0,0,0,attack
0.56,udp,http,SF,260.0,551.0,8.0,6.0,0,0,0,0,normal
5.29,tcp,smtp,SF,239.0,352.0,0.0,0.0,0,0,0,0,normal
0.18,icmp,private,REJ,3133.0,32.0,67.0,69.0,0,0,0,0,attack
0.12,tcp,http,S0,3568.0,0.0,39.0,73.0,3,0,1,0,attack
0.26,tcp,private,S0,473.0,183.0,14.0,7.0,1,0,0,0,normal
0.22,icmp,http,S0,4920.0,46.0,43.0,21.0,0,0,2,0,attack
1.3,tcp,http,SF,237.0,260.0,5.0,13.0,0,0,0,0,normal
0.24,tcp,ftp,S0,4167.0,49.0,41.0,49.0,1,0,0,0,normal
0.62,tcp,smtp,SF,800.0,544.0,11.0,2.0,0,0,0,0,normal
8.03,udp,ssh,RSTO,193.0,543.0,0.0,14.0,0,0,0,0,normal
0.12,tcp,ftp,REJ,5415.0,68.0,49.0,59.0,0,0,1,0,attack
0.04,icmp,http,S0,3586.0,0.0,71.0,77.0,0,0,0,0,attack
1.67,icmp,smtp,SF,260.0,604.0,9.0,10.0,0,0,0,0,normal
2.74,tcp,http,SF,225.0,297.0,11.0,2.0,0,0,0,0,attack
0.43,tcp,http,SF,336.0,326.0,7.0,10.0,1,0,0,0,normal
2.2,tcp,ftp,S0,35.0,808.0,9.0,13.0,0,0,0,0,normal
1.05,tcp,ssh,REJ,184.0,428.0,2.0,13.0,0,0,0,0,attack
0.27,tcp,dns,SF,0.0,555.0,7.0,8.0,0,0,0,0,normal
3.77,udp,http,SF,506.0,458.0,9.0,10.0,0,0,0,0,normal
0.65,tcp,private,SF,915.0,525.0,5.0,8.0,1,0,0,0,normal
0.08,tcp,http,S0,2172.0,0.0,31.0,35.0,1,0,2,1,attack
0.09,icmp,ftp,REJ,4879.0,0.0,34.0,79.0,1,0,0,0,attack
0.08,tcp,http,SF,3836.0,158.0,68.0,31.0,2,0,2,0,attack
0.12,tcp,smtp,SF,716.0,328.0,17.0,5.0,0,0,0,0,normal
1.01,tcp,ssh,S0,33.0,317.0,10.0,8.0,0,0,0,0,normal
3.43,udp,private,SF,0.0,414.0,7.0,0.0,0,0,0,0,normal
0.72,tcp,dns,SF,258.0,435.0,12.0,17.0,0,0,0,0,normal
1.88,tcp,http,S0,851.0,418.0,14.0,4.0,1,0,0,0,normal
0.3,tcp,ftp,SF,717.0,619.0,12.0,4.0,0,0,0,0,normal
0.04,tcp,private,REJ,4358.0,11.0,48.0,40.0,3,0,0,0,attack
0.52,tcp,private,SF,5224.0,94.0,27.0,40.0,1,1,0,0,attack
0.02,icmp,private,SF,5086.0,165.0,47.0,74.0,3,0,0,0,attack
4.13,udp,http,SF,765.0,386.0,1.0,7.0,0,0,0,0,normal
0.36,udp,private,SF,0.0,618.0,12.0,1.0,0,0,0,0,normal
4.26,udp,ftp,SF,201.0,414.0,3.0,8.0,1,0,0,0,normal
0.55,udp,ssh,SF,476.0,635.0,13.0,10.0,1,0,0,0,normal
0.61,icmp,ftp,REJ,3411.0,39.0,57.0,51.0,1,0,1,0,attack
0.04,icmp,private,SF,3445.0,32.0,77.0,47.0,1,0,2,0,attack
0.22,icmp,http,REJ,2930.0,138.0,38.0,35.0,2,1,0,1,attack
0.8,tcp,http,SF,409.0,725.0,3.0,0.0,1,0,0,0,normal
0.4,icmp,smtp,SF,339.0,408.0,6.0,12.0,0,0,0,0,normal
1.71,tcp,ftp,SF,487.0,221.0,4.0,6.0,0,0,0,0,normal
0.01,icmp,private,SF,5930.0,87.0,31.0,64.0,2,0,0,0,attack
0.01,icmp,ftp,REJ,5080.0,35.0,33.0,59.0,2,0,0,0,attack
4.79,tcp,http,SF,51.0,472.0,14.0,14.0,0,0,0,0,normal
8.3,udp,ssh,SF,344.0,561.0,7.0,1.0,0,0,0,0,normal
4.43,udp,ftp,SF,222.0,527.0,8.0,8.0,1,0,0,0,normal
1.1,udp,smtp,SF,514.0,427.0,5.0,7.0,0,0,0,0,normal
0.99,icmp,http,RSTO,3241.0,0.0,20.0,69.0,1,0,0,0,attack
0.79,icmp,http,SF,3574.0,103.0,34.0,50.0,0,0,0,0,attack
3.7,icmp,smtp,SF,165.0,499.0,6.0,5.0,0,0,0,0,normal
0.27,tcp,ftp,S0,5270.0,41.0,22.0,44.0,0,0,0,0,attack
0.88,tcp,http,S0,2389.0,10.0,61.0,37.0,0,0,0,0,attack
0.56,udp,smtp,SF,292.0,450.0,10.0,8.0,0,0,0,0,normal
1.69,tcp,dns,SF,168.0,526.0,9.0,12.0,0,0,0,0,normal
2.12,tcp,ftp,SF,290.0,661.0,9.0,9.0,1,0,0,0,normal
0.81,tcp,ftp,SF,419.0,621.0,1.0,15.0,0,0,0,0,normal
0.26,tcp,smtp,SF,565.0,606.0,13.0,16.0,0,0,0,0,normal
0.22,udp,http,S0,5383.0,1.0,37.0,80.0,2,0,1,0,attack
4.32,tcp,private,SF,228.0,334.0,0.0,9.0,0,0,0,0,normal
0.59,tcp,http,SF,5086.0,69.0,61.0,38.0,2,0,1,0,attack
2.9,tcp,http,S0,78.0,502.0,14.0,0.0,0,0,0,0,normal
0.99,icmp,private,S0,4128.0,43.0,35.0,80.0,3,0,0,0,attack
0.22,tcp,http,REJ,4268.0,85.0,54.0,43.0,2,0,0,0,attack
0.03,tcp,private,S0,4273.0,43.0,35.0,36.0,3,0,0,0,attack
0.46,udp,smtp,SF,372.0,642.0,11.0,8.0,0,0,0,0,normal
2.04,tcp,smtp,SF,229.0,315.0,2.0,7.0,1,0,0,0,normal
1.04,tcp,ssh,SF,283.0,733.0,2.0,6.0,0,0,0,0,normal
14.77,tcp,http,SF,611.0,348.0,9.0,0.0,1,0,0,0,normal
3.45,tcp,ssh,S0,11.0,573.0,5.0,2.0,0,0,0,0,normal
0.14,udp,http,S0,3528.0,0.0,39.0,49.0,2,0,0,0,attack
0.86,tcp,smtp,SF,90.0,399.0,10.0,15.0,0,0,0,0,normal
0.52,tcp,smtp,SF,319.0,318.0,0.0,10.0,1,0,0,0,normal
0.03,icmp,http,REJ,4703.0,38.0,43.0,45.0,1,0,0,0,normal
0.54,icmp,http,S0,5325.0,122.0,35.0,26.0,3,0,2,0,attack
1.11,tcp,private,SF,451.0,458.0,5.0,13.0,0,0,0,0,normal
0.02,icmp,http,REJ,4899.0,0.0,68.0,44.0,0,0,0,0,attack
0.06,icmp,smtp,S0,2541.0,60.0,68.0,25.0,2,1,0,0,normal
0.04,tcp,dns,SF,290.0,283.0,8.0,3.0,0,0,0,0,normal
0.72,tcp,ssh,SF,417.0,326.0,10.0,2.0,1,0,0,0,normal
0.09,tcp,http,S0,1956.0,54.0,25.0,76.0,2,1,0,0,attack
1.34,tcp,http,SF,115.0,383.0,11.0,0.0,0,0,0,0,normal
0.81,udp,ssh,SF,586.0,590.0,7.0,1.0,0,0,0,0,normal
0.52,tcp,ssh,SF,659.0,340.0,7.0,6.0,0,0,0,0,normal
3.84,tcp,http,SF,642.0,256.0,11.0,1.0,0,0,0,0,normal
0.79,icmp,http,S0,4829.0,113.0,20.0,70.0,2,0,1,0,attack
1.34,tcp,ssh,REJ,150.0,534.0,14.0,4.0,1,0,0,0,normal
9.88,tcp,ssh,SF,314.0,757.0,10.0,0.0,0,0,0,0,normal
0.77,tcp,ssh,SF,0.0,737.0,7.0,0.0,0,0,0,0,attack
0.3,tcp,http,SF,259.0,650.0,6.0,8.0,0,0,0,0,normal
0.09,udp,private,S0,4461.0,20.0,26.0,48.0,1,0,0,0,attack
2.77,tcp,http,SF,41.0,515.0,1.0,12.0,1,0,0,0,normal
1.22,tcp,ssh,SF,413.0,508.0,8.0,14.0,1,0,0,0,normal
0.3,tcp,ssh,SF,289.0,619.0,5.0,6.0,0,0,0,0,normal
6.01,udp,private,RSTO,799.0,464.0,3.0,4.0,0,0,0,0,normal
5.61,tcp,dns,SF,0.0,402.0,6.0,12.0,1,0,0,0,normal
2.87,tcp,ftp,SF,121.0,355.0,1.0,9.0,0,0,0,0,normal
0.44,tcp,http,REJ,5127.0,0.0,30.0,24.0,2,0,0,0,attack
0.56,tcp,dns,SF,321.0,452.0,7.0,3.0,0,0,0,0,normal
0.6,tcp,ftp,SF,27.0,598.0,3.0,8.0,0,0,0,0,normal
0.21,icmp,http,RSTO,4071.0,72.0,72.0,76.0,1,0,0,0,attack
0.18,udp,dns,SF,314.0,564.0,9.0,5.0,0,0,0,0,normal
1.37,tcp,ssh,SF,125.0,544.0,11.0,20.0,0,0,0,0,normal
0.25,icmp,dns,S0,4610.0,0.0,37.0,62.0,2,0,1,0,attack
0.0,icmp,smtp,REJ,1312.0,105.0,45.0,73.0,2,0,0,0,attack
0.17,tcp,ftp,SF,0.0,472.0,4.0,14.0,0,0,0,0,normal
0.8,tcp,dns,SF,782.0,584.0,8.0,9.0,0,0,0,0,normal
0.36,tcp,private,REJ,3356.0,54.0,45.0,53.0,0,0,1,0,attack
0.5,tcp,ssh,SF,379.0,577.0,7.0,13.0,1,0,0,0,normal
4.12,udp,private,SF,506.0,648.0,4.0,8.0,0,0,0,0,normal
0.73,tcp,http,SF,403.0,481.0,1.0,8.0,0,0,0,0,normal
0.38,udp,private,SF,36.0,363.0,11.0,5.0,0,0,0,0,normal
0.04,tcp,private,REJ,642.0,503.0,7.0,9.0,0,0,0,0,normal
1.99,tcp,private,SF,437.0,584.0,15.0,12.0,0,0,0,0,normal
4.1,tcp,private,RSTO,0.0,271.0,15.0,13.0,0,0,0,0,normal
4.3,icmp,private,SF,699.0,312.0,15.0,4.0,0,0,0,0,normal
0.61,icmp,http,SF,3556.0,152.0,71.0,66.0,3,0,1,0,attack
1.62,tcp,ftp,REJ,696.0,338.0,6.0,19.0,0,0,0,0,normal
0.02,tcp,http,SF,218.0,602.0,4.0,6.0,0,0,0,0,attack
1.25,tcp,dns,SF,382.0,796.0,3.0,12.0,0,0,0,0,normal
0.61,icmp,smtp,S0,5103.0,76.0,41.0,63.0,2,0,1,0,attack
0.34,tcp,http,SF,0.0,363.0,7.0,9.0,1,0,0,0,normal
5.01,tcp,ssh,SF,302.0,614.0,13.0,12.0,1,0,0,0,attack
0.28,udp,ssh,SF,826.0,530.0,0.0,8.0,1,0,0,0,normal
0.05,tcp,http,REJ,2606.0,52.0,29.0,62.0,3,0,0,0,attack
0.49,udp,ssh,S0,340.0,417.0,14.0,11.0,0,0,0,0,normal
0.16,tcp,smtp,REJ,597.0,599.0,14.0,11.0,0,0,0,0,normal
0.81,tcp,ftp,SF,71.0,327.0,13.0,6.0,0,0,0,0,normal
0.3,icmp,http,REJ,2705.0,93.0,51.0,32.0,0,0,0,0,attack
2.89,udp,private,SF,226.0,372.0,5.0,0.0,0,0,0,0,normal
1.07,tcp,ssh,SF,0.0,348.0,14.0,9.0,0,0,0,0,normal
0.3,icmp,ftp,REJ,2510.0,97.0,74.0,75.0,0,0,0,0,attack
0.35,udp,dns,SF,556.0,409.0,6.0,5.0,0,0,0,0,normal
8.46,tcp,dns,SF,0.0,590.0,12.0,11.0,0,0,0,0,normal
6.09,udp,ftp,SF,69.0,387.0,0.0,0.0,0,0,0,0,normal
0.91,udp,http,SF,0.0,350.0,4.0,7.0,0,0,0,0,normal
0.05,udp,private,SF,219.0,651.0,7.0,10.0,0,0,0,0,normal
3.2,tcp,smtp,SF,139.0,387.0,9.0,13.0,0,0,0,0,normal
0.44,tcp,ftp,RSTO,5061.0,0.0,66.0,62.0,2,0,0,0,attack
2.06,udp,ssh,SF,534.0,784.0,9.0,16.0,1,0,0,0,normal
8.66,tcp,ftp,SF,123.0,547.0,4.0,10.0,1,0,0,0,normal
0.15,tcp,http,RSTO,3204.0,90.0,70.0,22.0,0,0,2,0,attack
2.15,udp,dns,SF,505.0,769.0,9.0,3.0,0,0,0,0,normal
1.18,icmp,smtp,SF,479.0,743.0,2.0,3.0,1,0,0,0,normal
2.38,tcp,smtp,SF,328.0,562.0,7.0,3.0,0,0,0,0,attack
1.14,tcp,smtp,SF,0.0,794.0,0.0,15.0,0,0,0,0,normal
0.04,icmp,private,RSTO,2797.0,49.0,33.0,48.0,3,0,1,0,attack
0.15,udp,ssh,S0,2717.0,51.0,41.0,46.0,2,0,1,0,attack
1.38,tcp,ftp,SF,446.0,365.0,11.0,15.0,1,0,0,0,normal
0.1,tcp,ftp,SF,402.0,407.0,0.0,0.0,1,0,0,0,normal
3.84,udp,http,SF,475.0,371.0,9.0,0.0,0,0,0,0,normal
0.07,icmp,http,S0,4653.0,0.0,21.0,40.0,1,0,1,0,attack
1.06,tcp,smtp,SF,0.0,391.0,13.0,9.0,0,0,0,0,normal
0.19,udp,ftp,SF,406.0,664.0,4.0,11.0,1,0,0,0,normal
1.51,tcp,private,SF,3031.0,111.0,34.0,23.0,3,0,1,0,attack
0.88,tcp,ftp,SF,577.0,518.0,7.0,0.0,0,0,0,0,normal
3.4,tcp,dns,SF,100.0,707.0,12.0,9.0,0,0,0,0,attack
8.08,tcp,smtp,SF,550.0,502.0,4.0,7.0,0,0,0,0,normal
1.88,udp,ftp,SF,1119.0,478.0,7.0,17.0,0,0,0,0,normal
1.63,udp,dns,SF,486.0,271.0,3.0,4.0,0,0,0,0,normal
0.75,tcp,dns,SF,634.0,595.0,13.0,2.0,0,0,0,0,normal
0.22,tcp,ftp,S0,4575.0,39.0,33.0,22.0,0,0,0,0,attack
0.07,tcp,dns,SF,531.0,465.0,8.0,12.0,1,0,0,0,normal
0.27,udp,ssh,SF,433.0,483.0,9.0,9.0,0,0,0,0,normal
1.6,tcp,ssh,SF,721.0,309.0,5.0,7.0,0,0,0,0,normal
2.9,tcp,ssh,REJ,225.0,650.0,0.0,14.0,0,0,0,0,normal
6.3,udp,ftp,SF,388.0,715.0,5.0,0.0,0,0,0,0,normal
0.21,tcp,private,S0,5742.0,35.0,63.0,63.0,2,0,0,0,attack
0.58,tcp,dns,SF,425.0,377.0,8.0,13.0,0,0,0,0,normal
1.17,udp,http,SF,65.0,386.0,0.0,9.0,0,0,0,0,normal
0.14,tcp,private,RSTO,3875.0,18.0,73.0,40.0,0,0,0,0,attack
0.18,tcp,http,S0,1466.0,37.0,57.0,83.0,1,0,0,0,attack
3.19,tcp,private,SF,234.0,350.0,10.0,10.0,0,0,0,0,normal
1.69,tcp,ftp,REJ,380.0,474.0,4.0,3.0,0,0,0,0,normal
0.4,tcp,http,REJ,3815.0,48.0,21.0,32.0,1,0,0,0,attack
0.66,tcp,smtp,S0,4081.0,199.0,52.0,36.0,3,0,0,0,attack
1.21,udp,smtp,SF,168.0,598.0,15.0,8.0,0,0,0,0,normal
0.09,tcp,http,S0,4994.0,0.0,76.0,69.0,0,0,0,0,attack
0.27,tcp,private,S0,3142.0,160.0,54.0,27.0,0,0,0,0,attack
0.23,tcp,http,SF,127.0,749.0,5.0,11.0,0,0,0,0,normal
0.01,icmp,dns,S0,5205.0,22.0,18.0,29.0,1,0,1,0,attack
1.94,udp,http,S0,264.0,507.0,10.0,11.0,0,0,0,0,normal
0.11,tcp,ssh,SF,533.0,463.0,17.0,9.0,1,0,0,0,normal
0.79,icmp,private,RSTO,1702.0,5.0,46.0,51.0,2,0,0,0,attack
0.06,icmp,private,S0,5528.0,85.0,24.0,32.0,0,1,0,0,attack
2.63,tcp,dns,SF,540.0,621.0,11.0,1.0,0,0,0,0,normal
1.0,tcp,ftp,SF,101.0,507.0,11.0,13.0,0,0,0,0,normal
0.22,tcp,http,SF,196.0,225.0,8.0,4.0,0,0,0,0,normal
2.78,tcp,ssh,SF,279.0,474.0,1.0,11.0,0,0,0,0,normal
2.64,udp,ftp,REJ,376.0,699.0,2.0,4.0,0,0,0,0,normal
6.54,tcp,private,SF,279.0,591.0,1.0,10.0,1,0,0,0,normal
1.25,tcp,ftp,SF,16.0,627.0,2.0,11.0,0,0,0,0,normal
1.65,icmp,private,S0,177.0,478.0,15.0,10.0,0,0,0,0,normal
0.33,tcp,ftp,SF,286.0,471.0,11.0,8.0,0,0,0,0,normal
1.32,udp,ftp,SF,0.0,494.0,13.0,0.0,0,0,0,0,normal
0.13,tcp,dns,SF,247.0,147.0,1.0,16.0,0,0,0,0,normal
0.16,icmp,private,S0,4585.0,69.0,55.0,59.0,3,0,1,0,attack
1.77,tcp,ftp,SF,576.0,319.0,0.0,15.0,0,0,0,0,normal
0.23,tcp,ssh,SF,334.0,582.0,12.0,0.0,0,0,0,0,normal
2.93,udp,ftp,SF,210.0,526.0,4.0,8.0,0,0,0,0,normal
1.38,tcp,private,SF,443.0,304.0,3.0,5.0,1,0,0,0,normal
3.75,tcp,private,SF,270.0,419.0,12.0,10.0,0,0,0,0,normal
0.3,tcp,private,S0,2754.0,7.0,28.0,66.0,1,0,0,0,attack
0.14,tcp,ftp,SF,75.0,422.0,14.0,3.0,0,0,0,0,normal
0.6,tcp,smtp,SF,39.0,737.0,1.0,13.0,1,0,0,0,normal
1.91,tcp,smtp,SF,546.0,616.0,5.0,17.0,0,0,0,0,normal
1.35,udp,ftp,SF,296.0,644.0,12.0,14.0,0,0,0,0,normal
2.35,tcp,ssh,SF,0.0,353.0,4.0,15.0,0,0,0,0,normal
1.81,tcp,ssh,SF,345.0,556.0,6.0,5.0,1,0,0,0,normal
2.14,tcp,dns,SF,667.0,640.0,0.0,4.0,0,0,0,0,normal
0.32,icmp,private,RSTO,5146.0,52.0,53.0,76.0,2,0,0,0,attack
0.13,udp,http,RSTO,2977.0,16.0,74.0,49.0,2,0,0,0,attack
0.15,udp,http,SF,260.0,696.0,10.0,9.0,0,0,0,0,normal
4.02,tcp,private,SF,68.0,600.0,9.0,3.0,0,0,0,0,normal
0.43,udp,private,S0,5447.0,148.0,54.0,61.0,0,0,1,0,attack
0.07,icmp,dns,REJ,5564.0,149.0,70.0,25.0,0,0,0,0,attack
0.39,tcp,http,S0,5263.0,0.0,54.0,76.0,2,0,0,0,attack
1.38,udp,ftp,SF,0.0,323.0,8.0,11.0,0,0,0,0,normal
0.62,tcp,http,SF,4100.0,92.0,75.0,23.0,0,1,0,0,attack
1.67,tcp,ftp,SF,0.0,408.0,5.0,9.0,1,0,0,0,normal
0.01,udp,private,SF,3793.0,142.0,38.0,32.0,0,0,1,0,attack
0.46,tcp,http,SF,307.0,546.0,1.0,10.0,0,0,0,0,normal
0.47,tcp,ssh,SF,709.0,305.0,15.0,12.0,0,0,0,0,normal
0.53,icmp,http,REJ,6482.0,115.0,68.0,32.0,2,0,1,0,attack
0.17,udp,ftp,RSTO,5719.0,122.0,76.0,77.0,2,0,2,1,attack
0.48,tcp,ftp,SF,4516.0,47.0,40.0,28.0,1,0,0,0,attack
0.31,icmp,http,SF,1986.0,29.0,18.0,56.0,0,0,0,0,attack
0.07,tcp,ssh,SF,172.0,562.0,15.0,14.0,0,0,0,0,normal
0.54,tcp,private,SF,285.0,684.0,10.0,7.0,0,0,0,0,normal
0.17,tcp,smtp,REJ,4847.0,0.0,37.0,69.0,0,0,0,0,attack
0.28,tcp,ssh,SF,830.0,559.0,3.0,9.0,1,0,0,0,normal
0.83,icmp,http,S0,2555.0,42.0,55.0,25.0,0,0,0,0,attack
10.72,tcp,dns,SF,100.0,525.0,10.0,7.0,0,0,0,0,normal
0.36,tcp,dns,S0,4744.0,30.0,70.0,45.0,3,0,1,0,attack
0.21,icmp,private,S0,4818.0,86.0,24.0,26.0,1,0,0,0,attack
2.38,tcp,smtp,SF,530.0,407.0,8.0,3.0,1,0,0,0,normal
0.11,tcp,private,S0,3495.0,129.0,58.0,41.0,1,0,0,0,attack
1.44,udp,http,S0,486.0,113.0,8.0,8.0,0,0,0,0,normal
0.82,tcp,smtp,SF,89.0,611.0,6.0,3.0,0,0,0,0,normal
1.13,udp,private,SF,789.0,543.0,8.0,7.0,1,0,0,0,normal
2.1,udp,smtp,SF,349.0,380.0,8.0,8.0,0,0,0,0,normal
0.37,tcp,dns,SF,132.0,526.0,5.0,2.0,1,0,0,0,normal
0.2,tcp,private,SF,350.0,754.0,11.0,3.0,0,0,0,0,normal
2.87,udp,private,SF,443.0,382.0,3.0,8.0,0,0,0,0,normal
0.06,udp,dns,S0,2597.0,54.0,33.0,68.0,2,0,2,0,attack
0.25,icmp,private,S0,4862.0,0.0,78.0,44.0,0,0,0,1,attack
4.97,tcp,ssh,SF,292.0,892.0,0.0,3.0,1,0,0,0,normal
0.14,tcp,ssh,SF,211.0,671.0,4.0,5.0,0,0,0,0,normal
0.33,tcp,private,S0,2732.0,126.0,50.0,36.0,0,0,0,0,attack
1.01,tcp,http,SF,253.0,573.0,7.0,6.0,0,0,0,0,normal
0.46,tcp,smtp,SF,450.0,353.0,9.0,11.0,0,0,0,0,normal
1.79,tcp,dns,SF,337.0,393.0,1.0,0.0,0,0,0,0,normal
1.37,tcp,http,SF,109.0,703.0,2.0,0.0,0,0,0,0,normal
0.74,udp,smtp,SF,548.0,603.0,10.0,8.0,1,0,0,0,normal
2.49,tcp,http,SF,357.0,706.0,14.0,17.0,0,0,0,0,normal
1.42,tcp,dns,SF,290.0,273.0,1.0,6.0,0,0,0,0,normal
0.4,udp,private,S0,0.0,586.0,11.0,9.0,0,0,0,0,normal
6.1,udp,dns,SF,204.0,516.0,8.0,13.0,0,0,0,0,normal
0.13,icmp,private,SF,4409.0,133.0,56.0,48.0,1,0,0,0,attack
0.03,udp,private,S0,4530.0,0.0,60.0,61.0,3,0,0,0,attack
0.34,icmp,smtp,RSTO,211.0,514.0,0.0,16.0,0,0,0,0,normal
0.07,tcp,private,RSTO,4564.0,62.0,51.0,23.0,0,0,0,0,attack
0.8,tcp,http,SF,18.0,387.0,6.0,10.0,1,0,0,0,normal
0.16,tcp,http,S0,4840.0,68.0,24.0,77.0,1,0,2,1,attack
0.0,icmp,smtp,REJ,3744.0,99.0,77.0,75.0,0,0,1,0,attack
0.03,tcp,http,S0,4099.0,94.0,45.0,74.0,2,0,0,0,attack
1.22,tcp,ftp,SF,809.0,348.0,6.0,1.0,1,0,0,0,normal
9.67,tcp,smtp,SF,394.0,329.0,13.0,0.0,1,0,0,0,normal
0.94,tcp,smtp,REJ,2909.0,95.0,24.0,75.0,0,0,0,0,attack
3.65,icmp,smtp,SF,285.0,479.0,3.0,0.0,1,0,0,0,normal
1.87,tcp,dns,SF,448.0,430.0,7.0,3.0,0,0,0,0,attack
2.65,udp,dns,SF,370.0,534.0,12.0,7.0,0,0,0,0,normal
0.05,tcp,ssh,REJ,1149.0,21.0,59.0,66.0,0,0,0,0,attack
0.48,tcp,http,REJ,3325.0,67.0,57.0,71.0,3,0,1,0,normal
0.8,tcp,ftp,SF,10.0,530.0,9.0,15.0,0,0,0,0,normal
0.05,tcp,http,S0,2210.0,85.0,29.0,32.0,2,1,0,0,attack
0.78,tcp,private,SF,193.0,136.0,9.0,7.0,0,0,0,0,normal
0.61,tcp,ftp,REJ,2904.0,124.0,60.0,75.0,2,0,2,0,attack
2.87,tcp,ssh,SF,0.0,231.0,20.0,9.0,0,0,0,0,normal
0.09,tcp,private,RSTO,2357.0,114.0,64.0,40.0,0,0,0,0,normal
4.06,tcp,dns,RSTO,402.0,686.0,10.0,12.0,1,0,0,0,normal
2.09,tcp,http,SF,121.0,774.0,14.0,5.0,0,0,0,0,normal
0.44,udp,http,REJ,310.0,495.0,0.0,2.0,0,0,0,0,normal
0.89,tcp,http,SF,297.0,437.0,5.0,7.0,1,0,0,0,normal
0.06,tcp,ftp,SF,0.0,450.0,6.0,15.0,0,0,0,0,normal
0.51,tcp,private,REJ,5090.0,138.0,74.0,39.0,0,0,1,0,attack
1.6,tcp,dns,SF,403.0,530.0,1.0,11.0,0,0,0,0,normal
0.35,icmp,dns,SF,0.0,498.0,5.0,11.0,0,0,0,0,normal
3.46,tcp,private,REJ,545.0,359.0,3.0,4.0,0,0,0,0,normal
0.03,icmp,private,S0,2695.0,78.0,40.0,62.0,0,0,0,0,attack
3.06,udp,http,SF,62.0,433.0,10.0,12.0,0,0,0,0,normal
1.44,tcp,ftp,SF,248.0,689.0,16.0,5.0,0,0,0,0,normal
1.11,tcp,ftp,SF,973.0,419.0,1.0,11.0,1,0,0,0,normal
0.04,icmp,private,S0,4313.0,121.0,60.0,42.0,1,1,1,0,attack
0.02,icmp,ssh,RSTO,3744.0,10.0,72.0,46.0,2,0,1,0,attack
0.43,tcp,ftp,SF,913.0,623.0,7.0,2.0,1,0,0,0,normal
2.87,tcp,smtp,SF,753.0,462.0,10.0,4.0,0,0,0,0,normal
4.1,tcp,private,SF,96.0,546.0,4.0,5.0,0,0,0,0,normal
0.06,tcp,ssh,SF,552.0,318.0,10.0,6.0,0,0,0,0,normal
0.92,tcp,smtp,SF,183.0,403.0,0.0,11.0,0,0,0,0,normal
0.04,icmp,http,REJ,3013.0,26.0,60.0,67.0,2,0,0,0,attack
0.84,tcp,smtp,SF,77.0,443.0,10.0,2.0,0,0,0,0,normal
0.17,tcp,http,SF,594.0,771.0,5.0,3.0,1,0,0,0,normal
0.17,icmp,http,S0,2148.0,4.0,30.0,79.0,1,0,2,0,attack
0.18,icmp,dns,REJ,3881.0,30.0,65.0,72.0,2,0,0,0,attack
0.95,tcp,dns,SF,92.0,779.0,9.0,2.0,0,0,0,0,normal
0.4,tcp,http,S0,3758.0,0.0,35.0,44.0,1,0,0,0,attack
2.62,udp,dns,SF,318.0,590.0,12.0,8.0,0,0,0,0,normal
0.41,tcp,smtp,REJ,3579.0,82.0,29.0,67.0,2,0,0,0,attack
3.68,tcp,ftp,SF,258.0,66.0,17.0,6.0,0,0,0,0,normal
0.07,tcp,dns,SF,397.0,680.0,5.0,0.0,1,0,0,0,normal
1.44,tcp,dns,SF,224.0,519.0,0.0,11.0,0,0,0,0,normal
0.17,icmp,private,S0,1014.0,22.0,23.0,51.0,3,0,2,0,attack
0.3,icmp,smtp,S0,1505.0,9.0,32.0,58.0,2,0,0,0,attack
0.17,icmp,http,S0,4824.0,26.0,34.0,43.0,0,0,0,0,attack
0.12,icmp,private,REJ,4281.0,57.0,63.0,37.0,2,0,0,0,attack
2.24,udp,ssh,SF,325.0,318.0,9.0,11.0,0,0,0,0,normal
2.32,tcp,http,SF,0.0,428.0,0.0,7.0,0,0,0,0,normal
1.95,tcp,private,S0,154.0,338.0,0.0,4.0,0,0,0,0,normal
0.12,tcp,private,SF,301.0,502.0,5.0,11.0,0,0,0,0,normal
0.79,tcp,private,S0,21.0,581.0,8.0,4.0,0,0,0,0,normal
1.72,tcp,ftp,SF,0.0,555.0,2.0,18.0,0,0,0,0,normal
0.46,icmp,smtp,S0,2828.0,78.0,54.0,68.0,3,0,1,0,attack
0.0,udp,ftp,SF,782.0,321.0,11.0,12.0,0,0,0,0,normal
2.09,tcp,ssh,RSTO,208.0,563.0,4.0,1.0,0,0,0,0,normal
0.04,tcp,smtp,REJ,3978.0,43.0,47.0,77.0,2,0,0,0,attack
0.14,icmp,private,REJ,5421.0,26.0,54.0,72.0,1,0,0,0,attack
1.23,udp,ftp,SF,575.0,506.0,8.0,10.0,1,0,0,0,normal
0.09,icmp,http,REJ,3103.0,67.0,73.0,35.0,1,0,1,0,attack
0.33,udp,ssh,SF,609.0,269.0,4.0,13.0,0,0,0,0,normal
0.24,udp,ftp,S0,2165.0,143.0,44.0,38.0,1,0,2,0,attack
5.0,tcp,private,SF,37.0,484.0,13.0,6.0,1,0,0,0,normal
6.99,tcp,private,SF,0.0,493.0,12.0,10.0,0,0,0,0,normal
0.87,tcp,smtp,SF,398.0,521.0,2.0,7.0,1,0,0,0,normal
0.22,tcp,private,SF,119.0,318.0,13.0,9.0,0,0,0,0,normal
0.04,icmp,http,RSTO,5241.0,51.0,44.0,72.0,3,0,0,0,attack
2.19,tcp,smtp,SF,76.0,520.0,5.0,1.0,0,0,0,0,normal
0.14,icmp,dns,S0,5138.0,83.0,70.0,52.0,3,0,0,0,attack
0.76,tcp,ftp,SF,548.0,639.0,6.0,10.0,0,0,0,0,normal
2.3,tcp,ftp,SF,494.0,466.0,18.0,0.0,0,0,0,0,normal
1.26,tcp,smtp,SF,331.0,491.0,17.0,9.0,0,0,0,0,normal
0.01,tcp,http,REJ,1988.0,12.0,67.0,25.0,1,0,0,0,attack
0.78,tcp,http,S0,6028.0,55.0,56.0,33.0,0,0,2,0,attack
1.07,icmp,ftp,S0,3432.0,109.0,62.0,66.0,3,0,0,0,attack
2.41,udp,ftp,SF,738.0,505.0,6.0,9.0,0,0,0,0,normal
0.24,icmp,private,S0,3521.0,3.0,52.0,48.0,1,0,1,0,attack
2.18,udp,ftp,SF,203.0,277.0,5.0,2.0,0,0,0,0,normal
0.4,tcp,http,SF,2795.0,155.0,55.0,72.0,2,0,0,0,attack
0.14,icmp,http,S0,5274.0,82.0,61.0,40.0,1,0,1,0,attack
4.76,tcp,private,S0,272.0,477.0,15.0,6.0,0,0,0,0,normal
0.78,tcp,ftp,SF,290.0,662.0,4.0,3.0,1,0,0,0,normal
0.02,icmp,http,SF,3520.0,0.0,61.0,65.0,1,0,0,0,attack
1.53,tcp,private,SF,260.0,600.0,21.0,11.0,1,0,0,0,normal
0.36,tcp,dns,SF,94.0,527.0,9.0,0.0,0,0,0,0,normal
6.39,udp,smtp,SF,229.0,642.0,13.0,9.0,1,0,0,0,normal
0.63,icmp,http,S0,3059.0,0.0,53.0,44.0,2,0,1,0,attack
2.79,tcp,http,SF,603.0,316.0,7.0,1.0,1,0,0,0,normal
0.57,tcp,dns,SF,577.0,366.0,18.0,5.0,0,0,0,0,normal
0.22,icmp,http,REJ,2104.0,114.0,42.0,61.0,2,0,0,0,attack
1.28,tcp,ssh,SF,239.0,605.0,11.0,7.0,1,0,0,0,normal
0.2,tcp,http,S0,3174.0,50.0,56.0,47.0,0,0,0,0,attack
2.2,udp,smtp,SF,472.0,273.0,14.0,10.0,0,0,0,0,attack
0.28,tcp,private,S0,3265.0,0.0,72.0,34.0,1,0,2,0,attack
0.99,tcp,private,SF,278.0,799.0,5.0,10.0,0,0,0,0,normal
6.41,tcp,private,SF,343.0,564.0,18.0,3.0,0,0,0,0,normal
0.65,tcp,private,SF,3003.0,152.0,50.0,49.0,1,1,0,0,attack
1.07,tcp,ftp,SF,681.0,581.0,6.0,16.0,1,0,0,0,normal
0.59,tcp,smtp,SF,682.0,674.0,4.0,10.0,1,0,0,0,normal
2.41,tcp,ftp,SF,584.0,232.0,6.0,8.0,0,0,0,0,normal
1.51,udp,ssh,SF,308.0,568.0,3.0,13.0,0,0,0,0,normal
0.24,tcp,private,SF,5017.0,68.0,44.0,59.0,3,0,0,0,attack
0.62,tcp,http,SF,4897.0,18.0,50.0,73.0,2,0,0,0,attack
3.04,tcp,http,SF,195.0,380.0,0.0,10.0,0,0,0,0,normal
0.09,tcp,ssh,S0,2920.0,15.0,41.0,36.0,1,0,0,0,attack
3.56,icmp,dns,SF,332.0,755.0,7.0,10.0,0,0,0,0,normal
1.82,tcp,ssh,RSTO,867.0,588.0,0.0,13.0,1,0,0,0,normal
1.33,udp,dns,REJ,358.0,463.0,16.0,1.0,0,0,0,0,normal
0.37,icmp,private,SF,5153.0,0.0,40.0,34.0,1,0,0,0,attack
1.55,tcp,ftp,S0,366.0,704.0,12.0,16.0,0,0,0,0,normal
0.86,tcp,dns,SF,689.0,691.0,9.0,13.0,1,0,0,0,normal
2.02,tcp,dns,SF,383.0,468.0,14.0,4.0,1,0,0,0,normal
0.26,icmp,private,S0,3721.0,128.0,41.0,56.0,1,0,0,0,attack
0.36,tcp,http,SF,0.0,515.0,7.0,6.0,0,0,0,0,normal
0.02,tcp,http,REJ,5450.0,35.0,46.0,60.0,1,0,1,0,attack
3.07,tcp,ftp,SF,207.0,583.0,7.0,12.0,1,0,0,0,normal
0.36,udp,http,SF,598.0,435.0,14.0,9.0,0,0,0,0,normal
1.14,tcp,smtp,RSTO,288.0,282.0,3.0,0.0,0,0,0,0,normal
2.86,tcp,ftp,RSTO,149.0,737.0,5.0,13.0,0,0,0,0,normal
0.73,tcp,http,SF,407.0,576.0,11.0,1.0,0,0,0,0,normal
1.97,icmp,smtp,RSTO,264.0,345.0,13.0,13.0,0,0,0,0,normal
0.07,tcp,http,S0,110.0,447.0,11.0,17.0,0,0,0,0,normal
1.91,tcp,ssh,SF,400.0,614.0,16.0,11.0,1,0,0,0,normal
0.71,tcp,smtp,SF,481.0,649.0,3.0,5.0,1,0,0,0,normal
0.96,udp,smtp,SF,483.0,721.0,0.0,5.0,1,0,0,0,normal
0.42,tcp,http,RSTO,4125.0,52.0,37.0,47.0,0,0,0,1,attack
1.89,tcp,smtp,SF,566.0,515.0,14.0,9.0,0,0,0,0,normal
0.18,tcp,dns,SF,0.0,481.0,9.0,12.0,0,0,0,0,normal
0.66,icmp,http,S0,4940.0,18.0,41.0,27.0,0,0,0,0,attack
0.26,tcp,ftp,S0,4205.0,58.0,37.0,48.0,1,0,0,0,attack
0.03,icmp,http,RSTO,1734.0,0.0,73.0,74.0,3,0,0,0,attack
1.83,tcp,dns,SF,736.0,385.0,11.0,6.0,0,0,0,0,normal
1.52,tcp,ftp,SF,607.0,618.0,12.0,14.0,1,0,0,0,normal
1.92,udp,dns,SF,303.0,182.0,5.0,11.0,0,0,0,0,normal
0.01,tcp,private,RSTO,4862.0,106.0,19.0,16.0,3,1,0,0,normal
1.6,tcp,dns,S0,210.0,712.0,17.0,10.0,1,0,0,0,normal
0.29,icmp,private,RSTO,4510.0,129.0,55.0,65.0,0,1,2,0,attack
0.35,tcp,dns,SF,0.0,583.0,8.0,16.0,0,0,0,0,normal
0.43,udp,ssh,SF,0.0,521.0,8.0,3.0,0,0,0,0,normal
0.72,udp,private,SF,88.0,123.0,1.0,20.0,1,0,0,0,attack
0.08,icmp,http,REJ,5876.0,2.0,55.0,59.0,1,0,0,0,attack
0.48,udp,private,SF,176.0,674.0,8.0,0.0,0,0,0,0,normal
0.33,tcp,private,S0,4986.0,125.0,72.0,59.0,0,0,0,0,attack
2.17,tcp,http,SF,50.0,289.0,6.0,2.0,0,0,0,0,normal
0.13,udp,private,SF,589.0,505.0,9.0,7.0,0,0,0,0,normal
0.9,icmp,private,REJ,4794.0,63.0,71.0,47.0,0,0,1,0,attack
0.72,tcp,http,SF,230.0,486.0,0.0,14.0,0,0,0,0,normal
0.22,tcp,http,SF,3283.0,38.0,63.0,32.0,0,0,0,0,attack
0.27,icmp,http,REJ,4230.0,119.0,57.0,68.0,1,0,2,0,attack
0.67,tcp,dns,SF,219.0,501.0,13.0,0.0,1,0,0,0,normal
0.01,tcp,smtp,SF,466.0,574.0,0.0,12.0,0,0,0,0,normal
3.78,udp,ssh,RSTO,304.0,692.0,16.0,9.0,0,0,0,0,normal
0.4,udp,ssh,SF,191.0,446.0,5.0,12.0,0,0,0,0,normal
2.95,udp,dns,SF,429.0,646.0,10.0,13.0,0,0,0,0,normal
0.73,udp,ftp,SF,382.0,606.0,2.0,9.0,0,0,0,0,normal
2.37,udp,http,RSTO,27.0,362.0,5.0,10.0,0,0,0,0,normal
0.03,icmp,ftp,RSTO,1843.0,0.0,22.0,24.0,1,0,0,0,normal
1.88,udp,ssh,SF,890.0,672.0,14.0,6.0,0,0,0,0,normal
0.51,tcp,ssh,SF,402.0,603.0,7.0,9.0,1,0,0,0,normal
3.09,udp,ssh,SF,146.0,620.0,14.0,9.0,1,0,0,0,normal
1.86,icmp,dns,SF,189.0,588.0,11.0,3.0,0,0,0,0,normal
0.2,tcp,dns,SF,298.0,398.0,16.0,14.0,0,0,0,0,normal
0.28,tcp,smtp,SF,389.0,612.0,12.0,2.0,0,0,0,0,attack
1.03,icmp,smtp,SF,4.0,570.0,7.0,18.0,1,0,0,0,normal
1.88,udp,ftp,SF,836.0,669.0,6.0,7.0,0,0,0,0,attack
2.07,udp,private,SF,225.0,572.0,4.0,9.0,1,0,0,0,normal
0.13,tcp,private,RSTO,3767.0,63.0,56.0,77.0,1,0,0,0,attack
1.42,tcp,ssh,RSTO,218.0,317.0,4.0,7.0,1,0,0,0,normal
7.0,tcp,ssh,SF,440.0,407.0,4.0,5.0,1,0,0,0,normal
0.06,tcp,dns,SF,0.0,327.0,6.0,14.0,0,0,0,0,normal
1.07,tcp,ftp,SF,802.0,401.0,14.0,8.0,0,0,0,0,normal
0.41,udp,ssh,RSTO,328.0,233.0,13.0,5.0,0,0,0,0,attack
0.65,tcp,ftp,SF,135.0,440.0,0.0,9.0,0,0,0,0,normal
0.33,icmp,http,REJ,4215.0,44.0,34.0,68.0,0,0,0,0,attack
0.87,icmp,private,S0,4047.0,25.0,43.0,44.0,1,0,0,0,attack
0.86,tcp,ftp,SF,468.0,792.0,9.0,8.0,0,0,0,0,normal
1.25,udp,ftp,SF,0.0,621.0,6.0,3.0,0,0,0,0,normal
0.03,icmp,http,S0,4734.0,20.0,68.0,61.0,2,0,0,0,attack
2.25,tcp,smtp,RSTO,1.0,546.0,7.0,13.0,0,0,0,0,normal
0.0,tcp,http,REJ,4432.0,0.0,50.0,59.0,1,0,0,0,attack
0.24,tcp,ftp,SF,460.0,545.0,7.0,10.0,0,0,0,0,normal
0.91,udp,http,S0,4679.0,27.0,46.0,74.0,3,0,0,0,attack
0.77,tcp,http,SF,77.0,372.0,11.0,11.0,0,0,0,0,normal
0.46,tcp,dns,SF,0.0,647.0,13.0,7.0,1,0,0,0,normal
0.0,tcp,private,SF,530.0,0.0,0.0,7.0,0,0,0,0,normal
1.8,udp,dns,SF,13.0,644.0,9.0,5.0,0,0,0,0,normal
3.07,udp,private,SF,617.0,573.0,4.0,10.0,0,0,0,0,normal
5.82,tcp,http,SF,0.0,760.0,7.0,6.0,0,0,0,0,normal
4.58,icmp,private,SF,277.0,636.0,2.0,4.0,0,0,0,0,normal
2.71,udp,ftp,SF,0.0,534.0,12.0,11.0,0,0,0,0,normal
0.18,icmp,smtp,S0,4642.0,21.0,34.0,46.0,0,0,1,0,attack
0.08,tcp,dns,S0,2213.0,156.0,61.0,71.0,1,0,2,0,attack
0.6,tcp,private,S0,4032.0,27.0,21.0,62.0,2,0,0,0,attack
0.98,tcp,private,SF,518.0,590.0,0.0,7.0,0,0,0,0,normal
0.43,udp,smtp,SF,493.0,547.0,10.0,14.0,1,0,0,0,normal
0.02,icmp,http,S0,4241.0,38.0,51.0,53.0,3,0,0,0,attack
4.25,tcp,http,SF,153.0,481.0,1.0,2.0,0,0,0,0,normal
0.92,tcp,private,RSTO,5295.0,85.0,51.0,45.0,0,0,0,0,normal
1.02,tcp,dns,SF,146.0,299.0,2.0,1.0,1,0,0,0,normal
1.02,tcp,http,SF,282.0,561.0,6.0,6.0,1,0,0,0,normal
4.99,tcp,ftp,SF,127.0,695.0,11.0,9.0,0,0,0,0,normal
0.09,tcp,dns,SF,393.0,637.0,12.0,8.0,0,0,0,0,normal
0.27,tcp,dns,SF,106.0,499.0,10.0,0.0,0,0,0,0,normal
0.61,tcp,http,SF,617.0,428.0,1.0,6.0,0,0,0,0,normal
0.85,tcp,dns,SF,0.0,527.0,8.0,9.0,1,0,0,0,normal
2.81,tcp,smtp,SF,835.0,416.0,3.0,2.0,0,0,0,0,normal
0.33,tcp,private,SF,51.0,531.0,8.0,0.0,0,0,0,0,normal
1.63,tcp,private,SF,97.0,501.0,11.0,9.0,0,0,0,0,normal
0.13,icmp,ssh,S0,4387.0,104.0,54.0,53.0,3,0,1,0,attack
1.48,tcp,private,SF,317.0,446.0,2.0,12.0,1,0,0,0,normal
0.13,icmp,private,RSTO,3585.0,18.0,56.0,56.0,2,0,0,0,attack
3.36,tcp,private,SF,484.0,733.0,12.0,11.0,0,0,0,0,normal
0.15,icmp,smtp,S0,6869.0,124.0,41.0,35.0,0,0,0,0,attack
0.1,tcp,http,REJ,2336.0,108.0,37.0,53.0,3,0,0,0,attack
0.17,icmp,private,REJ,4288.0,105.0,58.0,67.0,2,0,1,1,attack
0.13,icmp,http,SF,3823.0,22.0,60.0,80.0,0,0,1,1,attack
2.08,tcp,ssh,REJ,0.0,587.0,5.0,5.0,0,0,0,0,normal
0.35,tcp,http,REJ,7320.0,162.0,73.0,19.0,0,0,1,0,attack
0.72,tcp,private,RSTO,164.0,640.0,13.0,10.0,0,0,0,0,attack
3.78,tcp,ssh,SF,479.0,461.0,8.0,5.0,0,0,0,0,normal
2.58,udp,ssh,SF,620.0,615.0,12.0,16.0,0,0,0,0,normal
0.11,udp,dns,SF,495.0,466.0,15.0,11.0,1,0,0,0,normal
7.77,tcp,http,SF,451.0,825.0,0.0,14.0,1,0,0,0,normal
4.54,tcp,smtp,S0,241.0,622.0,7.0,0.0,0,0,0,0,normal
0.37,tcp,dns,SF,564.0,427.0,10.0,6.0,1,0,0,0,normal
5.34,udp,http,SF,814.0,660.0,11.0,15.0,0,0,0,0,normal
0.51,udp,smtp,SF,308.0,361.0,6.0,1.0,1,0,0,0,normal
1.25,icmp,dns,SF,733.0,687.0,8.0,6.0,0,0,0,0,normal
0.09,tcp,ftp,SF,232.0,563.0,7.0,17.0,0,0,0,0,attack
3.33,tcp,dns,SF,198.0,610.0,7.0,2.0,0,0,0,0,normal
0.4,udp,ftp,RSTO,5148.0,59.0,35.0,46.0,2,0,2,0,attack
0.13,tcp,http,SF,3168.0,113.0,62.0,30.0,2,0,1,0,attack
1.27,udp,private,SF,96.0,219.0,5.0,11.0,1,0,0,0,normal
0.57,tcp,ssh,SF,0.0,190.0,0.0,6.0,1,0,0,0,normal
0.01,icmp,ftp,S0,5954.0,79.0,38.0,72.0,3,0,2,0,attack
0.5,tcp,http,SF,202.0,602.0,0.0,5.0,0,0,0,0,normal
0.84,tcp,private,SF,258.0,551.0,5.0,14.0,0,0,0,0,normal
1.06,udp,ftp,SF,636.0,548.0,13.0,2.0,0,0,0,0,normal
0.66,tcp,dns,SF,0.0,45.0,12.0,10.0,0,0,0,0,normal
0.01,udp,ssh,S0,512.0,0.0,24.0,74.0,0,0,1,1,attack
0.43,tcp,ftp,SF,6.0,480.0,13.0,9.0,0,0,0,0,normal
1.06,tcp,private,RSTO,3360.0,140.0,72.0,61.0,2,0,0,0,attack
1.67,icmp,dns,SF,428.0,549.0,5.0,3.0,0,0,0,0,normal
3.44,tcp,ssh,SF,0.0,416.0,6.0,12.0,0,0,0,0,normal
3.78,tcp,private,RSTO,248.0,348.0,11.0,11.0,1,0,0,0,normal
0.17,tcp,dns,SF,41.0,282.0,3.0,1.0,1,0,0,0,normal
0.51,udp,smtp,SF,591.0,262.0,12.0,1.0,0,0,0,0,normal
0.14,tcp,private,S0,3735.0,0.0,21.0,69.0,2,0,1,0,attack
8.33,udp,private,SF,549.0,470.0,12.0,17.0,0,0,0,0,normal
1.23,tcp,private,SF,597.0,584.0,12.0,12.0,0,0,0,0,normal
2.13,tcp,smtp,SF,336.0,434.0,12.0,3.0,0,0,0,0,normal
4.54,tcp,private,SF,471.0,794.0,9.0,13.0,0,0,0,0,normal
5.87,udp,private,SF,315.0,441.0,1.0,7.0,0,0,0,0,normal
1.41,icmp,http,S0,505.0,773.0,5.0,4.0,0,0,0,0,normal
3.5,udp,ftp,SF,445.0,333.0,15.0,3.0,0,0,0,0,normal
0.26,tcp,dns,SF,80.0,649.0,5.0,8.0,0,0,0,0,attack
0.01,icmp,http,REJ,4154.0,0.0,25.0,77.0,2,0,0,0,attack
0.14,tcp,ssh,REJ,786.0,278.0,13.0,6.0,0,0,0,0,normal
0.02,tcp,private,S0,4395.0,74.0,67.0,54.0,1,1,0,0,attack
0.16,tcp,http,S0,4392.0,6.0,64.0,60.0,0,0,0,0,attack
7.49,tcp,private,SF,64.0,822.0,3.0,9.0,0,0,0,0,normal
6.31,tcp,ssh,SF,444.0,679.0,14.0,7.0,1,0,0,0,normal
1.07,tcp,smtp,S0,6386.0,92.0,71.0,63.0,3,0,1,0,attack
3.2,udp,ssh,SF,659.0,643.0,11.0,10.0,0,0,0,0,normal
0.81,udp,ftp,SF,584.0,290.0,8.0,14.0,0,0,0,0,normal
0.07,tcp,http,RSTO,2637.0,114.0,45.0,44.0,0,0,0,0,normal
0.65,udp,private,SF,421.0,489.0,1.0,5.0,0,0,0,0,attack
0.1,tcp,private,REJ,4038.0,58.0,35.0,23.0,1,0,0,0,attack
0.31,udp,private,SF,416.0,620.0,6.0,0.0,1,0,0,0,normal
0.27,icmp,http,S0,7248.0,0.0,62.0,44.0,3,0,0,0,attack
0.26,tcp,private,SF,324.0,108.0,14.0,8.0,0,0,0,0,normal
2.74,udp,http,REJ,0.0,251.0,11.0,10.0,0,0,0,0,normal
0.06,tcp,private,S0,3977.0,26.0,66.0,22.0,0,0,2,0,attack
0.21,tcp,smtp,SF,385.0,620.0,10.0,8.0,1,0,0,0,normal
0.22,icmp,private,S0,4251.0,16.0,17.0,48.0,2,0,0,0,attack
3.53,tcp,private,SF,357.0,737.0,7.0,5.0,0,0,0,0,normal
1.36,tcp,smtp,SF,743.0,423.0,0.0,13.0,1,0,0,0,normal
5.74,tcp,private,SF,392.0,460.0,10.0,2.0,0,0,0,0,normal
0.2,udp,private,S0,221.0,756.0,7.0,13.0,1,0,0,0,normal
0.08,icmp,private,SF,4199.0,69.0,51.0,42.0,0,0,1,0,attack
6.84,tcp,private,SF,405.0,445.0,6.0,9.0,1,0,0,0,normal
2.07,tcp,dns,RSTO,0.0,194.0,0.0,0.0,0,0,0,0,normal
3.91,udp,http,SF,461.0,647.0,0.0,2.0,0,0,0,0,normal
1.89,tcp,smtp,SF,0.0,304.0,4.0,6.0,0,0,0,0,normal
0.95,tcp,ftp,SF,486.0,409.0,11.0,7.0,1,0,0,0,normal
0.56,tcp,ftp,SF,133.0,200.0,8.0,0.0,0,0,0,0,normal
0.93,icmp,http,S0,4190.0,63.0,27.0,49.0,1,0,1,0,attack
0.2,tcp,smtp,SF,0.0,545.0,16.0,6.0,0,0,0,0,normal
0.07,tcp,smtp,SF,471.0,638.0,13.0,3.0,1,0,0,0,normal
2.84,tcp,ssh,S0,153.0,363.0,14.0,15.0,0,0,0,0,normal
0.23,icmp,http,REJ,5324.0,90.0,33.0,26.0,3,0,0,0,attack
0.11,tcp,smtp,SF,324.0,406.0,13.0,10.0,1,0,0,0,normal
0.35,icmp,http,SF,4041.0,0.0,75.0,29.0,1,0,0,0,attack
0.27,tcp,http,S0,5548.0,54.0,42.0,41.0,3,0,0,0,attack
0.21,udp,ftp,RSTO,1178.0,54.0,51.0,44.0,2,0,0,0,attack
3.9,tcp,dns,RSTO,18.0,195.0,2.0,6.0,0,0,0,0,normal
0.01,icmp,smtp,S0,3649.0,37.0,56.0,50.0,1,0,1,0,normal
0.38,tcp,smtp,SF,253.0,453.0,8.0,3.0,0,0,0,0,normal
2.48,tcp,ftp,SF,563.0,519.0,10.0,10.0,1,0,0,0,normal
0.33,icmp,ftp,SF,483.0,449.0,15.0,7.0,1,0,0,0,normal
0.07,tcp,private,SF,5433.0,0.0,44.0,68.0,1,0,0,0,attack
2.2,tcp,smtp,SF,0.0,454.0,14.0,3.0,0,0,0,0,normal
9.26,tcp,http,SF,368.0,669.0,15.0,11.0,0,0,0,0,normal
0.69,tcp,ssh,RSTO,533.0,586.0,2.0,3.0,0,0,0,0,normal
0.34,tcp,private,SF,627.0,283.0,7.0,4.0,0,0,0,0,normal
0.02,tcp,http,SF,0.0,722.0,11.0,8.0,0,0,0,0,normal
0.46,icmp,dns,SF,372.0,534.0,0.0,14.0,0,0,0,0,normal
4.18,tcp,smtp,SF,307.0,831.0,6.0,9.0,0,0,0,0,normal
0.11,tcp,private,SF,169.0,383.0,11.0,6.0,0,0,0,0,normal
2.49,tcp,dns,SF,371.0,787.0,11.0,0.0,0,0,0,0,normal
0.33,tcp,http,SF,0.0,776.0,2.0,12.0,0,0,0,0,normal
1.05,tcp,smtp,SF,600.0,735.0,5.0,0.0,0,0,0,0,normal
1.7,tcp,ftp,SF,691.0,539.0,2.0,11.0,1,0,0,0,normal
0.88,tcp,private,SF,904.0,585.0,8.0,1.0,1,0,0,0,normal
0.76,tcp,ftp,REJ,0.0,632.0,11.0,9.0,0,0,0,0,normal
0.21,icmp,private,S0,6202.0,33.0,18.0,20.0,1,0,0,0,attack
0.0,icmp,http,REJ,5025.0,0.0,42.0,24.0,0,0,0,0,attack
1.11,tcp,smtp,SF,0.0,615.0,6.0,7.0,0,0,0,0,normal
0.15,udp,private,SF,153.0,621.0,9.0,3.0,0,0,0,0,normal
0.85,udp,private,REJ,3328.0,99.0,50.0,40.0,0,0,0,0,attack
0.21,tcp,http,S0,4418.0,107.0,76.0,26.0,0,0,0,0,attack
1.37,icmp,http,SF,0.0,356.0,5.0,10.0,0,0,0,0,normal
0.05,tcp,ftp,S0,2645.0,140.0,39.0,62.0,1,0,0,0,attack
1.87,tcp,http,SF,73.0,596.0,6.0,0.0,0,0,0,0,normal
0.2,udp,private,S0,3535.0,88.0,56.0,43.0,0,0,0,0,attack
0.04,tcp,private,SF,668.0,431.0,16.0,7.0,0,0,0,0,normal
0.8,tcp,private,SF,111.0,703.0,15.0,3.0,0,0,0,0,normal
0.37,tcp,smtp,SF,4995.0,109.0,40.0,54.0,1,0,0,0,attack
0.97,tcp,ssh,SF,64.0,479.0,4.0,2.0,0,0,0,0,normal
2.46,tcp,dns,SF,142.0,315.0,11.0,5.0,0,0,0,0,normal
2.31,tcp,http,SF,346.0,420.0,13.0,10.0,0,0,0,0,normal
1.54,tcp,ftp,SF,495.0,545.0,4.0,7.0,0,0,0,0,normal
0.18,tcp,smtp,S0,6606.0,75.0,44.0,45.0,1,0,0,1,attack
2.26,udp,dns,SF,867.0,621.0,11.0,13.0,0,0,0,0,normal
2.3,tcp,dns,SF,329.0,201.0,10.0,15.0,0,0,0,0,normal
1.46,tcp,http,SF,498.0,353.0,11.0,11.0,0,0,0,0,normal
4.8,tcp,http,SF,171.0,832.0,6.0,15.0,0,0,0,0,normal
3.37,tcp,http,SF,741.0,716.0,8.0,8.0,0,0,0,0,normal
2.3,tcp,dns,SF,197.0,547.0,5.0,2.0,0,0,0,0,normal
0.78,icmp,smtp,SF,2046.0,120.0,64.0,25.0,1,0,0,0,attack
0.84,tcp,private,SF,490.0,488.0,7.0,8.0,0,0,0,0,normal
0.61,tcp,ssh,RSTO,4036.0,18.0,56.0,42.0,3,0,0,0,attack
0.18,icmp,ftp,RSTO,3888.0,0.0,30.0,74.0,1,0,1,0,attack
0.83,tcp,dns,SF,321.0,759.0,15.0,4.0,0,0,0,0,normal
0.23,udp,ftp,SF,0.0,616.0,20.0,18.0,0,0,0,0,normal
0.58,tcp,http,S0,3381.0,98.0,28.0,31.0,1,0,0,0,attack
0.31,udp,http,S0,5450.0,81.0,70.0,26.0,0,0,0,0,attack
0.06,icmp,http,S0,2566.0,50.0,40.0,43.0,1,0,1,1,attack
3.1,tcp,smtp,SF,145.0,687.0,6.0,0.0,0,0,0,0,normal
0.84,tcp,private,SF,0.0,542.0,5.0,3.0,0,0,0,0,normal
0.21,tcp,ssh,SF,5385.0,51.0,67.0,33.0,0,0,0,0,normal
2.9,udp,smtp,SF,176.0,324.0,4.0,10.0,0,0,0,0,normal
0.79,tcp,http,SF,113.0,187.0,10.0,0.0,0,0,0,0,normal
0.18,tcp,http,SF,313.0,389.0,10.0,6.0,0,0,0,0,attack
0.01,tcp,ftp,S0,5679.0,123.0,24.0,37.0,0,0,0,0,attack
2.42,tcp,ssh,SF,545.0,344.0,4.0,1.0,1,0,0,0,normal
4.53,udp,private,SF,149.0,327.0,6.0,10.0,0,0,0,0,normal
3.3,udp,dns,SF,119.0,450.0,17.0,3.0,0,0,0,0,normal
0.62,udp,private,RSTO,348.0,397.0,1.0,3.0,1,0,0,0,normal
1.8,tcp,private,SF,391.0,471.0,4.0,11.0,0,0,0,0,attack
0.34,tcp,ssh,SF,50.0,425.0,1.0,9.0,0,0,0,0,normal
0.64,tcp,ssh,S0,3317.0,22.0,41.0,20.0,0,0,2,0,attack
7.35,tcp,private,SF,12.0,587.0,13.0,10.0,0,0,0,0,normal
1.0,udp,http,SF,587.0,811.0,4.0,7.0,0,0,0,0,normal
4.47,udp,smtp,SF,294.0,612.0,3.0,14.0,0,0,0,0,normal
0.72,tcp,dns,SF,0.0,547.0,11.0,6.0,0,0,0,0,normal
2.08,tcp,http,RSTO,254.0,532.0,18.0,0.0,1,0,0,0,normal
0.22,tcp,dns,S0,4677.0,0.0,65.0,26.0,0,1,2,1,attack
1.47,tcp,dns,SF,355.0,578.0,5.0,10.0,0,0,0,0,normal
0.48,tcp,ftp,SF,0.0,427.0,12.0,4.0,1,0,0,0,normal
0.31,tcp,ftp,SF,454.0,769.0,12.0,7.0,0,0,0,0,normal
1.25,tcp,ftp,SF,161.0,315.0,5.0,14.0,0,0,0,0,normal
0.05,icmp,private,S0,1684.0,32.0,37.0,48.0,2,0,0,0,attack
0.01,tcp,ftp,SF,2994.0,63.0,19.0,56.0,2,0,0,0,attack
1.74,icmp,http,SF,228.0,414.0,3.0,19.0,0,0,0,0,normal
0.43,tcp,ftp,REJ,3443.0,20.0,78.0,44.0,2,0,0,0,attack
0.04,tcp,smtp,SF,0.0,726.0,8.0,0.0,0,0,0,0,normal
0.49,tcp,ssh,SF,228.0,370.0,9.0,8.0,1,0,0,0,normal
0.5,tcp,http,S0,3800.0,2.0,57.0,47.0,1,0,1,0,attack
1.14,tcp,ssh,SF,891.0,624.0,9.0,0.0,0,0,0,0,normal
4.87,tcp,dns,SF,137.0,404.0,7.0,5.0,0,0,0,0,normal
2.14,udp,http,SF,606.0,206.0,10.0,7.0,0,0,0,0,normal
6.23,udp,smtp,SF,382.0,397.0,11.0,0.0,1,0,0,0,attack
0.61,icmp,smtp,RSTO,4739.0,18.0,61.0,57.0,1,0,0,0,attack
5.69,tcp,dns,SF,250.0,647.0,9.0,3.0,0,0,0,0,normal
1.99,tcp,ssh,REJ,425.0,478.0,14.0,4.0,0,0,0,0,normal
1.12,udp,http,SF,0.0,210.0,15.0,16.0,1,0,0,0,normal
0.27,tcp,http,REJ,3083.0,17.0,33.0,59.0,2,1,0,0,attack
1.57,udp,http,REJ,131.0,487.0,9.0,6.0,1,0,0,0,normal
8.55,tcp,ssh,SF,525.0,701.0,3.0,0.0,0,0,0,0,normal
0.23,icmp,dns,S0,2493.0,24.0,59.0,58.0,2,0,0,0,attack
1.47,udp,ssh,SF,443.0,642.0,0.0,0.0,0,0,0,0,normal
1.54,udp,private,RSTO,354.0,366.0,7.0,0.0,1,0,0,0,normal
0.45,tcp,dns,SF,684.0,334.0,13.0,7.0,0,0,0,0,normal
0.22,icmp,ftp,SF,5485.0,138.0,70.0,57.0,0,0,1,0,attack
5.82,tcp,dns,SF,0.0,728.0,8.0,10.0,0,0,0,0,normal
2.05,tcp,ssh,SF,362.0,498.0,4.0,5.0,1,0,0,0,normal
0.38,udp,ssh,SF,3.0,570.0,7.0,6.0,0,0,0,0,normal
0.24,udp,private,S0,4495.0,41.0,54.0,26.0,3,1,0,0,attack
0.03,tcp,private,S0,4280.0,72.0,47.0,24.0,3,0,0,0,attack
0.22,tcp,smtp,SF,274.0,594.0,10.0,14.0,1,0,0,0,normal
0.46,tcp,http,SF,1082.0,520.0,8.0,8.0,0,0,0,0,normal
2.15,udp,http,S0,344.0,519.0,9.0,8.0,0,0,0,0,normal
1.43,tcp,smtp,SF,0.0,439.0,15.0,2.0,0,0,0,0,normal
2.62,tcp,http,SF,153.0,356.0,11.0,8.0,0,0,0,0,normal
0.09,tcp,http,SF,488.0,610.0,1.0,2.0,0,0,0,0,attack
2.19,tcp,ssh,SF,0.0,505.0,6.0,14.0,0,0,0,0,normal
3.82,tcp,ssh,SF,333.0,479.0,14.0,1.0,0,0,0,0,normal
0.71,icmp,private,S0,4421.0,9.0,65.0,51.0,3,0,0,0,attack
0.35,tcp,smtp,SF,0.0,580.0,3.0,15.0,1,0,0,0,normal
0.17,tcp,ssh,SF,112.0,208.0,14.0,15.0,0,0,0,0,normal
0.07,icmp,http,S0,3549.0,65.0,48.0,34.0,3,0,2,0,attack
0.05,icmp,http,S0,4258.0,56.0,68.0,39.0,2,0,0,0,attack
0.99,icmp,ftp,REJ,2859.0,49.0,60.0,23.0,3,0,0,0,attack
2.09,tcp,private,SF,396.0,514.0,0.0,2.0,0,0,0,0,normal
3.34,udp,ftp,SF,0.0,430.0,16.0,10.0,0,0,0,0,normal
5.15,tcp,ftp,SF,356.0,456.0,11.0,6.0,1,0,0,0,normal
1.05,udp,smtp,SF,273.0,524.0,10.0,6.0,0,0,0,0,normal
0.77,tcp,ftp,SF,223.0,460.0,12.0,5.0,0,0,0,0,normal
0.61,tcp,dns,SF,355.0,310.0,0.0,17.0,0,0,0,0,normal
2.63,tcp,ssh,SF,12.0,313.0,10.0,14.0,0,0,0,0,normal
0.24,udp,http,SF,529.0,334.0,4.0,8.0,1,0,0,0,normal
1.37,tcp,smtp,SF,0.0,451.0,3.0,7.0,0,0,0,0,normal
0.49,tcp,private,S0,5509.0,62.0,42.0,73.0,0,1,0,0,attack
1.17,tcp,private,SF,435.0,412.0,3.0,10.0,0,0,0,0,normal
0.82,udp,smtp,SF,418.0,360.0,17.0,15.0,1,0,0,0,normal
0.09,icmp,http,REJ,5401.0,49.0,36.0,53.0,2,0,0,0,attack
1.37,udp,dns,SF,328.0,387.0,12.0,6.0,0,0,0,0,normal
0.57,icmp,private,S0,2666.0,73.0,39.0,65.0,0,0,1,0,attack
0.62,tcp,dns,SF,633.0,597.0,6.0,3.0,0,0,0,0,normal
1.82,tcp,http,SF,155.0,313.0,9.0,7.0,0,0,0,0,normal
1.12,tcp,ftp,SF,590.0,605.0,0.0,8.0,0,0,0,0,normal
0.73,tcp,private,REJ,6879.0,42.0,34.0,36.0,3,1,0,0,attack
0.28,tcp,private,SF,543.0,606.0,4.0,1.0,0,0,0,0,normal
0.03,tcp,http,RSTO,4997.0,26.0,83.0,26.0,0,0,0,0,attack
0.35,tcp,private,S0,3456.0,114.0,29.0,31.0,1,0,0,0,attack
4.57,tcp,ftp,SF,749.0,127.0,0.0,13.0,0,0,0,0,normal
7.59,tcp,private,SF,133.0,558.0,12.0,7.0,0,0,0,0,normal
0.05,tcp,smtp,REJ,4531.0,75.0,29.0,21.0,1,0,0,0,attack
1.15,tcp,http,SF,310.0,615.0,4.0,14.0,0,0,0,0,normal
2.84,tcp,ssh,SF,458.0,157.0,10.0,5.0,1,0,0,0,normal
0.79,tcp,dns,SF,0.0,370.0,15.0,8.0,0,0,0,0,normal
2.46,tcp,dns,SF,565.0,755.0,0.0,7.0,0,0,0,0,normal
0.1,tcp,ssh,SF,95.0,567.0,11.0,13.0,0,0,0,0,normal
2.61,tcp,http,SF,384.0,541.0,15.0,12.0,0,0,0,0,normal
0.13,icmp,ftp,RSTO,3953.0,0.0,34.0,48.0,1,0,0,0,attack
1.19,tcp,private,SF,414.0,386.0,6.0,9.0,0,0,0,0,normal
0.19,tcp,dns,REJ,469.0,720.0,5.0,16.0,0,0,0,0,normal
0.16,tcp,smtp,S0,3877.0,72.0,44.0,53.0,2,0,1,0,attack
2.33,tcp,private,SF,149.0,664.0,2.0,13.0,0,0,0,0,normal
0.28,tcp,ssh,RSTO,3042.0,20.0,28.0,66.0,3,0,0,0,attack
0.06,tcp,http,S0,3682.0,0.0,72.0,24.0,3,0,2,1,attack
1.67,udp,http,SF,0.0,530.0,15.0,15.0,0,0,0,0,normal
0.17,tcp,ftp,SF,424.0,518.0,7.0,16.0,1,0,0,0,normal
0.04,icmp,http,S0,4068.0,4.0,51.0,43.0,0,0,2,0,attack
1.45,tcp,smtp,SF,0.0,506.0,9.0,11.0,0,0,0,0,normal
0.06,tcp,private,SF,833.0,754.0,7.0,10.0,0,0,0,0,normal
3.23,udp,private,SF,605.0,451.0,10.0,11.0,1,0,0,0,normal
1.54,tcp,http,SF,57.0,592.0,5.0,14.0,0,0,0,0,normal
1.9,tcp,dns,SF,54.0,441.0,10.0,0.0,0,0,0,0,normal
1.87,tcp,http,S0,590.0,331.0,0.0,4.0,0,0,0,0,normal
0.49,tcp,http,SF,422.0,379.0,1.0,5.0,0,0,0,0,normal
3.19,tcp,dns,SF,279.0,512.0,0.0,4.0,0,0,0,0,normal
2.85,tcp,http,SF,31.0,501.0,10.0,1.0,1,0,0,0,normal
2.27,udp,http,SF,48.0,415.0,9.0,8.0,0,0,0,0,normal
0.54,tcp,ftp,SF,731.0,332.0,8.0,7.0,0,0,0,0,normal
0.89,udp,ssh,SF,390.0,574.0,16.0,17.0,1,0,0,0,normal
0.0,udp,ftp,SF,717.0,586.0,5.0,6.0,1,0,0,0,normal
2.4,tcp,http,SF,588.0,561.0,4.0,3.0,0,0,0,0,normal
2.18,tcp,dns,SF,236.0,594.0,7.0,7.0,0,0,0,0,normal
0.39,icmp,ftp,S0,4046.0,0.0,19.0,73.0,2,0,1,0,attack
1.17,udp,private,SF,0.0,578.0,13.0,14.0,0,0,0,0,normal
4.67,tcp,dns,SF,0.0,519.0,4.0,14.0,0,0,0,0,normal
2.22,udp,dns,SF,163.0,596.0,6.0,0.0,0,0,0,0,normal
0.01,tcp,http,REJ,3208.0,1.0,23.0,64.0,3,0,0,0,attack
2.73,tcp,ftp,SF,72.0,837.0,7.0,4.0,0,0,0,0,normal
3.94,udp,smtp,SF,144.0,189.0,1.0,5.0,0,0,0,0,normal
0.01,tcp,private,S0,3334.0,62.0,41.0,61.0,1,0,2,0,attack
0.21,udp,dns,SF,617.0,269.0,8.0,8.0,1,0,0,0,normal
0.04,icmp,private,SF,4367.0,67.0,22.0,62.0,2,0,0,0,attack
6.08,tcp,private,SF,0.0,498.0,10.0,14.0,1,0,0,0,normal
0.07,tcp,http,S0,4291.0,91.0,68.0,47.0,2,0,2,0,normal
1.08,tcp,private,SF,166.0,500.0,2.0,12.0,0,0,0,0,normal
4.89,tcp,private,SF,585.0,542.0,11.0,7.0,1,0,0,0,normal
0.07,udp,ftp,SF,247.0,299.0,11.0,5.0,0,0,0,0,normal
4.71,tcp,http,SF,631.0,551.0,9.0,5.0,0,0,0,0,normal
0.06,tcp,dns,REJ,4407.0,63.0,61.0,68.0,2,1,0,0,attack
1.64,tcp,dns,SF,241.0,516.0,11.0,8.0,0,0,0,0,normal
3.28,udp,ftp,SF,236.0,458.0,6.0,4.0,0,0,0,0,normal
1.02,tcp,http,RSTO,5045.0,36.0,68.0,16.0,3,0,0,0,attack
3.46,icmp,dns,SF,467.0,616.0,12.0,5.0,0,0,0,0,normal
0.8,tcp,private,SF,399.0,545.0,1.0,12.0,1,0,0,0,normal
0.12,tcp,ssh,SF,270.0,772.0,14.0,6.0,0,0,0,0,normal
0.16,icmp,private,S0,5901.0,6.0,75.0,72.0,0,0,0,0,attack
0.42,tcp,dns,SF,371.0,395.0,5.0,6.0,1,0,0,0,normal
0.47,tcp,ssh,SF,151.0,406.0,3.0,1.0,0,0,0,0,normal
0.53,tcp,ftp,SF,4638.0,87.0,28.0,37.0,0,0,0,0,attack
0.0,tcp,smtp,RSTO,1009.0,0.0,46.0,76.0,3,0,0,0,attack
0.5,udp,http,REJ,5642.0,144.0,23.0,37.0,1,0,0,1,attack
2.24,udp,private,SF,0.0,523.0,8.0,6.0,1,0,0,0,normal
1.5,tcp,dns,SF,670.0,644.0,11.0,2.0,0,0,0,0,normal
0.02,tcp,private,S0,3165.0,62.0,16.0,67.0,2,0,0,0,attack
0.61,icmp,http,S0,2638.0,92.0,55.0,70.0,3,0,0,0,attack
1.12,tcp,smtp,S0,2678.0,113.0,71.0,62.0,2,0,0,0,attack
0.22,tcp,smtp,SF,58.0,576.0,9.0,5.0,0,0,0,0,normal
1.23,tcp,http,SF,156.0,491.0,6.0,9.0,0,0,0,0,normal
1.74,tcp,dns,SF,0.0,195.0,9.0,7.0,0,0,0,0,normal
3.02,tcp,ssh,SF,558.0,549.0,16.0,13.0,1,0,0,0,normal
0.1,tcp,ssh,S0,6954.0,0.0,22.0,68.0,2,0,0,0,attack
0.83,tcp,smtp,SF,169.0,497.0,15.0,4.0,0,0,0,0,normal
4.55,udp,http,SF,759.0,291.0,2.0,8.0,0,0,0,0,normal
1.61,tcp,ftp,RSTO,413.0,543.0,18.0,0.0,0,0,0,0,normal
2.3,tcp,dns,SF,245.0,352.0,14.0,5.0,0,0,0,0,normal
0.34,icmp,private,SF,5622.0,148.0,48.0,38.0,2,0,0,0,attack
0.17,tcp,http,REJ,5410.0,39.0,66.0,38.0,1,1,0,0,normal
2.04,tcp,private,S0,95.0,559.0,9.0,5.0,0,0,0,0,normal
0.68,tcp,private,SF,70.0,609.0,9.0,2.0,0,0,0,0,normal
0.01,tcp,ssh,S0,4537.0,49.0,43.0,63.0,1,0,0,0,attack
2.77,udp,http,SF,680.0,686.0,12.0,11.0,0,0,0,0,normal
0.75,icmp,ftp,RSTO,4186.0,68.0,72.0,57.0,0,0,0,0,attack
0.05,tcp,http,S0,2516.0,31.0,24.0,30.0,3,0,0,0,attack
0.22,icmp,ftp,S0,4520.0,3.0,52.0,66.0,1,0,0,0,attack
1.01,tcp,ssh,SF,567.0,453.0,12.0,0.0,1,0,0,0,normal
2.51,tcp,http,SF,77.0,706.0,12.0,7.0,1,0,0,0,normal
1.21,tcp,smtp,SF,0.0,534.0,7.0,7.0,0,0,0,0,normal
0.32,icmp,dns,S0,5343.0,70.0,72.0,40.0,1,0,0,0,attack
4.78,tcp,ftp,SF,362.0,417.0,15.0,7.0,1,0,0,0,normal
0.18,tcp,smtp,SF,626.0,360.0,11.0,5.0,1,0,0,0,normal
0.8,udp,ftp,RSTO,4595.0,59.0,34.0,36.0,0,0,0,0,attack
0.75,tcp,private,SF,585.0,264.0,6.0,13.0,0,0,0,0,normal
0.34,icmp,http,REJ,6108.0,2.0,67.0,41.0,1,0,0,0,attack
0.59,udp,smtp,SF,312.0,600.0,0.0,10.0,1,0,0,0,normal
2.69,tcp,ftp,SF,302.0,416.0,4.0,13.0,0,0,0,0,normal
0.01,tcp,private,SF,628.0,577.0,8.0,10.0,0,0,0,0,normal
1.34,tcp,http,REJ,5320.0,0.0,79.0,59.0,0,0,1,0,attack
1.52,tcp,private,SF,79.0,322.0,10.0,11.0,0,0,0,0,normal
0.11,icmp,private,RSTO,2381.0,81.0,57.0,70.0,1,0,1,0,attack
1.66,tcp,ssh,SF,184.0,625.0,14.0,0.0,1,0,0,0,normal
1.41,udp,ftp,SF,133.0,417.0,10.0,12.0,0,0,0,0,normal
2.5,tcp,http,SF,260.0,546.0,19.0,9.0,1,0,0,0,normal
0.0,icmp,http,S0,4587.0,67.0,67.0,74.0,1,0,0,0,attack
3.48,tcp,ftp,SF,662.0,414.0,2.0,3.0,0,0,0,0,normal
1.24,tcp,ftp,SF,643.0,584.0,3.0,7.0,0,0,0,0,normal
8.78,tcp,ssh,SF,405.0,663.0,5.0,3.0,0,0,0,0,normal
4.14,tcp,ftp,SF,941.0,589.0,15.0,14.0,0,0,0,0,normal
0.03,tcp,private,S0,6440.0,79.0,80.0,46.0,0,0,0,0,attack
1.21,tcp,ftp,SF,4401.0,126.0,50.0,60.0,3,0,0,0,attack
0.66,tcp,http,SF,269.0,513.0,3.0,10.0,0,0,0,0,normal
0.33,tcp,private,SF,359.0,440.0,19.0,14.0,0,0,0,0,normal
0.02,icmp,ssh,S0,2278.0,125.0,63.0,17.0,0,0,0,0,attack
0.25,tcp,http,S0,4366.0,0.0,57.0,50.0,3,0,0,0,attack
0.74,icmp,http,REJ,3765.0,54.0,62.0,29.0,2,0,0,0,attack
1.56,tcp,dns,SF,180.0,514.0,3.0,8.0,1,0,0,0,normal
3.14,tcp,private,S0,292.0,443.0,1.0,6.0,0,0,0,0,normal
5.38,tcp,ssh,REJ,284.0,571.0,14.0,1.0,0,0,0,0,normal
3.08,tcp,ssh,SF,2.0,134.0,5.0,2.0,1,0,0,0,normal
0.02,icmp,private,S0,4963.0,22.0,48.0,54.0,1,0,0,0,attack
2.39,udp,ssh,SF,34.0,516.0,2.0,4.0,0,0,0,0,normal
0.56,tcp,private,S0,4654.0,91.0,59.0,38.0,2,1,0,0,attack
3.55,udp,private,SF,241.0,496.0,9.0,12.0,0,0,0,0,normal
2.01,tcp,private,SF,389.0,823.0,2.0,0.0,0,0,0,0,normal
0.03,icmp,http,S0,4499.0,23.0,60.0,40.0,2,0,0,0,attack
0.4,udp,http,REJ,4924.0,100.0,33.0,44.0,0,0,0,0,attack
0.0,udp,smtp,SF,270.0,416.0,8.0,1.0,0,0,0,0,normal
5.38,udp,smtp,SF,446.0,462.0,4.0,10.0,0,0,0,0,normal
1.02,tcp,ftp,SF,200.0,688.0,3.0,8.0,0,0,0,0,normal
0.34,tcp,http,SF,2591.0,44.0,72.0,56.0,1,0,0,0,attack
0.25,icmp,private,S0,4935.0,60.0,52.0,65.0,2,0,0,0,normal
0.28,udp,ssh,SF,307.0,650.0,13.0,9.0,0,0,0,0,normal
0.49,udp,private,SF,0.0,294.0,10.0,1.0,0,0,0,0,normal
1.46,tcp,smtp,RSTO,211.0,622.0,6.0,12.0,0,0,0,0,normal
2.49,tcp,smtp,REJ,86.0,799.0,9.0,13.0,1,0,0,0,normal
1.36,tcp,private,SF,262.0,313.0,11.0,1.0,0,0,0,0,normal
0.91,tcp,ssh,SF,746.0,615.0,7.0,8.0,0,0,0,0,normal
0.27,tcp,http,S0,4570.0,105.0,17.0,41.0,2,0,0,0,attack
0.18,tcp,ssh,SF,443.0,391.0,11.0,0.0,0,0,0,0,normal
0.02,tcp,ssh,SF,297.0,629.0,19.0,0.0,1,0,0,0,normal
5.91,tcp,http,SF,104.0,782.0,11.0,0.0,0,0,0,0,normal
0.97,tcp,ssh,SF,807.0,530.0,12.0,14.0,0,0,0,0,normal
1.37,tcp,ssh,SF,257.0,450.0,17.0,6.0,0,0,0,0,normal
1.52,tcp,dns,SF,43.0,646.0,2.0,13.0,0,0,0,0,normal
0.07,tcp,smtp,S0,4712.0,47.0,30.0,54.0,3,1,1,0,attack
0.27,icmp,smtp,RSTO,4823.0,3.0,64.0,79.0,2,0,0,0,attack
1.01,tcp,smtp,SF,83.0,651.0,7.0,5.0,1,0,0,0,normal
0.34,icmp,http,S0,5164.0,57.0,17.0,41.0,0,0,1,0,attack
1.94,tcp,dns,SF,352.0,723.0,17.0,12.0,0,0,0,0,normal
4.43,tcp,http,SF,0.0,545.0,2.0,11.0,1,0,0,0,normal
0.32,udp,smtp,S0,3750.0,0.0,62.0,52.0,1,0,0,0,attack
0.01,icmp,smtp,REJ,2671.0,66.0,59.0,28.0,2,0,0,0,attack
0.59,udp,http,REJ,3326.0,82.0,34.0,67.0,1,0,1,0,attack
0.13,tcp,ftp,RSTO,4860.0,35.0,30.0,65.0,1,0,0,0,attack
0.13,icmp,dns,REJ,3846.0,18.0,46.0,32.0,0,0,0,0,attack
0.83,tcp,http,SF,717.0,866.0,0.0,12.0,0,0,0,0,normal
0.18,tcp,http,REJ,4894.0,75.0,32.0,67.0,1,0,0,0,attack
4.2,tcp,http,SF,0.0,703.0,2.0,9.0,0,0,0,0,normal
3.45,udp,ftp,SF,567.0,416.0,9.0,11.0,0,0,0,0,normal
0.14,icmp,smtp,REJ,4930.0,0.0,45.0,29.0,0,0,2,0,attack
0.09,icmp,http,S0,2360.0,0.0,77.0,26.0,1,0,1,0,attack
12.68,tcp,dns,SF,0.0,617.0,19.0,2.0,0,0,0,0,attack
2.77,udp,ftp,SF,283.0,356.0,13.0,6.0,0,0,0,0,normal
1.75,tcp,private,SF,1003.0,669.0,8.0,4.0,1,0,0,0,normal
2.33,tcp,ftp,SF,361.0,614.0,5.0,8.0,0,0,0,0,normal
0.08,tcp,smtp,S0,3418.0,65.0,69.0,70.0,1,0,0,0,attack
2.75,udp,smtp,SF,321.0,268.0,14.0,3.0,0,0,0,0,normal
0.04,icmp,private,S0,4365.0,3.0,82.0,51.0,2,0,1,0,attack
2.26,udp,smtp,SF,457.0,545.0,14.0,14.0,0,0,0,0,normal
1.04,tcp,ftp,SF,706.0,790.0,15.0,0.0,0,0,0,0,normal
0.35,udp,ftp,SF,316.0,492.0,13.0,9.0,0,0,0,0,normal
0.79,tcp,private,SF,165.0,364.0,3.0,13.0,1,0,0,0,normal
0.29,tcp,smtp,REJ,5454.0,57.0,35.0,48.0,0,0,0,0,attack
0.54,tcp,private,RSTO,3200.0,75.0,61.0,37.0,2,0,0,0,attack
0.2,udp,http,SF,521.0,581.0,13.0,7.0,0,0,0,0,normal
0.03,tcp,smtp,S0,2507.0,165.0,66.0,69.0,2,0,0,0,attack
0.19,udp,smtp,SF,514.0,523.0,1.0,12.0,0,0,0,0,normal
0.21,udp,dns,SF,0.0,402.0,8.0,13.0,0,0,0,0,normal
0.98,tcp,ftp,SF,953.0,600.0,0.0,13.0,1,0,0,0,normal
0.68,tcp,ssh,SF,73.0,471.0,11.0,5.0,0,0,0,0,normal
0.36,udp,dns,SF,352.0,727.0,13.0,0.0,1,0,0,0,normal
0.68,icmp,http,S0,6523.0,44.0,64.0,21.0,1,0,0,0,attack
2.18,udp,ssh,SF,284.0,581.0,7.0,18.0,0,0,0,0,normal
0.45,tcp,ssh,SF,79.0,375.0,10.0,15.0,1,0,0,0,normal
7.04,udp,dns,SF,327.0,519.0,13.0,7.0,0,0,0,0,normal
3.33,tcp,smtp,SF,85.0,882.0,0.0,7.0,0,0,0,0,normal
1.66,udp,dns,RSTO,312.0,717.0,14.0,7.0,0,0,0,0,normal
1.56,udp,smtp,SF,711.0,461.0,12.0,12.0,0,0,0,0,normal
0.05,tcp,http,REJ,6055.0,0.0,23.0,61.0,0,0,1,0,attack
0.44,tcp,ftp,S0,3293.0,79.0,22.0,53.0,1,0,0,0,attack
0.03,tcp,smtp,REJ,0.0,370.0,3.0,11.0,0,0,0,0,normal
0.3,icmp,ssh,S0,4343.0,44.0,34.0,31.0,0,0,1,0,attack
2.1,tcp,ftp,REJ,491.0,495.0,13.0,4.0,0,0,0,0,normal
1.28,tcp,ftp,SF,973.0,724.0,10.0,6.0,0,0,0,0,normal
3.01,udp,dns,SF,399.0,408.0,7.0,8.0,1,0,0,0,normal
0.47,icmp,ssh,RSTO,5479.0,77.0,41.0,49.0,0,0,0,0,attack
1.74,icmp,dns,SF,801.0,853.0,9.0,17.0,0,0,0,0,normal
2.0,tcp,dns,RSTO,5.0,496.0,8.0,14.0,0,0,0,0,normal
0.15,tcp,smtp,SF,695.0,507.0,0.0,13.0,1,0,0,0,normal
6.25,tcp,smtp,REJ,356.0,579.0,0.0,8.0,0,0,0,0,attack
0.21,tcp,ftp,SF,309.0,511.0,13.0,13.0,0,0,0,0,normal
2.07,tcp,private,SF,822.0,782.0,8.0,11.0,0,0,0,0,normal
1.61,tcp,private,SF,0.0,465.0,6.0,10.0,0,0,0,0,normal
0.32,tcp,ftp,SF,393.0,622.0,3.0,5.0,1,0,0,0,normal
8.67,tcp,ftp,SF,76.0,667.0,6.0,6.0,0,0,0,0,normal
1.72,tcp,private,SF,169.0,392.0,16.0,4.0,0,0,0,0,normal
0.09,tcp,dns,S0,3740.0,60.0,66.0,42.0,1,0,1,0,attack
5.73,tcp,dns,SF,0.0,849.0,4.0,1.0,0,0,0,0,normal
1.35,tcp,smtp,SF,341.0,437.0,10.0,13.0,0,0,0,0,normal
0.22,icmp,smtp,S0,2478.0,0.0,23.0,24.0,1,1,0,0,attack
3.64,tcp,dns,SF,122.0,726.0,11.0,14.0,0,0,0,0,normal
1.86,udp,ssh,SF,377.0,379.0,1.0,4.0,0,0,0,0,normal
4.58,tcp,http,SF,612.0,613.0,8.0,11.0,0,0,0,0,normal
1.71,tcp,private,SF,102.0,678.0,12.0,3.0,0,0,0,0,normal
3.04,icmp,smtp,SF,620.0,513.0,7.0,8.0,0,0,0,0,normal
2.21,tcp,dns,SF,269.0,446.0,14.0,7.0,0,0,0,0,normal
0.4,tcp,smtp,SF,373.0,236.0,3.0,5.0,1,0,0,0,normal
0.13,icmp,ssh,SF,6105.0,110.0,47.0,24.0,1,0,1,0,attack
0.29,icmp,http,S0,1742.0,101.0,39.0,29.0,0,0,0,0,attack
0.24,tcp,smtp,S0,1416.0,22.0,37.0,79.0,0,1,2,0,attack
1.09,icmp,smtp,SF,0.0,522.0,4.0,9.0,0,0,0,0,normal
2.91,tcp,ftp,RSTO,106.0,614.0,0.0,11.0,0,0,0,0,normal
0.52,tcp,private,REJ,1656.0,103.0,62.0,29.0,0,0,0,0,attack
0.19,tcp,http,REJ,4060.0,49.0,35.0,70.0,2,1,0,0,attack
6.54,tcp,ssh,SF,56.0,748.0,0.0,12.0,0,0,0,0,normal
0.05,tcp,ssh,S0,4914.0,106.0,74.0,60.0,3,0,0,0,attack
0.52,tcp,smtp,SF,473.0,660.0,0.0,3.0,0,0,0,0,normal
5.15,tcp,smtp,SF,233.0,262.0,15.0,2.0,0,0,0,0,normal
2.26,tcp,ftp,SF,221.0,383.0,10.0,4.0,0,0,0,0,normal
6.38,tcp,dns,RSTO,377.0,355.0,3.0,4.0,0,0,0,0,normal
1.05,tcp,private,SF,427.0,629.0,8.0,2.0,0,0,0,0,normal
0.92,tcp,http,SF,491.0,245.0,14.0,13.0,0,0,0,0,normal
2.04,tcp,smtp,SF,22.0,481.0,14.0,10.0,0,0,0,0,normal
0.11,tcp,dns,SF,133.0,608.0,12.0,9.0,0,0,0,0,normal
1.88,icmp,http,S0,0.0,550.0,17.0,9.0,1,0,0,0,normal
3.78,tcp,dns,SF,261.0,390.0,9.0,4.0,1,0,0,0,normal
0.1,tcp,private,S0,2934.0,4.0,70.0,68.0,3,0,1,0,attack
1.78,tcp,ftp,SF,208.0,306.0,4.0,11.0,1,0,0,0,normal
1.57,udp,ftp,SF,315.0,891.0,4.0,9.0,1,0,0,0,normal
4.5,tcp,http,SF,662.0,405.0,4.0,7.0,1,0,0,0,normal
2.19,tcp,dns,SF,322.0,285.0,11.0,2.0,0,0,0,0,normal
0.54,tcp,ftp,SF,327.0,659.0,13.0,5.0,0,0,0,0,normal
0.11,icmp,dns,S0,2981.0,141.0,48.0,25.0,3,0,0,0,attack
0.09,tcp,http,S0,2441.0,65.0,17.0,70.0,0,0,0,0,attack
0.5,tcp,dns,SF,0.0,291.0,5.0,3.0,0,0,0,0,normal
0.11,icmp,http,S0,4108.0,0.0,44.0,37.0,0,0,0,0,attack
0.02,tcp,http,REJ,886.0,79.0,49.0,59.0,1,0,1,0,attack
0.01,icmp,private,RSTO,4851.0,37.0,28.0,31.0,2,0,0,0,attack
1.08,tcp,private,SF,83.0,243.0,1.0,7.0,0,0,0,0,normal
0.19,tcp,private,REJ,4515.0,47.0,23.0,26.0,0,0,0,1,attack
1.89,tcp,http,SF,13.0,649.0,14.0,9.0,0,0,0,0,normal
0.35,tcp,ftp,SF,574.0,176.0,0.0,4.0,0,0,0,0,normal
1.44,udp,smtp,SF,215.0,566.0,5.0,6.0,1,0,0,0,normal
5.13,tcp,dns,SF,718.0,776.0,2.0,1.0,0,0,0,0,normal
0.09,tcp,smtp,SF,470.0,385.0,5.0,8.0,0,0,0,0,normal
0.76,icmp,private,S0,5895.0,31.0,58.0,42.0,1,1,1,0,attack
0.85,udp,dns,SF,173.0,315.0,8.0,22.0,0,0,0,0,normal
0.18,udp,smtp,SF,316.0,569.0,14.0,3.0,0,0,0,0,normal
2.01,udp,private,SF,574.0,437.0,14.0,1.0,0,0,0,0,normal
1.1,tcp,ssh,SF,497.0,528.0,7.0,0.0,0,0,0,0,normal
2.21,tcp,http,SF,235.0,625.0,12.0,14.0,0,0,0,0,normal
2.54,udp,http,SF,193.0,393.0,11.0,9.0,0,0,0,0,normal
1.07,tcp,ssh,SF,0.0,484.0,17.0,6.0,1,0,0,0,normal
0.43,tcp,http,SF,318.0,351.0,16.0,1.0,0,0,0,0,normal
0.55,icmp,smtp,SF,626.0,485.0,4.0,14.0,0,0,0,0,normal
0.85,tcp,smtp,REJ,5546.0,168.0,26.0,55.0,3,0,0,0,normal
1.59,udp,private,REJ,354.0,668.0,11.0,12.0,0,0,0,0,normal
0.26,icmp,ftp,RSTO,4714.0,18.0,42.0,63.0,0,0,2,0,attack
0.38,tcp,dns,S0,5121.0,0.0,69.0,36.0,2,0,1,0,attack
0.08,tcp,dns,REJ,2887.0,107.0,69.0,35.0,2,0,0,0,attack
5.62,tcp,http,SF,167.0,515.0,12.0,15.0,0,0,0,0,normal
1.6,tcp,smtp,SF,601.0,678.0,17.0,10.0,0,0,0,0,normal
0.44,icmp,ftp,S0,3870.0,86.0,45.0,66.0,2,0,1,0,attack
2.27,tcp,ftp,SF,270.0,285.0,0.0,14.0,0,0,0,0,normal
0.78,tcp,http,SF,618.0,866.0,0.0,9.0,0,0,0,0,normal
0.19,tcp,http,SF,3057.0,0.0,44.0,61.0,1,1,1,0,attack
0.5,tcp,ssh,SF,222.0,454.0,0.0,9.0,0,0,0,0,normal
0.17,tcp,ssh,SF,122.0,639.0,5.0,14.0,0,0,0,0,normal
0.13,tcp,ftp,S0,3619.0,72.0,75.0,23.0,1,0,0,0,attack
0.16,tcp,private,SF,222.0,311.0,8.0,2.0,0,0,0,0,normal
1.33,icmp,private,S0,3841.0,115.0,36.0,40.0,1,0,1,0,attack
0.93,tcp,ssh,S0,12.0,558.0,5.0,10.0,0,0,0,0,normal
0.55,tcp,dns,SF,75.0,742.0,0.0,11.0,0,0,0,0,normal
0.67,tcp,http,REJ,705.0,45.0,26.0,60.0,1,1,0,0,attack
5.78,tcp,dns,SF,0.0,469.0,10.0,1.0,0,0,0,0,normal
0.34,tcp,smtp,SF,126.0,168.0,2.0,10.0,0,0,0,0,normal
1.9,icmp,dns,SF,78.0,406.0,10.0,3.0,0,0,0,0,normal
2.7,udp,private,SF,521.0,690.0,9.0,6.0,1,0,0,0,normal
4.84,tcp,private,SF,436.0,455.0,11.0,5.0,0,0,0,0,normal
0.69,tcp,ftp,SF,856.0,606.0,3.0,14.0,0,0,0,0,normal
3.1,tcp,http,SF,210.0,376.0,2.0,4.0,0,0,0,0,normal
0.29,tcp,private,SF,582.0,318.0,10.0,8.0,0,0,0,0,normal
0.28,icmp,ftp,S0,3578.0,49.0,38.0,61.0,2,1,0,0,attack
0.96,tcp,dns,SF,0.0,573.0,18.0,0.0,0,0,0,0,attack
0.86,tcp,ftp,SF,458.0,452.0,0.0,4.0,0,0,0,0,normal
3.09,tcp,ftp,SF,137.0,426.0,0.0,7.0,1,0,0,0,normal
0.64,tcp,dns,S0,380.0,754.0,1.0,14.0,0,0,0,0,normal
6.02,tcp,ftp,SF,125.0,474.0,13.0,6.0,0,0,0,0,normal
0.41,tcp,http,SF,69.0,541.0,11.0,12.0,1,0,0,0,normal
1.45,tcp,http,SF,361.0,527.0,11.0,8.0,1,0,0,0,attack
0.54,icmp,http,S0,4538.0,67.0,85.0,56.0,1,0,2,0,attack
0.59,tcp,private,REJ,4536.0,35.0,46.0,27.0,0,0,0,0,attack
6.84,icmp,private,RSTO,528.0,619.0,8.0,6.0,0,0,0,0,normal
2.56,tcp,dns,S0,0.0,584.0,10.0,9.0,1,0,0,0,normal
2.21,tcp,http,SF,514.0,552.0,10.0,0.0,1,0,0,0,normal
0.59,tcp,dns,SF,228.0,709.0,8.0,5.0,0,0,0,0,attack
4.65,udp,smtp,SF,199.0,317.0,11.0,5.0,1,0,0,0,normal
0.26,icmp,http,S0,2623.0,112.0,37.0,27.0,1,0,2,0,attack
0.71,tcp,http,SF,907.0,870.0,0.0,3.0,1,0,0,0,normal
0.61,tcp,private,SF,544.0,447.0,15.0,4.0,0,0,0,0,normal
3.41,tcp,smtp,SF,757.0,199.0,13.0,4.0,0,0,0,0,normal
0.04,tcp,smtp,S0,3299.0,55.0,72.0,51.0,3,0,2,0,attack
0.96,tcp,http,S0,4270.0,80.0,45.0,27.0,0,0,0,0,attack
0.03,icmp,http,S0,4715.0,0.0,51.0,45.0,1,0,0,0,attack
0.19,tcp,ssh,SF,515.0,541.0,9.0,5.0,1,0,0,0,normal
0.25,icmp,http,S0,4002.0,99.0,24.0,38.0,2,0,1,0,attack
0.75,icmp,private,S0,3514.0,17.0,45.0,77.0,1,0,0,0,attack
0.85,udp,ssh,SF,114.0,626.0,5.0,4.0,0,0,0,0,attack
2.21,tcp,smtp,SF,335.0,496.0,6.0,12.0,0,0,0,0,attack
0.06,tcp,dns,RSTO,270.0,626.0,15.0,1.0,1,0,0,0,normal
2.95,udp,dns,SF,619.0,353.0,15.0,5.0,0,0,0,0,normal
1.0,tcp,http,S0,626.0,587.0,12.0,8.0,0,0,0,0,normal
0.11,icmp,ftp,REJ,6568.0,72.0,71.0,45.0,0,0,0,0,attack
1.09,tcp,smtp,SF,0.0,279.0,0.0,4.0,0,0,0,0,normal
1.72,tcp,private,SF,144.0,552.0,10.0,3.0,0,0,0,0,normal
0.74,udp,dns,SF,407.0,417.0,7.0,1.0,0,0,0,0,normal
0.08,icmp,private,REJ,4158.0,27.0,58.0,48.0,1,0,0,0,attack
2.3,tcp,dns,SF,0.0,716.0,11.0,9.0,1,0,0,0,normal
0.25,tcp,dns,SF,869.0,239.0,12.0,5.0,0,0,0,0,normal
4.77,tcp,private,SF,581.0,586.0,9.0,0.0,0,0,0,0,normal
6.09,tcp,ssh,SF,674.0,465.0,5.0,11.0,0,0,0,0,normal
0.85,tcp,ssh,SF,463.0,703.0,15.0,18.0,0,0,0,0,normal
1.37,udp,private,SF,131.0,367.0,7.0,16.0,0,0,0,0,normal
0.37,tcp,private,SF,312.0,440.0,16.0,14.0,0,0,0,0,normal
0.03,tcp,http,SF,632.0,466.0,11.0,13.0,1,0,0,0,normal
0.48,tcp,smtp,SF,195.0,485.0,10.0,9.0,1,0,0,0,normal
0.4,icmp,ssh,REJ,5739.0,43.0,58.0,59.0,2,0,2,0,attack
0.58,tcp,ftp,SF,0.0,596.0,6.0,16.0,0,0,0,0,normal
1.28,tcp,dns,SF,553.0,315.0,5.0,2.0,0,0,0,0,normal
3.99,tcp,ftp,SF,312.0,429.0,2.0,16.0,1,0,0,0,normal
2.66,tcp,dns,SF,0.0,431.0,6.0,14.0,0,0,0,0,normal
0.12,tcp,private,REJ,4826.0,0.0,58.0,44.0,3,1,0,0,attack
0.81,tcp,smtp,SF,320.0,802.0,5.0,5.0,1,0,0,0,normal
0.95,tcp,smtp,SF,0.0,696.0,16.0,8.0,0,0,0,0,normal
0.04,icmp,private,SF,3458.0,0.0,58.0,44.0,3,0,0,0,attack
0.97,icmp,ssh,S0,4861.0,33.0,62.0,34.0,2,0,0,0,attack
2.63,tcp,private,SF,285.0,580.0,1.0,10.0,1,0,0,0,normal
3.57,udp,private,SF,169.0,514.0,5.0,11.0,0,0,0,0,normal
0.79,tcp,private,SF,608.0,167.0,9.0,11.0,1,0,0,0,normal
0.43,tcp,dns,SF,326.0,566.0,13.0,4.0,0,0,0,0,normal
3.31,tcp,ssh,SF,386.0,557.0,16.0,8.0,0,0,0,0,normal
5.85,tcp,smtp,SF,39.0,417.0,6.0,2.0,0,0,0,0,normal
0.26,icmp,http,REJ,4619.0,109.0,58.0,73.0,2,0,0,0,attack
0.0,tcp,http,S0,4221.0,69.0,34.0,30.0,1,0,0,0,attack
0.33,tcp,ftp,SF,406.0,431.0,5.0,14.0,0,0,0,0,normal
0.16,icmp,http,S0,4221.0,66.0,17.0,61.0,2,0,1,0,attack
1.73,udp,smtp,SF,274.0,355.0,0.0,4.0,0,0,0,0,normal
1.33,tcp,dns,RSTO,129.0,244.0,9.0,4.0,0,0,0,0,normal
0.06,udp,ftp,SF,0.0,492.0,2.0,5.0,0,0,0,0,normal
0.36,udp,private,S0,2320.0,33.0,77.0,15.0,0,0,2,0,attack
0.55,icmp,http,S0,4072.0,17.0,61.0,72.0,3,0,0,0,attack
1.25,tcp,ftp,SF,404.0,586.0,14.0,11.0,0,0,0,0,normal
0.15,icmp,private,S0,4655.0,59.0,48.0,44.0,2,0,0,0,attack
4.98,tcp,dns,RSTO,341.0,476.0,5.0,3.0,0,0,0,0,normal
2.66,tcp,ftp,SF,388.0,533.0,9.0,7.0,0,0,0,0,normal
0.02,tcp,private,SF,312.0,916.0,11.0,12.0,0,0,0,0,normal
2.05,tcp,smtp,SF,0.0,475.0,8.0,12.0,0,0,0,0,normal
0.47,icmp,http,S0,3221.0,0.0,71.0,20.0,1,0,1,0,attack
1.96,tcp,ftp,SF,0.0,644.0,0.0,8.0,1,0,0,0,normal
5.15,tcp,smtp,SF,57.0,500.0,7.0,12.0,0,0,0,0,normal
0.14,tcp,smtp,SF,43.0,797.0,4.0,2.0,0,0,0,0,normal
0.14,tcp,dns,SF,659.0,713.0,7.0,5.0,0,0,0,0,normal
0.33,icmp,http,S0,3888.0,72.0,68.0,32.0,0,0,0,0,attack
1.61,udp,smtp,SF,400.0,525.0,4.0,12.0,0,0,0,0,normal
3.1,icmp,http,SF,671.0,361.0,5.0,0.0,0,0,0,0,normal
0.12,icmp,http,SF,426.0,447.0,8.0,7.0,0,0,0,0,normal
4.67,tcp,ftp,S0,599.0,339.0,12.0,9.0,1,0,0,0,normal
0.05,icmp,private,SF,5934.0,53.0,76.0,30.0,1,0,0,0,attack
0.63,icmp,private,RSTO,5223.0,141.0,64.0,25.0,2,0,0,0,attack
0.06,icmp,private,REJ,5349.0,29.0,25.0,24.0,3,0,0,0,attack
4.44,tcp,http,S0,0.0,769.0,9.0,10.0,0,0,0,0,normal
0.24,tcp,private,S0,1816.0,17.0,23.0,62.0,0,0,0,0,attack
0.51,tcp,private,RSTO,2732.0,70.0,64.0,64.0,0,0,0,1,attack
2.01,tcp,smtp,SF,683.0,439.0,13.0,16.0,0,0,0,0,normal
0.84,udp,dns,SF,0.0,472.0,4.0,5.0,0,0,0,0,normal
2.82,tcp,ssh,SF,0.0,420.0,4.0,11.0,0,0,0,0,normal
3.68,tcp,ftp,RSTO,329.0,745.0,6.0,8.0,1,0,0,0,normal
0.07,icmp,http,S0,4761.0,81.0,73.0,70.0,2,0,0,0,attack
0.68,udp,dns,REJ,87.0,828.0,4.0,7.0,0,0,0,0,normal
3.7,udp,dns,SF,1.0,598.0,12.0,7.0,1,0,0,0,normal
0.28,icmp,dns,S0,4434.0,52.0,36.0,42.0,0,1,0,0,attack
1.03,tcp,ssh,SF,401.0,470.0,8.0,1.0,0,0,0,0,normal
3.02,tcp,ftp,S0,0.0,378.0,10.0,0.0,1,0,0,0,normal
4.47,tcp,smtp,SF,317.0,409.0,5.0,8.0,0,0,0,0,normal
2.18,udp,smtp,SF,401.0,575.0,14.0,7.0,0,0,0,0,normal
0.12,tcp,private,S0,3179.0,119.0,30.0,72.0,2,0,1,0,attack
1.06,udp,private,SF,419.0,346.0,7.0,2.0,0,0,0,0,normal
0.05,icmp,private,S0,3943.0,126.0,56.0,42.0,1,0,0,0,attack
0.91,tcp,ftp,REJ,269.0,565.0,1.0,21.0,0,0,0,0,normal
0.31,tcp,http,RSTO,3820.0,120.0,19.0,54.0,0,0,0,0,attack
0.39,tcp,ftp,SF,470.0,844.0,7.0,4.0,1,0,0,0,normal
0.34,icmp,http,REJ,3677.0,41.0,36.0,22.0,1,0,0,0,attack
0.35,tcp,ftp,SF,294.0,518.0,14.0,8.0,0,0,0,0,normal
7.32,udp,smtp,SF,79.0,537.0,4.0,11.0,0,0,0,0,normal
0.19,tcp,ftp,RSTO,2976.0,37.0,52.0,38.0,2,0,1,0,attack
1.16,icmp,smtp,RSTO,554.0,317.0,14.0,1.0,0,0,0,0,normal
0.0,icmp,private,S0,5169.0,54.0,57.0,31.0,0,0,1,0,attack
0.05,icmp,ftp,S0,4378.0,3.0,72.0,43.0,0,0,0,0,attack
3.02,udp,ssh,SF,676.0,617.0,5.0,15.0,0,0,0,0,normal
0.4,tcp,http,SF,193.0,647.0,9.0,1.0,0,0,0,0,normal
2.77,tcp,private,SF,861.0,699.0,9.0,2.0,0,0,0,0,normal
2.55,tcp,ssh,SF,15.0,606.0,10.0,11.0,0,0,0,0,normal
1.3,tcp,ssh,SF,241.0,602.0,7.0,11.0,0,0,0,0,normal
0.28,tcp,http,SF,5339.0,53.0,21.0,57.0,2,0,0,0,attack
0.71,udp,ftp,SF,733.0,569.0,3.0,12.0,0,0,0,0,normal
0.24,udp,smtp,SF,0.0,409.0,10.0,7.0,0,0,0,0,normal
2.0,udp,dns,REJ,125.0,716.0,2.0,15.0,0,0,0,0,normal
4.21,tcp,smtp,RSTO,496.0,716.0,10.0,0.0,0,0,0,0,normal
0.81,udp,ftp,SF,641.0,658.0,11.0,12.0,1,0,0,0,normal
1.6,udp,private,SF,309.0,405.0,7.0,0.0,0,0,0,0,normal
6.65,tcp,private,SF,165.0,234.0,15.0,5.0,0,0,0,0,normal
2.54,tcp,private,S0,0.0,508.0,0.0,17.0,1,0,0,0,normal
0.52,icmp,http,REJ,4084.0,76.0,38.0,68.0,1,0,0,0,attack
2.86,tcp,ssh,SF,283.0,455.0,11.0,0.0,0,0,0,0,normal
0.45,icmp,dns,S0,5588.0,6.0,42.0,48.0,1,0,0,0,attack
0.3,tcp,dns,SF,40.0,567.0,10.0,0.0,1,0,0,0,normal
0.05,icmp,http,REJ,3992.0,128.0,22.0,34.0,3,1,0,0,attack
1.1,tcp,http,SF,689.0,424.0,14.0,9.0,0,0,0,0,normal
2.4,udp,ssh,SF,625.0,608.0,1.0,4.0,1,0,0,0,normal
0.19,tcp,ssh,REJ,4904.0,51.0,33.0,51.0,1,0,0,0,attack
0.37,tcp,ssh,SF,115.0,438.0,9.0,2.0,0,0,0,0,normal
1.37,tcp,http,SF,501.0,434.0,13.0,10.0,0,0,0,0,attack
5.34,udp,ftp,SF,0.0,701.0,14.0,0.0,0,0,0,0,normal
1.5,tcp,private,SF,0.0,756.0,8.0,0.0,0,0,0,0,normal
0.6,tcp,dns,SF,0.0,535.0,10.0,15.0,0,0,0,0,normal
0.45,tcp,smtp,SF,540.0,483.0,10.0,0.0,0,0,0,0,normal
1.38,tcp,http,SF,170.0,590.0,14.0,1.0,0,0,0,0,normal
0.58,tcp,smtp,SF,0.0,545.0,3.0,5.0,0,0,0,0,normal
0.14,icmp,http,S0,4710.0,0.0,26.0,56.0,3,0,2,0,attack
3.91,tcp,http,SF,785.0,359.0,21.0,0.0,0,0,0,0,normal
0.73,udp,ftp,SF,568.0,271.0,14.0,11.0,1,0,0,0,normal
0.99,tcp,ssh,SF,114.0,393.0,4.0,11.0,0,0,0,0,normal
0.23,tcp,http,REJ,4434.0,30.0,70.0,82.0,1,0,2,0,attack
0.31,tcp,ssh,SF,252.0,345.0,0.0,9.0,0,0,0,0,normal
0.07,tcp,ssh,SF,592.0,525.0,4.0,11.0,0,0,0,0,normal
6.35,tcp,dns,SF,78.0,404.0,10.0,14.0,0,0,0,0,normal
1.86,tcp,dns,SF,362.0,190.0,0.0,8.0,0,0,0,0,normal
1.57,tcp,dns,SF,0.0,585.0,15.0,0.0,0,0,0,0,normal
1.26,tcp,smtp,S0,590.0,710.0,5.0,2.0,0,0,0,0,normal
1.13,tcp,smtp,SF,899.0,436.0,3.0,11.0,0,0,0,0,normal
0.08,tcp,private,S0,3087.0,139.0,39.0,70.0,0,0,1,0,attack
0.54,icmp,dns,SF,71.0,428.0,10.0,11.0,0,0,0,0,normal
0.31,icmp,http,S0,3718.0,121.0,19.0,61.0,3,0,0,0,attack
1.76,tcp,ftp,SF,584.0,305.0,13.0,0.0,0,0,0,0,normal
2.55,tcp,smtp,SF,155.0,603.0,10.0,4.0,0,0,0,0,normal
0.01,icmp,http,REJ,3142.0,0.0,71.0,52.0,0,0,1,0,attack
4.51,tcp,http,SF,320.0,52.0,9.0,16.0,0,0,0,0,normal
1.49,tcp,ftp,RSTO,247.0,543.0,1.0,7.0,0,0,0,0,normal
4.46,icmp,ftp,SF,0.0,452.0,8.0,14.0,0,0,0,0,normal
1.94,tcp,private,SF,32.0,530.0,5.0,0.0,0,0,0,0,normal
1.58,udp,private,SF,190.0,479.0,0.0,0.0,0,0,0,0,normal
0.27,tcp,private,S0,3504.0,74.0,74.0,57.0,1,1,0,0,attack
0.44,tcp,smtp,SF,956.0,735.0,10.0,10.0,0,0,0,0,normal
0.13,udp,smtp,SF,223.0,724.0,5.0,20.0,0,0,0,0,normal
1.67,tcp,dns,SF,548.0,540.0,15.0,19.0,1,0,0,0,normal
0.73,icmp,smtp,S0,2980.0,25.0,53.0,65.0,3,0,0,0,attack
1.59,tcp,ftp,SF,320.0,744.0,10.0,4.0,1,0,0,0,normal
1.25,udp,ftp,SF,434.0,676.0,4.0,10.0,0,0,0,0,normal
0.11,tcp,private,SF,3982.0,12.0,48.0,55.0,1,0,0,0,attack
0.0,icmp,ssh,S0,5287.0,57.0,36.0,69.0,1,0,1,0,attack
4.74,tcp,http,SF,474.0,182.0,7.0,7.0,0,0,0,0,normal
0.21,tcp,http,RSTO,4289.0,112.0,40.0,53.0,3,0,1,0,attack
0.5,tcp,http,SF,328.0,884.0,12.0,7.0,0,0,0,0,normal
0.86,tcp,private,SF,529.0,210.0,11.0,9.0,1,0,0,0,normal
0.5,tcp,private,SF,213.0,250.0,7.0,8.0,0,0,0,0,normal
0.06,tcp,dns,SF,271.0,769.0,5.0,6.0,0,0,0,0,normal
0.14,tcp,http,SF,165.0,707.0,14.0,6.0,0,0,0,0,normal
0.98,tcp,private,S0,4707.0,20.0,62.0,62.0,2,0,2,0,attack
0.21,tcp,private,S0,3001.0,153.0,49.0,46.0,3,1,2,0,attack
2.51,tcp,http,S0,410.0,374.0,2.0,10.0,0,0,0,0,normal
0.06,icmp,http,REJ,4475.0,23.0,74.0,20.0,2,0,0,0,attack
3.65,tcp,http,SF,449.0,749.0,10.0,13.0,0,0,0,0,normal
1.42,tcp,smtp,REJ,354.0,465.0,2.0,10.0,0,0,0,0,normal
3.18,tcp,private,SF,212.0,429.0,6.0,10.0,0,0,0,0,normal
0.24,tcp,http,SF,4591.0,122.0,72.0,22.0,0,0,1,1,attack
4.69,tcp,private,SF,400.0,442.0,0.0,14.0,0,0,0,0,normal
10.86,tcp,ssh,SF,0.0,472.0,5.0,14.0,0,0,0,0,normal
0.53,tcp,smtp,S0,4555.0,19.0,65.0,25.0,2,0,0,0,attack
0.01,tcp,ssh,SF,365.0,424.0,7.0,9.0,0,0,0,0,normal
4.91,tcp,dns,SF,0.0,547.0,0.0,18.0,1,0,0,0,normal
5.25,tcp,http,SF,439.0,599.0,6.0,5.0,1,0,0,0,normal
0.1,icmp,http,S0,4334.0,60.0,24.0,23.0,2,0,0,0,attack
0.22,icmp,private,S0,3411.0,52.0,29.0,51.0,3,0,0,0,attack
0.36,tcp,private,SF,4492.0,59.0,69.0,73.0,3,0,0,0,attack
0.69,tcp,private,S0,350.0,540.0,14.0,2.0,0,0,0,0,normal
0.53,tcp,http,RSTO,804.0,786.0,12.0,18.0,0,0,0,0,normal
0.9,tcp,smtp,SF,214.0,514.0,2.0,6.0,0,0,0,0,normal
1.55,tcp,ssh,SF,678.0,298.0,0.0,7.0,0,0,0,0,normal
0.0,icmp,http,S0,3956.0,0.0,16.0,54.0,0,0,1,0,attack
2.5,tcp,ssh,SF,494.0,370.0,10.0,0.0,0,0,0,0,normal
2.24,tcp,private,RSTO,0.0,558.0,11.0,12.0,0,0,0,0,normal
1.78,tcp,http,RSTO,242.0,537.0,5.0,8.0,1,0,0,0,normal
0.1,tcp,private,S0,4111.0,61.0,46.0,54.0,3,0,1,0,attack
0.74,icmp,ssh,REJ,3521.0,22.0,23.0,78.0,2,0,0,0,attack
0.13,tcp,private,REJ,4329.0,24.0,40.0,40.0,2,1,0,0,attack
0.47,icmp,http,REJ,3908.0,3.0,72.0,37.0,2,0,1,0,attack
1.14,tcp,smtp,SF,340.0,533.0,3.0,6.0,0,0,0,0,normal
0.25,tcp,dns,S0,574.0,705.0,19.0,5.0,1,0,0,0,normal
0.03,icmp,http,S0,4203.0,43.0,38.0,43.0,3,0,0,0,attack
0.7,tcp,ssh,SF,114.0,397.0,15.0,3.0,0,0,0,0,normal
0.22,icmp,smtp,S0,4661.0,87.0,67.0,52.0,3,0,0,0,attack
0.06,tcp,http,SF,515.0,745.0,2.0,8.0,0,0,0,0,normal
1.5,udp,dns,RSTO,532.0,451.0,1.0,2.0,1,0,0,0,normal
6.71,udp,dns,SF,0.0,421.0,7.0,17.0,0,0,0,0,normal
1.27,tcp,smtp,SF,212.0,606.0,4.0,5.0,0,0,0,0,normal
0.01,icmp,private,S0,4224.0,78.0,52.0,60.0,0,0,0,0,attack
0.92,tcp,http,RSTO,4091.0,152.0,46.0,24.0,1,0,1,0,attack
2.13,tcp,dns,SF,158.0,427.0,11.0,6.0,0,0,0,0,normal
9.08,tcp,ftp,SF,406.0,526.0,12.0,7.0,0,0,0,0,normal
0.67,udp,smtp,SF,473.0,426.0,4.0,14.0,0,0,0,0,normal
0.23,icmp,smtp,REJ,3513.0,116.0,63.0,34.0,2,0,1,0,attack
8.27,tcp,ssh,SF,183.0,567.0,2.0,7.0,0,0,0,0,normal
2.18,udp,http,SF,402.0,413.0,12.0,14.0,0,0,0,0,normal
1.81,tcp,smtp,SF,86.0,488.0,11.0,6.0,0,0,0,0,normal
0.66,icmp,http,S0,2287.0,151.0,52.0,31.0,0,0,0,0,attack
0.07,icmp,private,RSTO,5154.0,58.0,53.0,45.0,1,1,0,0,attack
0.18,udp,http,S0,2907.0,8.0,35.0,31.0,1,0,0,0,attack
1.09,tcp,private,SF,506.0,459.0,15.0,5.0,0,0,0,0,normal
2.03,tcp,ftp,REJ,503.0,275.0,6.0,7.0,0,0,0,0,normal
3.87,tcp,http,SF,201.0,487.0,3.0,11.0,0,0,0,0,normal
0.15,icmp,smtp,S0,3706.0,42.0,65.0,71.0,1,0,0,1,attack
9.67,tcp,http,SF,404.0,721.0,13.0,7.0,0,0,0,0,attack
2.15,tcp,private,SF,587.0,503.0,8.0,3.0,0,0,0,0,normal
4.46,tcp,smtp,SF,982.0,376.0,7.0,12.0,1,0,0,0,normal
6.16,tcp,smtp,SF,1143.0,503.0,0.0,0.0,0,0,0,0,normal
0.1,udp,http,S0,4333.0,79.0,30.0,71.0,1,0,0,0,attack
0.47,tcp,ssh,SF,0.0,348.0,8.0,13.0,0,0,0,0,normal
4.27,tcp,ssh,REJ,269.0,284.0,6.0,6.0,0,0,0,0,normal
0.76,udp,http,SF,456.0,471.0,0.0,7.0,0,0,0,0,normal
0.02,tcp,http,REJ,4962.0,47.0,60.0,77.0,1,1,0,0,attack
0.17,tcp,http,REJ,4984.0,61.0,47.0,60.0,3,0,0,1,attack
0.03,icmp,http,REJ,5296.0,132.0,56.0,77.0,1,0,0,0,attack
1.24,tcp,http,REJ,1990.0,155.0,68.0,73.0,2,0,0,0,attack
0.57,udp,http,REJ,2988.0,0.0,42.0,49.0,0,0,2,0,attack
0.02,icmp,private,REJ,3861.0,0.0,45.0,75.0,3,0,0,0,attack
0.08,tcp,http,S0,5566.0,15.0,68.0,58.0,1,0,1,0,attack
0.6,icmp,http,RSTO,4581.0,62.0,46.0,75.0,2,1,1,0,attack
2.17,tcp,smtp,SF,579.0,432.0,0.0,15.0,0,0,0,0,normal
2.42,tcp,ssh,SF,569.0,598.0,6.0,11.0,0,0,0,0,normal
0.08,tcp,smtp,S0,3741.0,56.0,61.0,35.0,1,0,0,0,attack
1.39,tcp,private,SF,43.0,486.0,6.0,0.0,0,0,0,0,normal
0.03,tcp,ssh,RSTO,2839.0,7.0,61.0,68.0,3,0,1,0,attack
0.15,tcp,ftp,SF,276.0,531.0,5.0,4.0,0,0,0,0,normal
1.13,tcp,private,SF,36.0,379.0,8.0,7.0,0,0,0,0,normal
1.95,tcp,ssh,SF,268.0,312.0,8.0,9.0,0,0,0,0,normal
0.78,icmp,http,S0,4979.0,55.0,49.0,74.0,0,0,0,0,attack
6.81,tcp,http,SF,318.0,771.0,12.0,16.0,0,0,0,0,normal
0.76,tcp,ssh,SF,751.0,116.0,16.0,13.0,0,0,0,0,normal
0.91,udp,private,SF,311.0,579.0,4.0,7.0,0,0,0,0,normal
0.32,icmp,dns,REJ,5116.0,0.0,37.0,49.0,3,0,0,1,attack
0.48,icmp,http,S0,4088.0,0.0,71.0,39.0,0,0,0,0,attack
0.25,tcp,http,S0,6129.0,0.0,36.0,64.0,0,0,0,0,attack
0.15,tcp,http,REJ,5696.0,9.0,64.0,54.0,2,0,1,0,attack
0.42,tcp,http,S0,4510.0,38.0,74.0,43.0,1,0,1,0,normal
3.16,udp,ftp,SF,0.0,409.0,13.0,11.0,0,0,0,0,normal
0.05,tcp,http,RSTO,6.0,596.0,4.0,8.0,1,0,0,0,normal
0.29,icmp,smtp,RSTO,6461.0,78.0,20.0,54.0,0,0,1,0,attack
0.1,tcp,private,S0,3944.0,74.0,62.0,41.0,3,0,0,0,attack
5.04,tcp,smtp,RSTO,0.0,682.0,26.0,9.0,1,0,0,0,normal
0.0,icmp,ssh,SF,5385.0,46.0,70.0,48.0,1,0,1,0,attack
1.92,tcp,smtp,SF,199.0,890.0,10.0,4.0,0,0,0,0,normal
0.08,icmp,http,S0,4152.0,1.0,51.0,37.0,0,0,0,0,attack
2.35,tcp,dns,SF,688.0,546.0,11.0,2.0,0,0,0,0,normal
0.28,tcp,private,S0,3531.0,7.0,57.0,23.0,3,0,0,0,attack
0.04,tcp,dns,S0,121.0,462.0,7.0,10.0,0,0,0,0,normal
6.71,udp,dns,SF,278.0,303.0,4.0,14.0,0,0,0,0,normal
0.08,udp,private,REJ,179.0,515.0,8.0,17.0,0,0,0,0,normal
0.16,tcp,http,S0,326.0,664.0,1.0,11.0,0,0,0,0,normal
0.43,tcp,private,S0,4300.0,12.0,44.0,38.0,2,0,1,0,normal
0.15,udp,ftp,SF,943.0,373.0,0.0,0.0,0,0,0,0,normal
0.03,tcp,private,SF,392.0,533.0,9.0,10.0,0,0,0,0,normal
1.02,tcp,http,S0,4034.0,2.0,56.0,63.0,1,0,0,0,normal
4.11,tcp,ssh,SF,42.0,623.0,13.0,12.0,1,0,0,0,attack
2.6,udp,smtp,REJ,133.0,359.0,7.0,5.0,1,0,0,0,normal
2.81,tcp,dns,SF,430.0,582.0,10.0,0.0,0,0,0,0,normal
0.89,icmp,ftp,REJ,3654.0,64.0,48.0,27.0,2,1,0,0,attack
0.9,tcp,smtp,SF,273.0,365.0,5.0,14.0,1,0,0,0,normal
0.01,icmp,http,S0,3407.0,93.0,66.0,50.0,1,0,0,0,attack
3.17,udp,ssh,REJ,116.0,383.0,11.0,12.0,0,0,0,0,normal
1.1,tcp,ssh,SF,467.0,472.0,22.0,3.0,0,0,0,0,normal
1.23,icmp,private,SF,567.0,394.0,8.0,8.0,0,0,0,0,attack
0.36,tcp,dns,SF,265.0,300.0,13.0,0.0,0,0,0,0,normal
0.02,tcp,http,RSTO,3434.0,11.0,51.0,54.0,0,0,1,0,attack
0.26,udp,private,SF,3091.0,0.0,77.0,42.0,0,0,0,0,attack
0.71,udp,dns,S0,0.0,593.0,14.0,6.0,0,0,0,0,normal
10.23,tcp,smtp,SF,824.0,414.0,9.0,11.0,1,0,0,0,normal
3.85,tcp,dns,SF,184.0,498.0,5.0,9.0,1,0,0,0,normal
0.04,tcp,private,S0,2992.0,59.0,32.0,79.0,1,0,0,0,attack
5.42,tcp,dns,SF,281.0,275.0,3.0,1.0,0,0,0,0,normal
0.54,tcp,ssh,SF,371.0,852.0,5.0,7.0,0,0,0,0,normal
0.11,udp,smtp,S0,3757.0,88.0,50.0,79.0,2,0,0,0,attack
5.46,icmp,private,SF,548.0,312.0,1.0,9.0,0,0,0,0,normal
0.19,udp,ftp,RSTO,317.0,391.0,11.0,9.0,1,0,0,0,normal
0.04,icmp,ssh,RSTO,5620.0,86.0,37.0,51.0,0,0,0,0,attack
0.05,tcp,smtp,SF,5623.0,9.0,61.0,55.0,0,0,0,0,attack
0.04,tcp,private,SF,0.0,129.0,3.0,8.0,1,0,0,0,normal
0.6,tcp,ssh,SF,2329.0,140.0,69.0,38.0,1,0,0,0,attack
2.22,tcp,private,SF,183.0,692.0,0.0,11.0,1,0,0,0,normal
0.35,tcp,dns,SF,225.0,360.0,15.0,4.0,0,0,0,0,normal
0.18,icmp,private,REJ,3753.0,64.0,37.0,70.0,0,0,1,0,attack
2.59,tcp,ssh,SF,207.0,675.0,11.0,2.0,0,0,0,0,normal
0.56,tcp,ssh,SF,0.0,444.0,12.0,9.0,0,0,0,0,normal
0.36,udp,http,SF,0.0,310.0,7.0,0.0,0,0,0,0,normal
2.6,tcp,smtp,SF,333.0,581.0,12.0,8.0,0,0,0,0,normal
3.49,udp,ftp,SF,0.0,485.0,9.0,1.0,0,0,0,0,normal
0.17,tcp,ftp,SF,770.0,571.0,17.0,0.0,0,0,0,0,normal
2.12,tcp,smtp,SF,175.0,248.0,8.0,0.0,0,0,0,0,normal
8.09,udp,smtp,SF,365.0,415.0,11.0,5.0,0,0,0,0,normal
0.72,tcp,ssh,RSTO,580.0,730.0,1.0,1.0,0,0,0,0,normal
1.26,tcp,private,SF,190.0,559.0,8.0,2.0,0,0,0,0,normal
0.22,udp,smtp,S0,5016.0,61.0,55.0,44.0,3,0,0,0,attack
1.02,tcp,private,SF,379.0,248.0,7.0,3.0,0,0,0,0,normal
0.24,tcp,private,RSTO,461.0,672.0,15.0,2.0,1,0,0,0,normal
0.53,tcp,private,REJ,4796.0,53.0,73.0,61.0,2,0,0,0,attack
0.46,icmp,ssh,S0,5087.0,51.0,23.0,38.0,0,0,0,0,normal
0.23,udp,http,SF,8.0,331.0,5.0,11.0,0,0,0,0,normal
1.41,icmp,ssh,SF,0.0,227.0,17.0,0.0,0,0,0,0,normal
0.97,tcp,ssh,SF,0.0,678.0,15.0,6.0,0,0,0,0,normal
0.16,tcp,http,SF,409.0,483.0,5.0,3.0,0,0,0,0,normal
0.79,tcp,ssh,SF,616.0,491.0,9.0,3.0,1,0,0,0,normal
0.33,udp,http,SF,93.0,730.0,11.0,7.0,0,0,0,0,normal
5.25,tcp,smtp,SF,514.0,455.0,16.0,3.0,1,0,0,0,normal
0.18,tcp,private,S0,2313.0,0.0,66.0,23.0,0,1,0,0,normal
2.61,tcp,dns,SF,639.0,319.0,9.0,0.0,0,0,0,0,normal
2.67,tcp,http,SF,1.0,861.0,5.0,7.0,1,0,0,0,normal
1.4,tcp,dns,SF,284.0,753.0,0.0,4.0,0,0,0,0,normal
0.64,udp,private,SF,834.0,558.0,6.0,19.0,1,0,0,0,normal
4.85,udp,smtp,SF,378.0,660.0,10.0,12.0,0,0,0,0,normal
3.37,tcp,dns,S0,236.0,519.0,13.0,3.0,0,0,0,0,normal
0.73,udp,smtp,SF,580.0,145.0,10.0,14.0,1,0,0,0,normal
0.1,tcp,smtp,SF,653.0,814.0,6.0,7.0,0,0,0,0,normal
2.1,udp,http,REJ,3494.0,43.0,41.0,51.0,2,0,0,1,attack
0.33,icmp,http,REJ,3995.0,52.0,19.0,54.0,2,0,1,0,attack
2.35,tcp,dns,SF,407.0,457.0,4.0,6.0,0,0,0,0,normal
1.53,tcp,ftp,SF,0.0,573.0,6.0,4.0,0,0,0,0,normal
2.27,udp,http,SF,0.0,571.0,8.0,16.0,0,0,0,0,normal
0.19,tcp,http,SF,572.0,542.0,15.0,12.0,0,0,0,0,normal
0.28,icmp,private,REJ,5137.0,52.0,26.0,57.0,1,0,1,0,attack
1.06,tcp,private,SF,625.0,498.0,0.0,6.0,0,0,0,0,normal
1.1,tcp,ftp,SF,511.0,575.0,3.0,6.0,0,0,0,0,normal
3.25,tcp,smtp,SF,0.0,368.0,1.0,6.0,0,0,0,0,normal
0.54,udp,ftp,SF,218.0,618.0,11.0,0.0,1,0,0,0,normal
0.77,tcp,ftp,RSTO,114.0,678.0,9.0,9.0,0,0,0,0,normal
0.49,tcp,ftp,REJ,4309.0,0.0,60.0,27.0,3,0,0,0,attack
0.69,tcp,ssh,SF,962.0,646.0,4.0,9.0,1,0,0,0,normal
0.63,tcp,private,SF,129.0,485.0,14.0,11.0,0,0,0,0,normal
0.12,tcp,private,SF,247.0,535.0,6.0,9.0,0,0,0,0,normal
3.04,udp,http,SF,140.0,422.0,2.0,6.0,0,0,0,0,normal
0.86,tcp,ftp,SF,56.0,614.0,0.0,13.0,0,0,0,0,normal
2.52,tcp,private,SF,0.0,323.0,16.0,7.0,0,0,0,0,normal
0.39,tcp,ftp,SF,0.0,340.0,11.0,11.0,0,0,0,0,normal
0.11,tcp,ssh,RSTO,444.0,643.0,2.0,3.0,0,0,0,0,normal
1.45,udp,http,SF,371.0,353.0,10.0,3.0,0,0,0,0,normal
0.8,tcp,dns,SF,388.0,502.0,7.0,0.0,0,0,0,0,normal
0.22,tcp,http,REJ,4915.0,109.0,42.0,40.0,1,0,0,0,attack
0.07,tcp,ssh,REJ,3486.0,71.0,78.0,25.0,1,1,0,0,attack
0.29,tcp,dns,RSTO,46.0,414.0,4.0,11.0,0,0,0,0,normal
2.98,tcp,smtp,SF,430.0,268.0,3.0,0.0,0,0,0,0,normal
1.11,tcp,smtp,SF,204.0,783.0,2.0,6.0,0,0,0,0,normal
0.45,tcp,dns,SF,513.0,476.0,17.0,1.0,0,0,0,0,normal
6.89,tcp,dns,SF,375.0,610.0,8.0,3.0,1,0,0,0,normal
3.67,tcp,dns,SF,699.0,642.0,11.0,11.0,0,0,0,0,normal
1.58,tcp,private,SF,584.0,797.0,7.0,0.0,0,0,0,0,normal
0.02,icmp,private,S0,3161.0,123.0,78.0,72.0,3,0,0,0,attack
0.16,icmp,http,RSTO,3687.0,10.0,37.0,36.0,1,0,2,0,attack
0.37,tcp,smtp,S0,3852.0,76.0,76.0,45.0,2,0,0,0,attack
0.38,tcp,ssh,SF,23.0,486.0,8.0,20.0,1,0,0,0,normal
0.23,tcp,smtp,SF,554.0,376.0,4.0,24.0,0,0,0,0,normal
0.2,tcp,http,S0,5248.0,13.0,65.0,66.0,3,0,0,0,attack
0.87,tcp,ftp,SF,208.0,481.0,10.0,4.0,0,0,0,0,normal
1.76,tcp,private,SF,0.0,511.0,6.0,10.0,0,0,0,0,normal
0.03,tcp,ssh,REJ,7151.0,99.0,65.0,71.0,0,0,2,0,attack
1.11,tcp,http,SF,0.0,223.0,9.0,9.0,0,0,0,0,normal
0.79,tcp,ssh,RSTO,355.0,424.0,6.0,2.0,1,0,0,0,normal
0.06,icmp,private,S0,3489.0,41.0,47.0,54.0,0,0,0,0,attack
1.96,udp,dns,SF,0.0,583.0,5.0,17.0,0,0,0,0,normal
1.85,tcp,dns,SF,59.0,485.0,8.0,0.0,1,0,0,0,normal
0.11,tcp,smtp,REJ,4408.0,0.0,59.0,61.0,2,1,0,0,attack
6.02,udp,private,SF,758.0,272.0,6.0,0.0,0,0,0,0,normal
0.16,icmp,private,S0,4941.0,23.0,69.0,43.0,1,0,1,0,normal
0.69,tcp,smtp,SF,693.0,603.0,7.0,11.0,0,0,0,0,normal
0.07,tcp,private,REJ,4324.0,61.0,45.0,31.0,3,0,1,0,attack
1.42,tcp,smtp,SF,148.0,300.0,0.0,6.0,0,0,0,0,normal
0.22,udp,smtp,SF,450.0,283.0,0.0,6.0,1,0,0,0,normal
0.27,tcp,private,S0,3758.0,114.0,38.0,22.0,3,0,2,0,attack
0.21,tcp,ftp,RSTO,0.0,582.0,16.0,13.0,0,0,0,0,normal
0.01,icmp,dns,S0,5944.0,17.0,63.0,73.0,0,0,0,0,attack
0.74,tcp,private,SF,645.0,513.0,11.0,14.0,0,0,0,0,normal
1.06,tcp,http,S0,3042.0,132.0,48.0,48.0,3,0,0,0,attack
8.11,tcp,http,SF,14.0,539.0,8.0,8.0,0,0,0,0,normal
0.58,icmp,dns,SF,497.0,318.0,5.0,0.0,0,0,0,0,normal
0.2,tcp,smtp,REJ,6220.0,40.0,57.0,44.0,2,0,0,0,attack
0.56,tcp,private,SF,5.0,471.0,4.0,6.0,1,0,0,0,normal
0.17,icmp,dns,S0,4468.0,77.0,38.0,45.0,1,0,0,0,attack
1.5,tcp,ssh,SF,335.0,838.0,4.0,10.0,0,0,0,0,normal
0.7,tcp,http,SF,267.0,555.0,1.0,8.0,0,0,0,0,normal
0.16,tcp,ssh,S0,3637.0,101.0,72.0,60.0,1,0,0,0,attack
0.06,icmp,private,RSTO,3542.0,84.0,27.0,53.0,0,0,2,0,attack
0.96,udp,ftp,SF,318.0,319.0,8.0,14.0,0,0,0,0,normal
3.53,udp,http,SF,15.0,631.0,9.0,0.0,0,0,0,0,normal
0.09,icmp,smtp,S0,3711.0,16.0,74.0,37.0,0,0,0,0,attack
0.5,tcp,private,SF,379.0,607.0,8.0,5.0,1,0,0,0,normal
0.47,tcp,private,REJ,516.0,312.0,9.0,7.0,0,0,0,0,normal
0.95,tcp,ssh,SF,221.0,546.0,6.0,1.0,0,0,0,0,normal
2.34,tcp,private,SF,331.0,461.0,15.0,6.0,0,0,0,0,attack
1.21,udp,dns,SF,0.0,237.0,5.0,2.0,1,0,0,0,normal
1.28,tcp,ftp,SF,0.0,613.0,12.0,1.0,0,0,0,0,normal
0.45,tcp,ssh,RSTO,3197.0,99.0,51.0,27.0,2,0,0,0,attack
2.63,tcp,smtp,SF,523.0,694.0,3.0,14.0,0,0,0,0,normal
1.53,tcp,dns,SF,170.0,704.0,4.0,13.0,1,0,0,0,normal
2.18,tcp,ftp,SF,357.0,375.0,8.0,6.0,0,0,0,0,normal
0.89,tcp,private,SF,862.0,633.0,4.0,7.0,0,0,0,0,normal
2.84,tcp,http,SF,51.0,583.0,12.0,6.0,0,0,0,0,normal
1.76,udp,ssh,SF,391.0,514.0,3.0,9.0,0,0,0,0,normal
1.08,tcp,smtp,REJ,56.0,348.0,15.0,0.0,0,0,0,0,normal
0.25,icmp,http,REJ,2868.0,0.0,52.0,22.0,3,0,0,0,attack
0.31,icmp,private,S0,2687.0,26.0,66.0,52.0,2,1,0,0,attack
0.53,tcp,ssh,SF,380.0,282.0,2.0,0.0,0,0,0,0,normal
3.42,tcp,smtp,SF,0.0,543.0,13.0,5.0,0,0,0,0,normal
0.24,udp,smtp,SF,368.0,344.0,6.0,0.0,0,0,0,0,attack
0.53,udp,private,S0,6954.0,26.0,39.0,66.0,0,0,0,0,attack
0.31,tcp,private,S0,3859.0,47.0,80.0,76.0,2,0,0,0,attack
0.24,tcp,ftp,S0,0.0,658.0,7.0,6.0,0,0,0,0,normal
3.45,udp,ssh,S0,249.0,582.0,9.0,3.0,0,0,0,0,normal
0.01,tcp,ftp,RSTO,4649.0,55.0,60.0,22.0,1,0,2,0,attack
0.09,icmp,http,S0,3991.0,0.0,25.0,19.0,2,1,0,0,attack
0.0,udp,private,S0,4830.0,111.0,59.0,28.0,1,0,1,0,attack
0.8,icmp,http,S0,1005.0,59.0,32.0,28.0,0,0,0,1,attack
0.03,icmp,http,REJ,4481.0,78.0,40.0,36.0,1,0,0,0,attack
2.87,udp,smtp,SF,620.0,425.0,17.0,6.0,0,0,0,0,normal
0.18,tcp,ftp,SF,145.0,529.0,1.0,10.0,0,0,0,0,normal
0.53,icmp,http,REJ,5545.0,0.0,73.0,64.0,2,0,2,0,attack
2.11,udp,http,SF,764.0,651.0,10.0,11.0,0,0,0,0,normal
2.61,tcp,dns,SF,773.0,631.0,7.0,2.0,1,0,0,0,normal
1.48,tcp,ssh,SF,392.0,530.0,2.0,3.0,1,0,0,0,normal
0.6,tcp,ftp,SF,694.0,570.0,16.0,13.0,0,0,0,0,normal
3.7,udp,ssh,SF,220.0,467.0,0.0,12.0,0,0,0,0,normal
1.44,tcp,ftp,SF,63.0,605.0,8.0,11.0,0,0,0,0,normal
0.88,udp,http,SF,468.0,402.0,12.0,5.0,1,0,0,0,normal
0.32,icmp,http,S0,3563.0,40.0,77.0,24.0,3,0,0,0,attack
2.39,tcp,private,SF,600.0,501.0,9.0,8.0,0,0,0,0,normal
3.73,icmp,ftp,SF,445.0,357.0,13.0,2.0,0,0,0,0,normal
0.93,tcp,http,SF,455.0,698.0,10.0,6.0,0,0,0,0,normal
0.43,icmp,smtp,REJ,3648.0,82.0,31.0,55.0,2,0,0,0,attack
3.05,udp,private,S0,581.0,557.0,7.0,3.0,1,0,0,0,normal
0.9,tcp,smtp,SF,435.0,250.0,11.0,8.0,1,0,0,0,normal
0.61,icmp,http,S0,4300.0,72.0,69.0,22.0,2,0,0,0,attack
0.25,icmp,http,REJ,3772.0,0.0,29.0,58.0,2,0,0,1,attack
0.38,tcp,http,S0,5959.0,33.0,25.0,45.0,1,0,2,0,attack
2.09,tcp,smtp,SF,778.0,562.0,14.0,3.0,0,0,0,0,normal
1.27,udp,private,SF,204.0,316.0,0.0,5.0,1,0,0,0,attack
1.28,tcp,http,SF,565.0,660.0,13.0,1.0,0,0,0,0,attack
1.63,tcp,dns,SF,491.0,539.0,4.0,14.0,1,0,0,0,normal
0.52,udp,http,SF,570.0,397.0,11.0,4.0,0,0,0,0,normal
4.81,udp,http,REJ,851.0,366.0,3.0,8.0,0,0,0,0,normal
0.41,tcp,http,SF,0.0,615.0,10.0,12.0,1,0,0,0,normal
0.72,tcp,ftp,S0,5328.0,53.0,44.0,80.0,0,0,1,0,attack
0.51,icmp,smtp,S0,4169.0,108.0,68.0,79.0,1,0,0,0,attack
7.99,tcp,smtp,RSTO,169.0,552.0,0.0,3.0,0,0,0,0,normal
0.47,tcp,smtp,S0,0.0,530.0,2.0,12.0,0,0,0,0,normal
3.22,tcp,http,SF,0.0,630.0,4.0,9.0,1,0,0,0,normal
1.49,tcp,ssh,SF,670.0,296.0,6.0,15.0,1,0,0,0,normal
0.02,tcp,http,S0,4253.0,122.0,24.0,81.0,0,0,0,0,attack
0.4,udp,private,S0,5104.0,100.0,62.0,77.0,2,0,0,0,attack
0.87,tcp,smtp,SF,760.0,261.0,6.0,15.0,0,0,0,0,normal
0.56,tcp,private,SF,30.0,419.0,8.0,6.0,1,0,0,0,normal
1.9,tcp,ssh,RSTO,0.0,508.0,4.0,12.0,0,0,0,0,normal
0.61,tcp,private,SF,199.0,590.0,17.0,4.0,1,0,0,0,attack
0.4,tcp,ftp,SF,0.0,694.0,5.0,14.0,1,0,0,0,normal
0.74,tcp,smtp,SF,41.0,353.0,2.0,0.0,0,0,0,0,normal
0.6,tcp,ssh,SF,0.0,366.0,0.0,1.0,0,0,0,0,normal
0.23,udp,ftp,SF,118.0,646.0,8.0,14.0,0,0,0,0,normal
0.89,tcp,smtp,SF,139.0,467.0,15.0,0.0,0,0,0,0,normal
6.86,tcp,ftp,SF,676.0,743.0,12.0,9.0,1,0,0,0,normal
1.81,tcp,smtp,SF,829.0,823.0,6.0,10.0,0,0,0,0,normal
0.9,tcp,ssh,SF,411.0,281.0,9.0,8.0,0,0,0,0,normal
1.0,udp,ssh,SF,451.0,623.0,0.0,5.0,0,0,0,0,normal
0.29,tcp,private,S0,1539.0,128.0,46.0,46.0,0,1,0,0,attack
2.55,tcp,http,SF,476.0,500.0,10.0,1.0,0,0,0,0,normal
4.4,tcp,ftp,SF,265.0,368.0,6.0,6.0,0,0,0,0,normal
0.48,tcp,ssh,SF,391.0,392.0,7.0,6.0,0,0,0,0,normal
3.14,tcp,ftp,SF,836.0,802.0,13.0,7.0,0,0,0,0,normal
0.78,icmp,private,REJ,4631.0,2.0,49.0,37.0,1,0,0,0,attack
1.65,udp,ssh,SF,202.0,368.0,2.0,15.0,1,0,0,0,normal
0.57,udp,http,RSTO,4274.0,0.0,71.0,24.0,2,0,0,0,attack
0.5,tcp,http,SF,47.0,352.0,0.0,10.0,0,0,0,0,normal
5.79,tcp,ssh,SF,0.0,450.0,1.0,6.0,0,0,0,0,normal
0.76,udp,private,SF,153.0,281.0,11.0,13.0,1,0,0,0,normal
2.5,icmp,private,S0,0.0,243.0,12.0,2.0,0,0,0,0,normal
0.95,tcp,ftp,SF,240.0,588.0,2.0,1.0,0,0,0,0,normal
1.01,udp,ssh,SF,0.0,356.0,7.0,15.0,1,0,0,0,normal
0.16,tcp,http,SF,2683.0,0.0,67.0,75.0,3,0,0,0,attack
0.63,tcp,http,REJ,4753.0,65.0,41.0,44.0,0,0,1,0,normal
0.26,udp,ssh,SF,209.0,682.0,7.0,15.0,0,0,0,0,normal
0.3,tcp,http,SF,135.0,398.0,12.0,4.0,0,0,0,0,normal
0.02,tcp,ssh,SF,132.0,635.0,5.0,12.0,1,0,0,0,normal
1.83,tcp,private,SF,185.0,681.0,4.0,12.0,0,0,0,0,normal
0.04,tcp,private,S0,4471.0,80.0,77.0,21.0,1,1,0,0,attack
0.93,udp,dns,SF,156.0,530.0,7.0,6.0,0,0,0,0,normal
0.56,tcp,dns,SF,621.0,432.0,7.0,5.0,0,0,0,0,normal
6.68,tcp,ftp,SF,18.0,538.0,17.0,3.0,0,0,0,0,normal
1.49,udp,smtp,SF,601.0,373.0,3.0,1.0,0,0,0,0,normal
1.12,tcp,smtp,SF,160.0,530.0,7.0,14.0,0,0,0,0,normal
2.53,tcp,smtp,SF,511.0,927.0,2.0,2.0,0,0,0,0,attack
1.96,tcp,dns,SF,0.0,499.0,8.0,12.0,0,0,0,0,normal
0.02,icmp,http,RSTO,1825.0,66.0,22.0,77.0,2,1,0,0,attack
0.94,udp,dns,SF,662.0,455.0,2.0,4.0,0,0,0,0,normal
0.95,tcp,smtp,SF,448.0,570.0,6.0,0.0,0,0,0,0,normal
5.2,tcp,ftp,SF,546.0,564.0,5.0,13.0,0,0,0,0,normal
4.31,tcp,http,SF,0.0,412.0,0.0,4.0,1,0,0,0,normal
3.99,icmp,private,REJ,26.0,533.0,11.0,4.0,1,0,0,0,normal
0.1,tcp,ftp,SF,100.0,490.0,12.0,6.0,0,0,0,0,normal
0.04,icmp,private,S0,4530.0,23.0,76.0,83.0,3,0,0,0,attack
0.46,tcp,http,SF,296.0,220.0,3.0,0.0,0,0,0,0,normal
0.18,udp,private,S0,4981.0,11.0,36.0,53.0,1,0,2,0,attack
4.86,tcp,private,SF,0.0,503.0,7.0,9.0,0,0,0,0,normal
2.98,tcp,http,SF,475.0,639.0,15.0,6.0,1,0,0,0,normal
0.72,tcp,dns,SF,186.0,635.0,15.0,12.0,0,0,0,0,normal
0.26,tcp,private,SF,356.0,468.0,0.0,20.0,0,0,0,0,normal
3.02,tcp,ftp,SF,394.0,532.0,4.0,11.0,0,0,0,0,normal
0.72,tcp,private,SF,232.0,585.0,14.0,10.0,0,0,0,0,normal
1.06,udp,ftp,SF,0.0,474.0,6.0,0.0,1,0,0,0,normal
0.58,tcp,ftp,S0,3575.0,56.0,76.0,27.0,3,0,0,0,attack
0.02,tcp,smtp,SF,725.0,553.0,6.0,9.0,0,0,0,0,normal
0.03,icmp,dns,S0,6818.0,79.0,48.0,19.0,0,1,0,1,attack
0.3,icmp,private,SF,3231.0,67.0,31.0,47.0,2,0,0,1,attack
1.24,tcp,smtp,SF,873.0,591.0,0.0,12.0,0,0,0,0,normal
1.08,tcp,smtp,SF,314.0,650.0,8.0,17.0,0,0,0,0,normal
1.31,tcp,smtp,SF,337.0,424.0,10.0,2.0,0,0,0,0,normal
0.64,icmp,http,SF,4406.0,32.0,36.0,69.0,3,0,1,0,attack
0.11,icmp,ftp,S0,4708.0,0.0,26.0,29.0,1,0,0,0,attack
0.0,icmp,private,RSTO,6654.0,0.0,29.0,26.0,0,0,0,0,attack
0.98,tcp,ftp,SF,0.0,366.0,6.0,12.0,0,0,0,0,normal
3.5,tcp,private,SF,502.0,716.0,16.0,10.0,0,0,0,0,normal
0.13,tcp,private,SF,4725.0,82.0,45.0,67.0,1,0,0,0,attack
0.63,tcp,http,S0,0.0,407.0,11.0,9.0,0,0,0,0,normal
0.8,tcp,ftp,SF,430.0,324.0,8.0,12.0,0,0,0,0,normal
0.2,tcp,http,S0,5364.0,0.0,29.0,35.0,2,0,2,0,attack
1.31,udp,dns,SF,352.0,374.0,8.0,5.0,0,0,0,0,normal
0.15,tcp,http,S0,5613.0,49.0,22.0,19.0,0,0,1,0,attack
0.3,tcp,http,REJ,4307.0,96.0,30.0,59.0,0,0,0,0,attack
0.02,tcp,smtp,S0,5074.0,86.0,35.0,64.0,0,0,2,0,attack
0.1,tcp,ftp,REJ,3754.0,145.0,29.0,19.0,2,0,1,0,attack
0.64,tcp,private,SF,752.0,477.0,3.0,10.0,0,0,0,0,normal
0.1,icmp,http,S0,6305.0,97.0,29.0,23.0,1,0,0,0,attack
0.63,tcp,private,S0,3970.0,0.0,71.0,85.0,0,0,0,0,attack
0.03,tcp,ssh,S0,3367.0,34.0,29.0,58.0,2,0,0,0,attack
1.94,tcp,ftp,SF,276.0,268.0,5.0,5.0,0,0,0,0,normal
1.92,udp,smtp,SF,170.0,191.0,10.0,12.0,1,0,0,0,normal
0.02,tcp,smtp,RSTO,5189.0,75.0,47.0,57.0,2,0,0,0,attack
0.12,tcp,http,S0,4068.0,0.0,15.0,40.0,0,0,0,0,attack
0.33,tcp,smtp,SF,209.0,442.0,14.0,8.0,0,0,0,0,normal
0.0,tcp,ftp,S0,4392.0,24.0,56.0,80.0,3,0,0,1,attack
0.31,tcp,ssh,S0,4407.0,103.0,32.0,58.0,1,0,1,0,attack
0.39,tcp,ftp,SF,0.0,875.0,9.0,0.0,0,0,0,0,normal
0.35,tcp,http,SF,6246.0,0.0,55.0,37.0,1,0,2,0,attack
0.4,tcp,ftp,SF,247.0,566.0,2.0,16.0,0,0,0,0,normal
0.65,udp,http,SF,714.0,325.0,14.0,6.0,0,0,0,0,normal
0.87,tcp,private,SF,632.0,757.0,5.0,10.0,0,0,0,0,normal
1.78,tcp,ftp,SF,283.0,377.0,15.0,12.0,0,0,0,0,normal
0.21,tcp,private,REJ,3810.0,0.0,75.0,55.0,1,0,1,0,attack
0.45,udp,ssh,SF,232.0,505.0,13.0,13.0,0,0,0,0,normal
0.03,tcp,ftp,SF,2834.0,0.0,54.0,43.0,0,0,0,0,attack
0.81,udp,private,SF,80.0,653.0,6.0,8.0,0,0,0,0,normal
0.54,icmp,private,S0,3683.0,0.0,71.0,63.0,1,0,0,1,attack
2.52,udp,private,SF,411.0,616.0,9.0,7.0,0,0,0,0,normal
0.04,udp,dns,S0,427.0,585.0,16.0,7.0,0,0,0,0,normal
8.41,tcp,ftp,SF,491.0,402.0,7.0,6.0,0,0,0,0,normal
15.23,tcp,http,RSTO,1129.0,384.0,3.0,3.0,0,0,0,0,attack
1.1,tcp,ssh,SF,0.0,488.0,10.0,4.0,0,0,0,0,normal
1.18,tcp,smtp,SF,0.0,504.0,12.0,6.0,0,0,0,0,normal
1.03,udp,ftp,RSTO,159.0,368.0,1.0,8.0,0,0,0,0,normal
1.61,tcp,private,SF,144.0,381.0,12.0,6.0,1,0,0,0,normal
0.17,udp,private,REJ,4212.0,105.0,41.0,57.0,1,0,0,0,attack
7.18,udp,smtp,SF,399.0,437.0,17.0,14.0,0,0,0,0,normal
4.49,udp,private,SF,391.0,491.0,10.0,0.0,0,0,0,0,normal
0.28,icmp,http,RSTO,3826.0,50.0,39.0,67.0,0,0,0,0,attack
2.62,udp,ftp,SF,102.0,540.0,10.0,11.0,0,0,0,0,normal
1.47,tcp,ssh,SF,667.0,505.0,6.0,0.0,1,0,0,0,normal
0.32,udp,private,RSTO,394.0,773.0,14.0,3.0,0,0,0,0,normal
0.63,tcp,http,S0,3306.0,71.0,41.0,35.0,2,0,0,0,attack
1.94,tcp,smtp,SF,286.0,677.0,7.0,5.0,0,0,0,0,normal
0.73,icmp,private,SF,4764.0,44.0,32.0,24.0,0,0,0,0,attack
7.58,tcp,smtp,SF,219.0,466.0,9.0,7.0,0,0,0,0,normal
0.09,icmp,http,S0,4634.0,25.0,76.0,53.0,2,0,0,0,attack
0.96,tcp,http,SF,569.0,239.0,10.0,5.0,1,0,0,0,normal
0.22,tcp,dns,SF,0.0,497.0,9.0,12.0,1,0,0,0,normal
2.96,icmp,dns,REJ,0.0,212.0,0.0,9.0,1,0,0,0,normal
6.11,tcp,ssh,SF,0.0,338.0,11.0,5.0,0,0,0,0,normal
2.23,tcp,private,SF,289.0,855.0,1.0,9.0,0,0,0,0,normal
0.18,icmp,http,RSTO,2053.0,7.0,53.0,77.0,1,0,1,0,attack
5.47,tcp,smtp,SF,320.0,482.0,13.0,0.0,0,0,0,0,normal
0.41,tcp,private,S0,3924.0,87.0,30.0,64.0,2,0,1,0,attack
6.8,udp,ssh,SF,102.0,458.0,9.0,10.0,0,0,0,0,normal
0.46,tcp,http,SF,175.0,375.0,14.0,11.0,1,0,0,0,normal
1.4,tcp,http,SF,347.0,637.0,3.0,8.0,0,0,0,0,normal
5.48,tcp,smtp,RSTO,0.0,773.0,4.0,2.0,1,0,0,0,normal
3.21,tcp,http,SF,471.0,431.0,8.0,1.0,0,0,0,0,normal
0.43,tcp,smtp,SF,433.0,598.0,10.0,2.0,0,0,0,0,normal
0.07,icmp,private,S0,5802.0,44.0,83.0,75.0,2,0,0,0,attack
0.0,udp,http,S0,4351.0,29.0,34.0,78.0,0,0,0,0,attack
10.65,tcp,ssh,SF,287.0,320.0,0.0,9.0,0,0,0,0,normal
0.25,icmp,http,S0,4932.0,22.0,39.0,69.0,0,0,0,0,attack
2.7,icmp,smtp,SF,623.0,422.0,13.0,18.0,1,0,0,0,normal
0.35,udp,ftp,SF,394.0,652.0,4.0,2.0,1,0,0,0,normal
2.3,tcp,ssh,SF,211.0,510.0,6.0,12.0,0,0,0,0,normal
0.0,udp,http,S0,3123.0,97.0,20.0,52.0,0,0,0,0,attack
1.62,tcp,ssh,SF,458.0,536.0,8.0,9.0,0,0,0,0,normal
0.4,udp,private,SF,163.0,653.0,6.0,0.0,0,0,0,0,normal
0.34,tcp,http,REJ,5172.0,125.0,73.0,60.0,0,0,0,0,attack
2.01,tcp,http,SF,479.0,406.0,4.0,14.0,1,0,0,0,normal
1.08,tcp,private,SF,161.0,338.0,16.0,12.0,0,0,0,0,normal
0.26,tcp,ftp,REJ,3106.0,0.0,41.0,36.0,2,0,0,0,attack
0.18,tcp,private,S0,3640.0,7.0,44.0,70.0,0,1,0,0,attack
7.33,tcp,ssh,SF,311.0,428.0,12.0,6.0,1,0,0,0,normal
1.29,icmp,ssh,SF,382.0,242.0,12.0,7.0,1,0,0,0,normal
0.61,tcp,ftp,SF,279.0,238.0,4.0,18.0,0,0,0,0,normal
3.92,icmp,ssh,SF,0.0,407.0,9.0,0.0,1,0,0,0,normal
0.3,tcp,private,SF,616.0,442.0,10.0,10.0,0,0,0,0,normal
0.19,tcp,private,SF,312.0,381.0,10.0,3.0,0,0,0,0,normal
1.53,tcp,ssh,RSTO,678.0,714.0,17.0,12.0,0,0,0,0,normal
0.17,tcp,http,SF,0.0,466.0,11.0,6.0,1,0,0,0,normal
2.42,udp,ssh,SF,74.0,487.0,9.0,11.0,0,0,0,0,normal
5.72,tcp,smtp,SF,164.0,497.0,1.0,0.0,0,0,0,0,normal
3.45,tcp,http,SF,440.0,523.0,11.0,0.0,0,0,0,0,normal
4.58,tcp,dns,SF,0.0,478.0,2.0,12.0,1,0,0,0,normal
0.31,tcp,ftp,RSTO,486.0,430.0,7.0,5.0,1,0,0,0,normal
0.71,udp,dns,SF,609.0,644.0,0.0,10.0,1,0,0,0,normal
1.49,tcp,private,SF,0.0,316.0,3.0,9.0,0,0,0,0,normal
0.77,udp,ftp,SF,276.0,399.0,17.0,18.0,0,0,0,0,normal
0.11,udp,private,SF,133.0,485.0,8.0,6.0,0,0,0,0,normal
4.72,tcp,ssh,SF,687.0,632.0,11.0,11.0,0,0,0,0,normal
1.09,udp,http,RSTO,82.0,455.0,6.0,2.0,0,0,0,0,normal
1.57,tcp,private,SF,816.0,713.0,9.0,15.0,0,0,0,0,normal
0.13,icmp,http,REJ,2689.0,85.0,43.0,32.0,2,0,0,0,attack
2.61,tcp,ftp,SF,431.0,727.0,13.0,3.0,1,0,0,0,normal
4.96,tcp,smtp,SF,143.0,399.0,7.0,9.0,0,0,0,0,normal
0.01,icmp,ssh,S0,6948.0,90.0,38.0,48.0,3,0,0,0,attack
2.27,tcp,smtp,RSTO,174.0,840.0,11.0,3.0,0,0,0,0,normal
0.3,tcp,dns,REJ,5483.0,0.0,28.0,72.0,2,0,0,0,attack
2.65,tcp,smtp,SF,338.0,492.0,16.0,15.0,0,0,0,0,normal
0.01,tcp,ftp,RSTO,4621.0,59.0,49.0,49.0,2,0,1,0,attack
0.35,tcp,http,SF,340.0,558.0,10.0,11.0,0,0,0,0,normal
2.55,tcp,http,SF,432.0,624.0,1.0,2.0,0,0,0,0,normal
0.81,tcp,http,SF,225.0,550.0,16.0,11.0,0,0,0,0,normal
0.27,tcp,ssh,SF,213.0,380.0,9.0,12.0,0,0,0,0,normal
2.74,udp,dns,SF,456.0,375.0,14.0,4.0,1,0,0,0,normal
2.62,udp,ssh,SF,777.0,564.0,7.0,1.0,0,0,0,0,normal
0.35,tcp,private,S0,6029.0,87.0,79.0,43.0,0,0,0,0,attack
0.09,tcp,private,S0,6035.0,34.0,18.0,43.0,2,0,2,0,attack
0.68,tcp,smtp,SF,289.0,687.0,3.0,8.0,0,0,0,0,normal
0.3,udp,dns,SF,0.0,453.0,8.0,10.0,0,0,0,0,normal
1.96,icmp,ftp,SF,603.0,377.0,10.0,11.0,0,0,0,0,normal
4.34,tcp,ssh,SF,560.0,428.0,9.0,8.0,0,0,0,0,normal
0.48,tcp,private,SF,114.0,626.0,11.0,13.0,0,0,0,0,normal
0.99,tcp,private,SF,0.0,545.0,4.0,4.0,0,0,0,0,normal
0.49,tcp,private,S0,4503.0,0.0,47.0,62.0,3,0,0,0,attack
0.61,tcp,ftp,SF,192.0,528.0,3.0,10.0,0,0,0,0,normal
1.64,tcp,http,SF,255.0,490.0,11.0,4.0,0,0,0,0,normal
3.91,tcp,smtp,REJ,28.0,457.0,15.0,16.0,0,0,0,0,normal
1.86,udp,ssh,REJ,460.0,471.0,13.0,5.0,1,0,0,0,normal
0.1,tcp,http,RSTO,5342.0,101.0,20.0,41.0,1,1,1,0,attack
0.13,tcp,dns,SF,132.0,430.0,2.0,9.0,0,0,0,0,normal
0.03,icmp,private,S0,2654.0,70.0,73.0,52.0,0,0,0,0,attack
0.49,icmp,dns,RSTO,5724.0,45.0,46.0,46.0,0,0,0,0,attack
7.93,tcp,http,SF,0.0,352.0,19.0,0.0,0,0,0,0,normal
0.92,tcp,ssh,SF,510.0,550.0,7.0,15.0,0,0,0,0,normal
2.23,tcp,http,SF,429.0,341.0,0.0,0.0,0,0,0,0,normal
0.03,icmp,http,SF,3049.0,37.0,23.0,61.0,1,0,0,0,attack
4.44,tcp,http,RSTO,14.0,517.0,16.0,4.0,0,0,0,0,normal
0.29,udp,http,S0,4013.0,89.0,42.0,29.0,0,0,0,1,attack
1.18,tcp,smtp,SF,608.0,317.0,2.0,9.0,1,0,0,0,attack
2.81,tcp,dns,SF,381.0,728.0,8.0,5.0,0,0,0,0,normal
0.81,tcp,ssh,REJ,3116.0,22.0,33.0,50.0,1,0,1,0,attack
0.31,tcp,smtp,RSTO,4167.0,25.0,59.0,52.0,2,0,0,0,attack
0.09,icmp,smtp,RSTO,4559.0,0.0,30.0,38.0,2,0,0,0,attack
1.59,tcp,ssh,SF,482.0,521.0,11.0,2.0,0,0,0,0,normal
0.26,tcp,http,SF,409.0,628.0,12.0,9.0,0,0,0,0,normal
0.2,tcp,http,S0,3362.0,96.0,50.0,20.0,0,0,0,0,attack
0.43,tcp,private,SF,683.0,686.0,7.0,7.0,0,0,0,0,normal
0.4,tcp,http,S0,2015.0,0.0,44.0,60.0,2,0,0,0,attack
0.96,tcp,ftp,SF,441.0,591.0,11.0,8.0,0,0,0,0,normal
2.59,tcp,ftp,SF,439.0,871.0,6.0,0.0,0,0,0,0,normal
0.09,tcp,http,S0,4907.0,110.0,46.0,47.0,0,0,1,0,attack
0.72,icmp,smtp,S0,3562.0,66.0,63.0,23.0,0,0,1,0,attack
0.13,udp,ssh,SF,496.0,411.0,3.0,13.0,0,0,0,0,normal
0.63,udp,private,SF,114.0,570.0,13.0,12.0,0,0,0,0,normal
1.2,icmp,ftp,RSTO,408.0,504.0,11.0,10.0,0,0,0,0,normal
0.27,tcp,ftp,SF,198.0,479.0,5.0,9.0,0,0,0,0,normal
0.08,tcp,dns,S0,3134.0,59.0,45.0,62.0,1,1,1,0,attack
2.62,tcp,dns,REJ,394.0,522.0,0.0,10.0,1,0,0,0,normal
4.37,icmp,http,S0,394.0,611.0,11.0,3.0,0,0,0,0,normal
2.14,tcp,private,SF,526.0,573.0,1.0,12.0,1,0,0,0,normal
0.98,tcp,smtp,REJ,0.0,541.0,0.0,2.0,1,0,0,0,normal
0.02,tcp,http,S0,4092.0,53.0,35.0,34.0,2,0,1,0,attack
1.28,tcp,dns,SF,0.0,536.0,4.0,6.0,0,0,0,0,normal
0.78,tcp,private,SF,463.0,331.0,0.0,6.0,1,0,0,0,normal
0.33,icmp,private,S0,3881.0,70.0,72.0,23.0,1,0,0,1,attack
0.07,udp,ssh,SF,92.0,565.0,9.0,10.0,1,0,0,0,normal
0.19,tcp,http,REJ,121.0,614.0,10.0,0.0,0,0,0,0,normal
0.42,tcp,ssh,SF,547.0,558.0,10.0,0.0,0,0,0,0,normal
2.55,tcp,http,SF,602.0,688.0,14.0,9.0,0,0,0,0,normal
0.73,udp,http,S0,3316.0,127.0,24.0,64.0,1,0,1,0,attack
0.29,icmp,private,S0,5959.0,65.0,15.0,78.0,2,0,0,0,normal
0.07,tcp,ssh,SF,311.0,553.0,9.0,0.0,0,0,0,0,normal
1.4,udp,ssh,SF,614.0,393.0,12.0,12.0,0,0,0,0,normal
0.13,icmp,http,S0,3640.0,0.0,34.0,67.0,2,0,0,0,attack
0.48,tcp,dns,SF,595.0,322.0,5.0,19.0,0,0,0,0,normal
3.1,tcp,ssh,SF,442.0,550.0,14.0,13.0,1,0,0,0,normal
0.7,tcp,dns,SF,526.0,434.0,4.0,8.0,1,0,0,0,normal
2.09,udp,ftp,SF,113.0,447.0,7.0,13.0,1,0,0,0,normal
0.02,tcp,ftp,SF,238.0,353.0,6.0,14.0,0,0,0,0,attack
3.08,tcp,dns,RSTO,287.0,407.0,1.0,9.0,0,0,0,0,normal
1.29,tcp,dns,SF,610.0,610.0,3.0,7.0,0,0,0,0,normal
0.56,tcp,http,SF,779.0,569.0,13.0,14.0,0,0,0,0,normal
0.14,udp,http,S0,3014.0,21.0,34.0,28.0,1,0,0,0,attack
0.06,tcp,ftp,SF,185.0,248.0,6.0,1.0,0,0,0,0,normal
2.91,udp,smtp,SF,0.0,525.0,4.0,8.0,1,0,0,0,normal
5.29,tcp,smtp,SF,160.0,524.0,6.0,9.0,0,0,0,0,normal
0.7,tcp,private,SF,127.0,608.0,9.0,9.0,0,0,0,0,normal
1.7,tcp,dns,SF,583.0,472.0,9.0,16.0,0,0,0,0,normal
0.75,tcp,dns,SF,591.0,579.0,0.0,11.0,0,0,0,0,normal
4.95,tcp,ftp,SF,371.0,623.0,14.0,1.0,0,0,0,0,normal
4.96,tcp,smtp,SF,634.0,585.0,13.0,4.0,1,0,0,0,normal
3.04,tcp,ssh,SF,574.0,481.0,4.0,4.0,0,0,0,0,normal
0.75,icmp,ftp,REJ,4842.0,86.0,68.0,60.0,1,1,0,0,attack
1.25,udp,smtp,SF,0.0,679.0,3.0,11.0,0,0,0,0,normal
0.04,tcp,ssh,S0,3334.0,0.0,64.0,17.0,0,0,0,0,attack
4.0,tcp,http,S0,86.0,382.0,8.0,5.0,1,0,0,0,normal
0.36,tcp,dns,SF,740.0,607.0,5.0,3.0,0,0,0,0,normal
0.21,tcp,ftp,SF,67.0,451.0,19.0,0.0,1,0,0,0,normal
0.22,icmp,ftp,S0,4855.0,104.0,47.0,64.0,2,0,0,0,attack
1.3,tcp,ssh,SF,246.0,592.0,0.0,13.0,0,0,0,0,normal
0.48,udp,private,SF,499.0,260.0,1.0,0.0,1,0,0,0,normal
0.15,tcp,private,RSTO,2933.0,40.0,50.0,42.0,0,0,0,0,attack
1.99,icmp,private,SF,67.0,317.0,7.0,11.0,0,0,0,0,normal
0.68,icmp,dns,SF,34.0,680.0,10.0,2.0,0,0,0,0,normal
0.12,udp,http,S0,4417.0,53.0,27.0,22.0,0,0,0,0,attack
0.01,icmp,private,REJ,4491.0,26.0,79.0,47.0,0,0,0,0,attack
2.57,udp,ftp,SF,228.0,776.0,8.0,8.0,0,0,0,0,normal
1.1,tcp,smtp,SF,311.0,460.0,11.0,13.0,0,0,0,0,normal
0.3,icmp,ftp,S0,2818.0,43.0,31.0,20.0,3,0,0,0,attack
0.59,icmp,ssh,SF,132.0,363.0,15.0,12.0,0,0,0,0,normal
2.45,udp,http,SF,1216.0,653.0,0.0,15.0,1,0,0,0,normal
0.13,icmp,dns,S0,3536.0,25.0,36.0,33.0,1,0,0,0,attack
3.64,udp,ftp,SF,652.0,585.0,13.0,11.0,0,0,0,0,attack
0.54,icmp,smtp,REJ,5710.0,141.0,34.0,66.0,2,0,0,0,attack
1.24,tcp,ssh,SF,275.0,630.0,5.0,13.0,1,0,0,0,normal
0.16,icmp,ftp,REJ,2827.0,82.0,20.0,60.0,0,1,2,1,attack
0.38,tcp,ssh,SF,767.0,645.0,17.0,5.0,1,0,0,0,normal
0.87,tcp,http,SF,0.0,766.0,0.0,12.0,0,0,0,0,normal
0.03,icmp,http,S0,5251.0,15.0,47.0,66.0,2,0,1,0,attack
2.87,tcp,http,SF,197.0,558.0,9.0,15.0,0,0,0,0,normal
2.09,tcp,http,SF,428.0,438.0,7.0,8.0,0,0,0,0,normal
0.81,udp,http,SF,305.0,812.0,6.0,10.0,0,0,0,0,normal
2.33,udp,ssh,SF,262.0,564.0,2.0,18.0,0,0,0,0,normal
0.04,tcp,http,S0,2309.0,73.0,47.0,65.0,0,0,0,0,attack
1.83,tcp,smtp,SF,123.0,552.0,10.0,12.0,0,0,0,0,normal
2.68,tcp,dns,SF,0.0,310.0,10.0,10.0,0,0,0,0,normal
0.62,tcp,smtp,SF,0.0,449.0,12.0,17.0,0,0,0,0,normal
0.0,tcp,smtp,S0,4279.0,41.0,35.0,65.0,0,0,0,0,attack
0.08,tcp,private,S0,4088.0,61.0,78.0,62.0,0,0,0,0,attack
1.25,udp,ftp,REJ,281.0,398.0,0.0,18.0,0,0,0,0,normal
3.35,udp,smtp,SF,0.0,635.0,22.0,16.0,0,0,0,0,normal
0.28,tcp,dns,S0,3806.0,2.0,54.0,53.0,3,0,0,0,attack
3.94,udp,ftp,SF,727.0,572.0,8.0,11.0,0,0,0,0,normal
0.34,icmp,private,SF,4042.0,68.0,75.0,43.0,3,1,0,1,attack
3.35,tcp,ftp,SF,768.0,553.0,5.0,8.0,1,0,0,0,normal
0.61,tcp,http,SF,565.0,394.0,0.0,8.0,0,0,0,0,normal
1.0,udp,dns,SF,434.0,658.0,9.0,4.0,1,0,0,0,normal
4.55,tcp,ssh,SF,362.0,524.0,10.0,0.0,0,0,0,0,normal
1.19,tcp,ssh,SF,348.0,447.0,4.0,12.0,1,0,0,0,normal
0.11,tcp,private,SF,347.0,501.0,7.0,13.0,0,0,0,0,normal
0.07,tcp,private,S0,2863.0,117.0,49.0,65.0,3,0,0,0,attack
0.03,udp,ssh,SF,0.0,459.0,0.0,7.0,0,0,0,0,normal
1.13,tcp,ftp,SF,651.0,429.0,6.0,9.0,0,0,0,0,normal
0.33,udp,dns,SF,0.0,425.0,7.0,5.0,1,0,0,0,normal
1.53,tcp,ssh,RSTO,59.0,339.0,8.0,10.0,0,0,0,0,normal
9.41,tcp,dns,SF,58.0,208.0,7.0,10.0,0,0,0,0,normal
0.03,tcp,private,SF,659.0,625.0,0.0,0.0,0,0,0,0,normal
0.17,tcp,ftp,SF,255.0,547.0,11.0,8.0,1,0,0,0,normal
0.18,tcp,ssh,S0,2894.0,27.0,23.0,58.0,2,1,0,0,attack
0.12,tcp,private,S0,4800.0,39.0,29.0,60.0,0,0,1,1,attack
1.92,tcp,smtp,SF,16.0,706.0,12.0,17.0,0,0,0,0,normal
0.17,icmp,ftp,S0,3552.0,40.0,59.0,80.0,0,0,0,0,attack
1.54,udp,private,S0,614.0,489.0,9.0,5.0,0,0,0,0,normal
4.38,tcp,http,SF,194.0,497.0,17.0,2.0,1,0,0,0,normal
4.43,udp,ssh,SF,401.0,598.0,4.0,5.0,0,0,0,0,normal
1.51,tcp,ssh,SF,323.0,345.0,12.0,2.0,0,0,0,0,normal
0.05,tcp,ssh,SF,462.0,571.0,5.0,9.0,0,0,0,0,normal
0.18,tcp,dns,REJ,4288.0,152.0,39.0,60.0,3,0,0,0,attack
1.58,tcp,ssh,SF,87.0,443.0,2.0,8.0,0,0,0,0,normal
4.2,udp,dns,SF,388.0,291.0,12.0,8.0,0,0,0,0,normal
2.05,tcp,ftp,SF,185.0,514.0,4.0,8.0,0,0,0,0,normal
0.3,icmp,http,REJ,2783.0,8.0,68.0,59.0,1,0,0,0,attack
1.87,udp,ftp,RSTO,13.0,306.0,3.0,12.0,0,0,0,0,normal
0.03,icmp,ftp,S0,2616.0,100.0,68.0,48.0,2,0,0,0,attack
3.48,tcp,private,SF,430.0,553.0,1.0,5.0,1,0,0,0,normal
2.32,icmp,ftp,SF,439.0,723.0,14.0,8.0,0,0,0,0,normal
0.92,tcp,private,S0,3452.0,0.0,71.0,21.0,1,0,0,0,attack
0.78,tcp,dns,SF,274.0,601.0,1.0,9.0,1,0,0,0,normal
0.1,tcp,http,REJ,3254.0,22.0,59.0,53.0,1,0,2,0,normal
3.24,tcp,private,SF,545.0,257.0,19.0,9.0,0,0,0,0,normal
0.26,tcp,private,SF,563.0,697.0,1.0,2.0,0,0,0,0,normal
0.25,tcp,dns,S0,448.0,664.0,13.0,6.0,0,0,0,0,normal
0.56,udp,dns,SF,519.0,564.0,19.0,10.0,0,0,0,0,normal
1.37,icmp,dns,SF,603.0,518.0,10.0,1.0,1,0,0,0,normal
0.44,udp,ftp,SF,565.0,531.0,7.0,13.0,1,0,0,0,normal
0.34,tcp,ssh,RSTO,3205.0,99.0,28.0,45.0,0,1,2,0,attack
4.14,udp,ssh,SF,835.0,347.0,10.0,13.0,1,0,0,0,normal
0.39,tcp,ssh,SF,159.0,855.0,14.0,5.0,1,0,0,0,normal
0.16,tcp,ssh,S0,5201.0,233.0,27.0,19.0,2,0,0,0,attack
0.06,tcp,http,S0,3084.0,103.0,45.0,52.0,2,0,0,0,attack
0.67,icmp,ssh,S0,4346.0,0.0,23.0,50.0,3,0,0,0,attack
0.29,tcp,ssh,S0,2708.0,0.0,52.0,25.0,2,0,2,0,attack
0.16,icmp,private,S0,2143.0,42.0,67.0,22.0,1,0,0,0,attack
1.48,tcp,ftp,SF,628.0,399.0,0.0,4.0,1,0,0,0,normal
0.37,icmp,http,S0,5546.0,26.0,74.0,66.0,0,1,0,0,attack
1.01,tcp,ssh,REJ,0.0,171.0,2.0,10.0,0,0,0,0,attack
0.14,icmp,ftp,S0,3678.0,67.0,63.0,62.0,2,0,1,0,attack
0.04,tcp,private,SF,0.0,625.0,15.0,7.0,0,0,0,0,normal
1.22,tcp,private,SF,0.0,389.0,2.0,3.0,0,0,0,0,normal
1.35,tcp,ssh,SF,100.0,515.0,7.0,3.0,0,0,0,0,normal
1.51,tcp,private,SF,0.0,531.0,9.0,1.0,0,0,0,0,normal
0.27,tcp,http,S0,208.0,350.0,6.0,14.0,0,0,0,0,normal
0.93,tcp,http,SF,281.0,616.0,7.0,5.0,0,0,0,0,attack
0.13,tcp,smtp,S0,4453.0,24.0,75.0,59.0,1,0,0,0,attack
0.04,icmp,http,RSTO,5942.0,126.0,63.0,25.0,2,0,0,0,attack
0.37,tcp,ftp,RSTO,5223.0,111.0,50.0,60.0,1,0,0,0,attack
1.32,tcp,ftp,SF,133.0,495.0,10.0,11.0,0,0,0,0,normal
1.2,tcp,ftp,SF,301.0,717.0,9.0,9.0,0,0,0,0,normal
1.58,icmp,ftp,SF,0.0,632.0,14.0,10.0,0,0,0,0,normal
5.15,tcp,ssh,SF,488.0,748.0,2.0,0.0,0,0,0,0,normal
1.0,tcp,ssh,SF,607.0,510.0,11.0,13.0,1,0,0,0,normal
0.87,icmp,ssh,SF,290.0,360.0,16.0,2.0,1,0,0,0,normal
0.9,udp,http,RSTO,235.0,696.0,6.0,14.0,0,0,0,0,normal
0.81,tcp,smtp,S0,4057.0,0.0,80.0,26.0,2,0,0,0,attack
0.78,tcp,dns,SF,501.0,743.0,17.0,9.0,0,0,0,0,normal
0.15,tcp,private,RSTO,23.0,483.0,10.0,0.0,0,0,0,0,normal
1.77,tcp,ftp,REJ,409.0,527.0,12.0,16.0,0,0,0,0,normal
3.76,tcp,ssh,SF,0.0,548.0,8.0,0.0,1,0,0,0,normal
0.91,icmp,http,S0,918.0,425.0,9.0,4.0,0,0,0,0,normal
1.82,tcp,dns,RSTO,84.0,403.0,15.0,4.0,0,0,0,0,normal
0.38,udp,dns,S0,0.0,523.0,13.0,10.0,0,0,0,0,normal
8.61,tcp,ssh,SF,343.0,589.0,10.0,10.0,0,0,0,0,normal
0.23,tcp,dns,SF,424.0,303.0,2.0,10.0,1,0,0,0,normal
0.66,tcp,private,SF,475.0,670.0,12.0,11.0,0,0,0,0,normal
0.19,icmp,http,REJ,4157.0,0.0,36.0,35.0,2,0,1,0,normal
0.56,tcp,ssh,S0,1872.0,66.0,29.0,41.0,2,0,0,0,attack
0.44,udp,http,SF,5.0,354.0,8.0,6.0,1,0,0,0,normal
0.37,tcp,dns,S0,259.0,353.0,9.0,11.0,1,0,0,0,normal
0.73,tcp,ftp,SF,4.0,501.0,7.0,6.0,0,0,0,0,normal
4.28,udp,http,SF,619.0,617.0,6.0,6.0,0,0,0,0,normal
1.81,tcp,ssh,SF,217.0,561.0,10.0,1.0,1,0,0,0,normal
1.44,icmp,ftp,SF,152.0,637.0,2.0,2.0,0,0,0,0,normal
0.88,icmp,ssh,RSTO,706.0,222.0,8.0,4.0,0,0,0,0,normal
1.81,udp,private,SF,370.0,535.0,15.0,11.0,0,0,0,0,normal
1.15,udp,http,SF,186.0,642.0,8.0,11.0,1,0,0,0,normal
0.55,udp,private,REJ,2108.0,30.0,34.0,23.0,1,0,0,0,attack
0.06,tcp,ftp,SF,389.0,539.0,8.0,1.0,0,0,0,0,normal
0.16,icmp,http,SF,1989.0,50.0,40.0,44.0,1,0,0,0,normal
0.98,tcp,http,SF,323.0,467.0,20.0,14.0,0,0,0,0,normal
0.59,icmp,dns,REJ,3427.0,150.0,64.0,73.0,1,0,0,0,attack
3.86,udp,private,RSTO,190.0,907.0,8.0,13.0,0,0,0,0,normal
0.23,tcp,http,SF,168.0,588.0,3.0,4.0,1,0,0,0,normal
4.09,tcp,dns,SF,887.0,622.0,9.0,5.0,0,0,0,0,normal
2.52,tcp,private,S0,724.0,177.0,0.0,7.0,0,0,0,0,normal
3.55,tcp,ftp,SF,269.0,593.0,12.0,3.0,0,0,0,0,normal
0.65,tcp,private,SF,168.0,577.0,1.0,5.0,0,0,0,0,normal
0.43,icmp,http,RSTO,4101.0,80.0,72.0,55.0,3,0,0,0,attack
0.17,udp,ssh,SF,547.0,331.0,0.0,7.0,0,0,0,0,normal
0.76,tcp,smtp,REJ,185.0,504.0,10.0,3.0,1,0,0,0,normal
0.07,tcp,smtp,RSTO,4234.0,79.0,57.0,68.0,1,0,2,1,attack
1.09,icmp,http,SF,2146.0,0.0,68.0,29.0,3,0,0,1,attack
0.57,icmp,private,S0,5260.0,0.0,52.0,68.0,1,1,0,0,attack
2.8,tcp,ssh,SF,408.0,388.0,6.0,8.0,0,0,0,0,normal
3.75,tcp,http,RSTO,148.0,180.0,13.0,10.0,0,0,0,0,normal
0.55,tcp,ftp,REJ,362.0,720.0,12.0,7.0,0,0,0,0,normal
0.11,tcp,private,SF,749.0,220.0,13.0,8.0,0,0,0,0,normal
0.32,icmp,http,S0,3324.0,0.0,76.0,61.0,2,0,0,0,attack
2.87,tcp,ftp,SF,807.0,604.0,1.0,15.0,0,0,0,0,normal
2.96,tcp,private,SF,584.0,654.0,8.0,12.0,0,0,0,0,normal
2.09,tcp,ssh,SF,0.0,600.0,2.0,17.0,0,0,0,0,normal
1.17,tcp,http,SF,1720.0,434.0,0.0,10.0,0,0,0,0,normal
0.08,tcp,private,SF,325.0,626.0,7.0,10.0,0,0,0,0,normal
0.44,icmp,ssh,SF,180.0,674.0,6.0,5.0,1,0,0,0,normal
0.15,icmp,private,S0,3053.0,0.0,70.0,29.0,2,0,0,0,attack
0.59,icmp,smtp,SF,1059.0,293.0,14.0,9.0,0,0,0,0,normal
1.94,icmp,private,REJ,278.0,428.0,5.0,0.0,0,0,0,0,normal
0.72,udp,http,S0,46.0,417.0,0.0,13.0,0,0,0,0,normal
0.12,udp,smtp,S0,2500.0,16.0,64.0,71.0,2,0,0,0,attack
1.02,tcp,smtp,SF,615.0,501.0,8.0,13.0,1,0,0,0,normal
0.08,icmp,http,REJ,4316.0,73.0,25.0,67.0,1,0,0,0,attack
0.0,tcp,http,RSTO,3553.0,157.0,43.0,63.0,1,0,1,0,attack
0.16,tcp,dns,SF,140.0,451.0,0.0,13.0,1,0,0,0,normal
0.46,icmp,dns,SF,213.0,236.0,14.0,6.0,1,0,0,0,normal
0.02,tcp,dns,SF,0.0,241.0,18.0,6.0,0,0,0,0,normal
0.27,icmp,ftp,S0,4950.0,82.0,61.0,27.0,0,0,1,0,attack
0.45,icmp,http,S0,1849.0,103.0,60.0,35.0,0,0,0,0,attack
2.03,tcp,dns,REJ,413.0,709.0,10.0,10.0,1,0,0,0,normal
0.54,tcp,private,SF,1039.0,513.0,10.0,11.0,0,0,0,0,normal
4.77,tcp,ftp,SF,0.0,521.0,13.0,7.0,1,0,0,0,normal
1.34,icmp,smtp,SF,322.0,417.0,3.0,4.0,1,0,0,0,normal
0.42,udp,ssh,SF,448.0,287.0,8.0,9.0,0,0,0,0,normal
0.38,tcp,private,SF,22.0,565.0,10.0,0.0,1,0,0,0,attack
0.28,tcp,smtp,SF,858.0,466.0,8.0,0.0,1,0,0,0,normal
2.04,tcp,private,SF,359.0,507.0,3.0,12.0,0,0,0,0,normal
2.05,udp,ssh,S0,19.0,439.0,3.0,5.0,0,0,0,0,normal
1.92,tcp,smtp,SF,694.0,639.0,11.0,0.0,1,0,0,0,normal
0.04,icmp,dns,S0,2149.0,31.0,55.0,56.0,1,1,1,0,attack
1.73,tcp,dns,SF,67.0,273.0,5.0,3.0,0,0,0,0,normal
1.59,icmp,http,S0,5495.0,57.0,23.0,38.0,3,0,0,0,attack
0.03,icmp,http,REJ,1894.0,0.0,42.0,66.0,0,1,0,0,attack
2.29,tcp,ssh,SF,324.0,422.0,16.0,11.0,0,0,0,0,attack
4.25,tcp,smtp,SF,392.0,656.0,11.0,10.0,0,0,0,0,normal
0.17,udp,http,S0,6328.0,14.0,64.0,45.0,1,0,0,0,attack
3.18,tcp,dns,SF,44.0,775.0,7.0,0.0,0,0,0,0,normal
0.3,icmp,http,REJ,6810.0,20.0,39.0,33.0,2,0,0,0,attack
0.04,icmp,private,S0,4130.0,116.0,59.0,35.0,0,0,0,0,attack
5.49,udp,smtp,SF,904.0,441.0,7.0,3.0,1,0,0,0,attack
4.32,tcp,dns,SF,0.0,569.0,11.0,12.0,0,0,0,0,normal
0.25,icmp,private,S0,5775.0,2.0,80.0,35.0,3,0,0,1,attack
1.16,tcp,smtp,RSTO,343.0,479.0,12.0,0.0,1,0,0,0,normal
0.2,tcp,http,S0,4080.0,139.0,25.0,33.0,2,0,0,0,attack
0.75,tcp,http,SF,844.0,552.0,7.0,3.0,1,0,0,0,normal
3.35,tcp,private,RSTO,0.0,324.0,12.0,14.0,0,0,0,0,normal
1.45,udp,private,SF,0.0,754.0,8.0,0.0,0,0,0,0,normal
1.31,tcp,dns,SF,325.0,419.0,8.0,0.0,0,0,0,0,normal
0.02,tcp,smtp,REJ,2886.0,66.0,56.0,70.0,2,0,0,0,attack
0.22,tcp,dns,SF,8.0,586.0,12.0,12.0,0,0,0,0,normal
3.34,tcp,ftp,SF,0.0,439.0,2.0,9.0,0,0,0,0,normal
3.12,tcp,ftp,SF,228.0,686.0,18.0,7.0,0,0,0,0,normal
0.99,tcp,private,RSTO,4670.0,0.0,75.0,66.0,2,0,1,0,attack
1.72,udp,private,SF,568.0,628.0,11.0,19.0,0,0,0,0,normal
0.01,tcp,smtp,RSTO,510.0,490.0,1.0,15.0,1,0,0,0,normal
0.25,tcp,dns,SF,0.0,435.0,4.0,16.0,1,0,0,0,normal
0.75,tcp,smtp,SF,0.0,485.0,0.0,0.0,0,0,0,0,normal
1.5,tcp,ssh,SF,390.0,620.0,0.0,16.0,0,0,0,0,normal
6.47,tcp,ftp,SF,0.0,565.0,9.0,7.0,0,0,0,0,normal
0.39,tcp,private,REJ,2854.0,42.0,30.0,56.0,1,0,0,0,attack
0.13,icmp,private,RSTO,6445.0,33.0,71.0,44.0,3,0,0,0,attack
0.04,tcp,private,S0,2035.0,77.0,57.0,17.0,3,0,1,0,attack
0.1,icmp,ftp,S0,4014.0,31.0,48.0,49.0,1,0,1,0,attack
0.15,tcp,private,S0,4983.0,0.0,76.0,31.0,0,0,0,0,attack
0.05,icmp,http,S0,3778.0,48.0,57.0,33.0,2,0,0,0,attack
0.13,udp,http,REJ,4264.0,0.0,57.0,55.0,2,0,0,0,attack
3.37,udp,http,SF,432.0,338.0,3.0,7.0,0,0,0,0,normal
0.03,icmp,smtp,SF,5671.0,19.0,41.0,83.0,0,0,0,0,attack
0.63,udp,dns,SF,622.0,165.0,12.0,12.0,1,0,0,0,normal
2.74,tcp,private,SF,68.0,351.0,14.0,5.0,0,0,0,0,normal
1.17,udp,ssh,SF,0.0,408.0,11.0,1.0,0,0,0,0,normal
0.1,tcp,smtp,SF,202.0,305.0,6.0,6.0,1,0,0,0,normal
0.17,tcp,dns,SF,378.0,246.0,11.0,11.0,0,0,0,0,normal
1.32,tcp,private,SF,488.0,365.0,16.0,2.0,0,0,0,0,normal
2.16,tcp,smtp,S0,414.0,388.0,1.0,6.0,0,0,0,0,normal
0.84,tcp,ssh,SF,123.0,619.0,10.0,10.0,0,0,0,0,normal
1.05,icmp,http,S0,4790.0,106.0,43.0,75.0,1,1,0,0,attack
1.25,tcp,smtp,SF,455.0,345.0,11.0,8.0,0,0,0,0,normal
8.9,tcp,ftp,SF,587.0,369.0,9.0,11.0,0,0,0,0,normal
1.08,udp,smtp,SF,0.0,637.0,10.0,4.0,0,0,0,0,normal
0.24,tcp,private,S0,2401.0,120.0,68.0,46.0,3,0,0,0,attack
0.3,tcp,dns,SF,50.0,518.0,4.0,0.0,0,0,0,0,normal
0.86,tcp,dns,SF,772.0,750.0,14.0,4.0,1,0,0,0,normal
0.17,icmp,http,RSTO,5642.0,125.0,23.0,76.0,0,0,1,0,attack
3.74,udp,smtp,SF,0.0,609.0,4.0,11.0,0,0,0,0,normal
2.44,tcp,ssh,SF,268.0,405.0,3.0,7.0,0,0,0,0,normal
0.69,tcp,ssh,SF,0.0,420.0,15.0,2.0,0,0,0,0,normal
1.89,tcp,smtp,SF,677.0,524.0,8.0,11.0,0,0,0,0,normal
0.99,icmp,ssh,SF,402.0,403.0,8.0,12.0,1,0,0,0,normal
0.89,tcp,private,SF,282.0,308.0,11.0,13.0,0,0,0,0,normal
0.85,tcp,http,SF,565.0,615.0,13.0,0.0,0,0,0,0,normal
0.75,tcp,ssh,SF,599.0,455.0,11.0,5.0,0,0,0,0,normal
0.22,tcp,http,REJ,714.0,630.0,13.0,8.0,1,0,0,0,normal
1.39,tcp,dns,SF,263.0,546.0,2.0,13.0,0,0,0,0,normal
0.26,icmp,dns,SF,350.0,656.0,12.0,11.0,0,0,0,0,normal
1.02,tcp,http,SF,616.0,732.0,7.0,0.0,0,0,0,0,normal
0.18,tcp,http,REJ,3919.0,8.0,22.0,56.0,2,0,0,0,attack
1.17,icmp,ssh,SF,516.0,427.0,0.0,14.0,0,0,0,0,normal
3.57,udp,smtp,SF,329.0,611.0,14.0,0.0,1,0,0,0,normal
1.86,tcp,ftp,SF,436.0,598.0,9.0,0.0,0,0,0,0,normal
8.35,tcp,http,SF,236.0,471.0,11.0,15.0,0,0,0,0,normal
0.2,udp,ftp,SF,0.0,413.0,12.0,17.0,1,0,0,0,attack
1.84,udp,private,SF,339.0,335.0,14.0,1.0,0,0,0,0,normal
1.55,icmp,ftp,RSTO,765.0,370.0,5.0,6.0,0,0,0,0,normal
1.11,udp,ftp,RSTO,270.0,345.0,11.0,1.0,0,0,0,0,normal
0.96,tcp,ssh,SF,417.0,425.0,9.0,2.0,0,0,0,0,normal
0.02,icmp,private,REJ,2585.0,12.0,57.0,17.0,1,0,2,0,normal
0.83,udp,private,SF,237.0,584.0,5.0,15.0,0,0,0,0,normal
1.44,icmp,ftp,S0,5802.0,58.0,60.0,28.0,2,0,0,0,attack
4.16,tcp,ftp,SF,258.0,756.0,6.0,0.0,0,0,0,0,normal
0.93,udp,http,SF,250.0,419.0,14.0,11.0,1,0,0,0,normal
0.07,tcp,http,RSTO,2856.0,0.0,37.0,38.0,3,0,2,0,attack
2.2,udp,ssh,SF,164.0,318.0,3.0,2.0,0,0,0,0,normal
0.39,tcp,http,SF,472.0,495.0,2.0,2.0,0,0,0,0,normal
4.2,tcp,ftp,SF,0.0,318.0,8.0,2.0,0,0,0,0,normal
5.04,tcp,ftp,SF,0.0,521.0,17.0,12.0,1,0,0,0,normal
0.04,icmp,private,S0,2815.0,64.0,59.0,31.0,1,0,0,0,attack
0.75,icmp,http,REJ,4524.0,43.0,53.0,22.0,0,1,0,0,attack
5.63,tcp,ftp,S0,415.0,227.0,0.0,12.0,1,0,0,0,normal
0.46,icmp,private,S0,4199.0,197.0,36.0,72.0,1,0,1,0,attack
0.79,icmp,http,S0,4243.0,22.0,49.0,70.0,2,1,1,0,attack
1.04,tcp,ftp,SF,113.0,665.0,0.0,8.0,0,0,0,0,normal
0.37,tcp,http,S0,3542.0,35.0,67.0,39.0,1,0,1,0,attack
1.41,tcp,dns,SF,61.0,388.0,10.0,14.0,0,0,0,0,normal
0.12,icmp,http,S0,4846.0,37.0,73.0,20.0,0,0,1,0,attack
9.62,udp,dns,SF,190.0,445.0,6.0,9.0,0,0,0,0,normal
2.86,tcp,smtp,SF,0.0,452.0,6.0,6.0,1,0,0,0,normal
0.5,tcp,http,S0,3263.0,37.0,40.0,73.0,1,1,0,0,attack
1.66,tcp,ftp,SF,266.0,630.0,12.0,2.0,0,0,0,0,normal
0.12,icmp,private,REJ,2731.0,32.0,41.0,52.0,2,0,2,0,attack
1.62,tcp,smtp,S0,4179.0,21.0,33.0,35.0,1,0,0,0,attack
0.09,icmp,private,S0,5176.0,37.0,50.0,15.0,2,1,0,0,attack
0.98,tcp,ftp,SF,260.0,554.0,5.0,1.0,0,0,0,0,normal
1.22,tcp,private,SF,750.0,587.0,11.0,14.0,0,0,0,0,normal
0.11,icmp,http,S0,3377.0,61.0,52.0,28.0,0,0,0,0,attack
0.68,tcp,dns,SF,526.0,227.0,2.0,1.0,0,0,0,0,normal
0.49,tcp,smtp,S0,275.0,306.0,1.0,3.0,0,0,0,0,attack
1.45,tcp,http,SF,872.0,773.0,5.0,11.0,0,0,0,0,normal
0.25,tcp,private,SF,0.0,640.0,0.0,8.0,0,0,0,0,normal
0.43,tcp,dns,SF,471.0,475.0,0.0,8.0,1,0,0,0,normal
5.81,tcp,ssh,SF,448.0,240.0,11.0,0.0,0,0,0,0,normal
2.78,tcp,dns,SF,137.0,210.0,2.0,12.0,0,0,0,0,normal
1.0,udp,ftp,SF,0.0,264.0,13.0,0.0,0,0,0,0,normal
1.17,udp,ssh,SF,211.0,520.0,0.0,8.0,0,0,0,0,normal
7.77,udp,private,SF,269.0,279.0,10.0,17.0,0,0,0,0,normal
3.38,tcp,smtp,SF,643.0,486.0,4.0,1.0,1,0,0,0,normal
1.91,tcp,smtp,SF,615.0,543.0,0.0,5.0,1,0,0,0,normal
2.89,tcp,private,SF,463.0,410.0,10.0,0.0,1,0,0,0,normal
1.21,tcp,smtp,SF,0.0,469.0,6.0,4.0,0,0,0,0,normal
0.06,tcp,private,S0,3109.0,35.0,29.0,26.0,3,0,0,1,attack
5.5,tcp,smtp,SF,154.0,428.0,0.0,5.0,0,0,0,0,normal
0.83,udp,ftp,REJ,284.0,475.0,5.0,2.0,1,0,0,0,normal
1.95,tcp,private,SF,0.0,298.0,10.0,3.0,0,0,0,0,normal
1.04,tcp,dns,S0,305.0,541.0,13.0,15.0,1,0,0,0,normal
7.01,tcp,dns,SF,435.0,529.0,0.0,9.0,1,0,0,0,normal
0.16,icmp,ftp,RSTO,3592.0,86.0,50.0,28.0,1,0,0,0,attack
0.28,tcp,private,S0,5313.0,0.0,55.0,62.0,2,0,1,0,attack
2.29,tcp,http,SF,347.0,511.0,2.0,9.0,0,0,0,0,normal
0.02,icmp,http,S0,3609.0,28.0,27.0,23.0,2,0,0,0,attack
0.09,tcp,ftp,SF,386.0,532.0,2.0,12.0,0,0,0,0,normal
0.43,udp,private,SF,399.0,270.0,14.0,9.0,0,0,0,0,normal
1.33,tcp,ssh,SF,375.0,347.0,11.0,8.0,0,0,0,0,normal
0.84,icmp,private,REJ,2068.0,0.0,52.0,46.0,1,0,1,0,attack
2.18,udp,ssh,SF,0.0,545.0,12.0,5.0,0,0,0,0,normal
0.72,tcp,http,REJ,6601.0,123.0,18.0,30.0,1,0,0,0,attack
2.49,tcp,ssh,SF,256.0,465.0,0.0,7.0,0,0,0,0,normal
0.51,udp,private,S0,4110.0,14.0,55.0,30.0,0,0,0,0,attack
4.62,tcp,smtp,SF,393.0,724.0,6.0,6.0,1,0,0,0,normal
0.31,tcp,ssh,SF,4775.0,104.0,17.0,61.0,1,0,0,0,attack
0.27,tcp,http,SF,198.0,426.0,3.0,13.0,0,0,0,0,normal
7.05,udp,private,SF,161.0,340.0,8.0,8.0,0,0,0,0,attack
0.53,icmp,dns,REJ,4685.0,14.0,40.0,72.0,0,0,1,0,attack
1.94,tcp,ssh,SF,516.0,720.0,5.0,14.0,0,0,0,0,normal
1.19,udp,ssh,SF,416.0,642.0,13.0,3.0,0,0,0,0,attack
0.01,tcp,http,S0,4401.0,95.0,59.0,59.0,1,0,0,0,normal
0.43,icmp,private,REJ,3776.0,0.0,27.0,25.0,0,0,0,0,attack
2.57,tcp,ssh,SF,0.0,805.0,2.0,10.0,1,0,0,0,normal
3.89,udp,ftp,RSTO,289.0,351.0,12.0,7.0,0,0,0,0,normal
0.55,icmp,http,RSTO,3271.0,110.0,18.0,59.0,1,0,0,0,attack
2.68,udp,http,SF,192.0,706.0,10.0,11.0,0,0,0,0,normal
0.11,icmp,ssh,S0,3506.0,110.0,38.0,26.0,1,0,0,0,attack
0.17,tcp,private,RSTO,223.0,429.0,4.0,1.0,0,0,0,0,normal
0.72,tcp,dns,SF,537.0,671.0,15.0,15.0,0,0,0,0,normal
0.91,tcp,http,SF,110.0,510.0,3.0,9.0,0,0,0,0,normal
4.24,udp,ssh,SF,225.0,612.0,2.0,8.0,1,0,0,0,normal
0.1,udp,dns,SF,625.0,629.0,11.0,12.0,0,0,0,0,normal
2.93,tcp,http,SF,875.0,485.0,11.0,8.0,0,0,0,0,normal
2.48,tcp,private,SF,0.0,689.0,4.0,2.0,1,0,0,0,normal
1.88,tcp,dns,SF,309.0,587.0,0.0,0.0,0,0,0,0,normal
0.16,tcp,ftp,S0,3720.0,46.0,22.0,16.0,2,0,1,0,attack
0.23,tcp,ftp,SF,525.0,708.0,7.0,4.0,0,0,0,0,normal
0.14,tcp,ftp,REJ,3426.0,0.0,22.0,85.0,0,0,0,0,attack
4.59,tcp,ssh,REJ,243.0,746.0,14.0,0.0,1,0,0,0,normal
1.27,udp,http,S0,3638.0,148.0,71.0,30.0,2,0,0,0,attack
0.13,tcp,http,S0,3222.0,98.0,49.0,46.0,1,0,0,0,attack
1.63,tcp,ftp,SF,882.0,712.0,14.0,13.0,1,0,0,0,normal
0.1,tcp,smtp,SF,592.0,613.0,9.0,4.0,0,0,0,0,normal
0.23,tcp,private,SF,0.0,430.0,10.0,7.0,0,0,0,0,normal
5.17,tcp,http,REJ,618.0,782.0,7.0,15.0,0,0,0,0,normal
0.01,tcp,private,REJ,2520.0,0.0,28.0,41.0,1,0,0,0,attack
6.36,tcp,ftp,SF,1022.0,349.0,10.0,5.0,0,0,0,0,normal
4.28,tcp,private,RSTO,209.0,575.0,7.0,5.0,1,0,0,0,normal
0.17,tcp,ssh,SF,640.0,704.0,9.0,4.0,0,0,0,0,attack
0.1,tcp,private,S0,5204.0,10.0,60.0,22.0,1,0,2,0,attack
0.01,tcp,ftp,S0,3829.0,32.0,33.0,58.0,3,0,0,0,attack
4.38,tcp,private,SF,360.0,303.0,4.0,11.0,0,0,0,0,normal
0.49,tcp,private,SF,319.0,470.0,6.0,10.0,0,0,0,0,normal
0.49,udp,http,REJ,3449.0,62.0,74.0,68.0,0,0,0,0,attack
0.01,tcp,dns,SF,421.0,627.0,3.0,7.0,0,0,0,0,normal
0.43,tcp,private,RSTO,3448.0,0.0,23.0,75.0,0,0,0,0,attack
0.33,tcp,smtp,SF,821.0,458.0,9.0,0.0,1,0,0,0,normal
0.53,tcp,ssh,SF,0.0,676.0,10.0,14.0,0,0,0,0,normal
0.06,tcp,dns,SF,191.0,395.0,4.0,15.0,0,0,0,0,normal
4.09,tcp,ftp,SF,0.0,109.0,1.0,9.0,0,0,0,0,normal
0.11,icmp,private,S0,4210.0,140.0,72.0,48.0,0,0,1,0,attack
1.59,tcp,http,SF,490.0,625.0,0.0,12.0,1,0,0,0,normal
0.4,udp,http,S0,5214.0,0.0,37.0,17.0,1,1,0,0,attack
0.13,icmp,ftp,REJ,5639.0,79.0,72.0,32.0,2,0,0,0,attack
1.62,tcp,ssh,SF,0.0,650.0,8.0,4.0,1,0,0,0,normal
0.98,udp,http,S0,0.0,534.0,7.0,11.0,0,0,0,0,normal
4.41,tcp,ssh,SF,179.0,775.0,9.0,2.0,1,0,0,0,attack
5.3,tcp,ftp,SF,0.0,466.0,3.0,17.0,1,0,0,0,normal
2.26,tcp,private,SF,647.0,515.0,3.0,11.0,0,0,0,0,normal
4.25,tcp,ssh,S0,948.0,506.0,5.0,4.0,0,0,0,0,normal
3.92,tcp,http,SF,634.0,542.0,9.0,16.0,0,0,0,0,normal
6.29,icmp,ftp,SF,0.0,470.0,0.0,13.0,1,0,0,0,normal
0.14,udp,smtp,RSTO,659.0,373.0,7.0,7.0,0,0,0,0,normal
4.32,udp,dns,SF,170.0,266.0,8.0,8.0,0,0,0,0,normal
0.18,tcp,dns,SF,775.0,1051.0,10.0,7.0,1,0,0,0,normal
0.37,tcp,http,S0,4370.0,99.0,37.0,77.0,0,0,1,0,attack
0.7,tcp,private,S0,2908.0,32.0,52.0,61.0,2,0,1,0,attack
1.02,tcp,smtp,SF,559.0,540.0,11.0,1.0,1,0,0,0,normal
0.34,tcp,dns,S0,442.0,773.0,8.0,13.0,0,0,0,0,normal
0.1,tcp,private,S0,4171.0,115.0,39.0,50.0,3,0,2,1,attack
0.02,tcp,http,S0,4534.0,81.0,29.0,56.0,1,0,0,0,attack
5.2,tcp,smtp,S0,316.0,409.0,12.0,13.0,0,0,0,0,normal
0.13,icmp,private,SF,4971.0,57.0,64.0,46.0,0,0,0,0,attack
0.26,icmp,ftp,RSTO,4174.0,47.0,65.0,33.0,1,0,2,0,attack
0.55,udp,http,S0,2680.0,28.0,75.0,46.0,1,0,0,0,attack
1.44,tcp,private,SF,0.0,380.0,3.0,9.0,1,0,0,0,normal
1.89,tcp,smtp,SF,0.0,649.0,9.0,6.0,0,0,0,0,normal
0.17,tcp,private,SF,810.0,562.0,10.0,9.0,0,0,0,0,attack
2.61,tcp,ftp,SF,383.0,419.0,4.0,4.0,1,0,0,0,normal
0.89,tcp,ssh,SF,565.0,685.0,11.0,5.0,0,0,0,0,normal
3.95,udp,smtp,SF,705.0,576.0,0.0,6.0,0,0,0,0,attack
0.11,tcp,ssh,SF,0.0,631.0,12.0,11.0,0,0,0,0,normal
0.01,udp,ftp,REJ,5362.0,82.0,23.0,55.0,1,0,2,0,attack
0.72,udp,dns,SF,0.0,448.0,15.0,11.0,0,0,0,0,normal
1.34,tcp,ssh,SF,0.0,681.0,9.0,14.0,0,0,0,0,normal
1.96,tcp,http,S0,227.0,334.0,14.0,2.0,0,0,0,0,normal
1.15,udp,ssh,SF,150.0,510.0,7.0,4.0,0,0,0,0,normal
0.02,tcp,ftp,SF,2208.0,14.0,58.0,42.0,1,0,0,0,attack
0.21,tcp,http,S0,2292.0,0.0,34.0,63.0,1,0,0,0,attack
0.35,tcp,http,S0,3198.0,50.0,42.0,71.0,1,0,0,0,attack
1.74,udp,ftp,SF,496.0,578.0,19.0,0.0,0,0,0,0,normal
4.37,tcp,private,SF,0.0,442.0,1.0,9.0,0,0,0,0,normal
2.71,udp,private,SF,304.0,758.0,0.0,13.0,1,0,0,0,normal
2.22,tcp,ftp,SF,30.0,645.0,8.0,4.0,1,0,0,0,normal
0.88,icmp,ftp,SF,567.0,436.0,10.0,3.0,0,0,0,0,normal
1.16,tcp,ftp,SF,597.0,677.0,0.0,5.0,0,0,0,0,normal
0.09,tcp,private,S0,4078.0,43.0,21.0,48.0,3,0,1,0,attack
0.08,icmp,ftp,S0,3672.0,99.0,74.0,50.0,2,0,2,0,attack
5.25,udp,dns,SF,684.0,495.0,12.0,6.0,0,0,0,0,normal
0.14,icmp,http,REJ,3892.0,43.0,57.0,69.0,1,0,0,0,attack
0.93,udp,private,REJ,5272.0,62.0,27.0,77.0,0,0,0,0,attack
1.62,tcp,private,SF,760.0,491.0,8.0,13.0,1,0,0,0,normal
3.53,tcp,ftp,SF,344.0,469.0,13.0,0.0,0,0,0,0,normal
2.21,tcp,private,SF,551.0,180.0,3.0,0.0,0,0,0,0,normal
0.04,udp,ssh,SF,530.0,427.0,7.0,8.0,0,0,0,0,normal
2.35,tcp,ssh,SF,493.0,461.0,0.0,8.0,0,0,0,0,normal
1.72,tcp,http,SF,0.0,391.0,13.0,4.0,1,0,0,0,normal
0.3,tcp,http,S0,2288.0,83.0,23.0,55.0,0,0,1,0,attack
3.4,tcp,dns,SF,454.0,540.0,3.0,0.0,0,0,0,0,normal
0.35,udp,private,SF,189.0,580.0,5.0,11.0,1,0,0,0,normal
0.16,tcp,http,S0,5379.0,13.0,34.0,46.0,1,0,0,0,attack
2.32,tcp,smtp,SF,330.0,508.0,11.0,2.0,0,0,0,0,normal
1.79,tcp,ssh,SF,546.0,557.0,12.0,4.0,0,0,0,0,normal
0.34,udp,private,SF,282.0,612.0,6.0,10.0,0,0,0,0,normal
0.86,tcp,smtp,SF,0.0,540.0,6.0,17.0,0,0,0,0,normal
3.36,udp,ftp,SF,1240.0,325.0,1.0,6.0,0,0,0,0,normal
0.08,udp,smtp,SF,396.0,409.0,6.0,9.0,0,0,0,0,normal
0.47,tcp,http,REJ,4153.0,17.0,72.0,27.0,1,0,0,0,attack
0.21,tcp,http,RSTO,4281.0,53.0,71.0,77.0,3,1,0,0,attack
1.03,udp,private,S0,293.0,591.0,6.0,4.0,0,0,0,0,normal
6.75,tcp,private,S0,126.0,406.0,0.0,0.0,1,0,0,0,normal
1.68,tcp,private,REJ,530.0,497.0,17.0,11.0,0,0,0,0,normal
0.89,tcp,ftp,SF,122.0,162.0,17.0,4.0,0,0,0,0,attack
4.93,tcp,ftp,RSTO,346.0,532.0,7.0,7.0,0,0,0,0,normal
0.59,udp,ssh,SF,467.0,529.0,1.0,1.0,0,0,0,0,normal
0.21,tcp,dns,SF,191.0,390.0,6.0,1.0,0,0,0,0,normal
4.57,tcp,dns,SF,182.0,515.0,17.0,4.0,0,0,0,0,normal
0.98,tcp,ssh,RSTO,2218.0,0.0,65.0,21.0,2,0,0,0,attack
1.64,udp,ftp,SF,28.0,522.0,7.0,11.0,0,0,0,0,normal
0.58,tcp,ftp,SF,446.0,401.0,8.0,3.0,0,0,0,0,normal
0.04,tcp,http,SF,662.0,341.0,4.0,13.0,0,0,0,0,normal
0.28,tcp,ssh,SF,365.0,702.0,13.0,9.0,0,0,0,0,normal
0.4,tcp,http,SF,137.0,0.0,0.0,10.0,0,0,0,0,normal
1.32,tcp,dns,SF,272.0,531.0,8.0,16.0,1,0,0,0,normal
0.04,udp,http,S0,2844.0,0.0,72.0,40.0,0,0,0,0,attack
7.86,udp,private,SF,347.0,622.0,9.0,15.0,0,0,0,0,normal
0.09,icmp,private,S0,2236.0,79.0,61.0,57.0,3,0,0,0,attack
1.98,tcp,http,SF,0.0,334.0,3.0,3.0,0,0,0,0,normal
0.92,tcp,smtp,SF,741.0,541.0,5.0,11.0,0,0,0,0,normal
0.29,tcp,private,S0,5622.0,110.0,30.0,26.0,1,0,0,0,attack
0.52,tcp,ftp,SF,713.0,558.0,5.0,13.0,0,0,0,0,normal
0.38,udp,ftp,SF,68.0,488.0,4.0,0.0,1,0,0,0,normal
0.06,udp,dns,REJ,5073.0,84.0,33.0,29.0,2,0,0,0,attack
2.11,icmp,smtp,SF,152.0,336.0,1.0,9.0,1,0,0,0,normal
5.18,tcp,http,SF,488.0,458.0,3.0,11.0,0,0,0,0,normal
0.14,udp,dns,SF,702.0,411.0,10.0,18.0,0,0,0,0,normal
2.8,tcp,private,SF,367.0,721.0,9.0,10.0,0,0,0,0,normal
0.18,tcp,ssh,SF,431.0,695.0,5.0,15.0,0,0,0,0,normal
1.0,tcp,dns,SF,466.0,572.0,2.0,6.0,0,0,0,0,normal
0.31,tcp,private,S0,5525.0,94.0,66.0,81.0,1,0,1,0,attack
3.32,tcp,http,SF,28.0,329.0,1.0,3.0,1,0,0,0,normal
1.0,udp,http,SF,141.0,643.0,18.0,11.0,1,0,0,0,normal
0.01,tcp,ssh,RSTO,3954.0,46.0,75.0,26.0,3,0,0,0,attack
2.83,tcp,ssh,SF,129.0,544.0,7.0,13.0,0,0,0,0,normal
3.01,udp,ssh,SF,726.0,482.0,22.0,8.0,1,0,0,0,normal
2.14,tcp,ftp,REJ,321.0,514.0,0.0,0.0,0,0,0,0,normal
3.36,tcp,smtp,SF,79.0,817.0,16.0,6.0,0,0,0,0,normal
2.13,udp,ssh,SF,622.0,254.0,14.0,10.0,0,0,0,0,normal
2.05,udp,ftp,SF,440.0,452.0,0.0,13.0,0,0,0,0,normal
0.61,tcp,private,SF,524.0,584.0,3.0,0.0,1,0,0,0,normal
4.47,tcp,http,SF,24.0,308.0,9.0,7.0,0,0,0,0,normal
0.42,icmp,smtp,SF,255.0,388.0,17.0,22.0,1,0,0,0,normal
0.22,icmp,http,S0,1430.0,99.0,44.0,30.0,3,0,0,0,attack
0.25,udp,smtp,SF,193.0,384.0,10.0,4.0,0,0,0,0,normal
0.2,icmp,http,S0,3325.0,101.0,26.0,28.0,0,0,1,0,attack
3.5,tcp,dns,SF,0.0,512.0,6.0,3.0,0,0,0,0,normal
0.05,tcp,private,REJ,4868.0,15.0,46.0,53.0,0,0,0,0,attack
0.17,icmp,http,SF,3776.0,88.0,50.0,66.0,1,0,0,0,attack
0.57,tcp,private,S0,3037.0,169.0,54.0,77.0,0,0,1,0,attack
4.19,udp,dns,SF,0.0,128.0,1.0,2.0,0,0,0,0,normal
2.3,tcp,smtp,SF,686.0,438.0,7.0,7.0,0,0,0,0,normal
0.45,tcp,http,REJ,2503.0,0.0,38.0,40.0,3,0,0,0,attack
1.14,tcp,ftp,SF,0.0,759.0,10.0,16.0,0,0,0,0,normal
0.33,icmp,http,S0,4356.0,51.0,16.0,82.0,0,0,0,1,attack
0.38,tcp,private,SF,601.0,720.0,7.0,18.0,0,0,0,0,normal
0.1,udp,http,S0,2440.0,0.0,47.0,33.0,0,0,0,0,normal
6.68,udp,ssh,SF,365.0,570.0,15.0,9.0,1,0,0,0,normal
0.35,tcp,smtp,REJ,4117.0,24.0,74.0,57.0,0,0,0,0,attack
1.58,tcp,http,SF,918.0,235.0,8.0,6.0,0,0,0,0,normal
0.7,udp,smtp,S0,778.0,304.0,1.0,12.0,0,0,0,0,normal
0.42,tcp,private,S0,3309.0,34.0,78.0,37.0,3,0,1,0,attack
0.73,tcp,private,S0,3018.0,53.0,50.0,39.0,1,0,2,0,attack
0.09,tcp,ssh,SF,484.0,312.0,6.0,5.0,0,0,0,0,normal
0.91,tcp,dns,SF,783.0,278.0,14.0,8.0,1,0,0,0,normal
1.01,udp,smtp,SF,80.0,583.0,16.0,3.0,1,0,0,0,normal
6.64,tcp,ssh,SF,275.0,391.0,11.0,1.0,1,0,0,0,normal
0.96,tcp,ssh,SF,538.0,364.0,9.0,7.0,1,0,0,0,normal
1.03,icmp,private,SF,0.0,358.0,4.0,5.0,0,0,0,0,normal
0.78,tcp,http,S0,3882.0,0.0,57.0,68.0,1,0,0,0,attack
0.26,tcp,ftp,S0,3730.0,113.0,72.0,50.0,1,0,0,0,attack
2.38,tcp,smtp,SF,422.0,418.0,13.0,13.0,0,0,0,0,normal
1.79,udp,ssh,SF,165.0,512.0,9.0,16.0,0,0,0,0,normal
0.0,icmp,private,S0,5090.0,0.0,38.0,57.0,0,0,0,0,attack
0.04,icmp,ftp,S0,4974.0,98.0,22.0,25.0,0,0,2,0,attack
0.05,tcp,http,S0,2560.0,8.0,55.0,26.0,1,0,0,0,attack
1.43,udp,smtp,SF,0.0,289.0,10.0,13.0,1,0,0,0,normal
1.25,tcp,private,SF,289.0,316.0,0.0,7.0,0,0,0,0,normal
0.26,icmp,http,SF,4865.0,114.0,71.0,65.0,3,0,1,0,attack
5.69,udp,dns,REJ,129.0,662.0,7.0,15.0,0,0,0,0,normal
0.5,tcp,ssh,S0,471.0,352.0,0.0,1.0,0,0,0,0,normal
3.98,tcp,smtp,SF,294.0,357.0,4.0,15.0,0,0,0,0,normal
7.12,tcp,smtp,SF,0.0,378.0,0.0,8.0,1,0,0,0,normal
0.02,tcp,ftp,SF,337.0,292.0,10.0,8.0,0,0,0,0,normal
0.05,tcp,smtp,SF,3789.0,67.0,72.0,48.0,1,0,0,0,attack
5.09,tcp,ssh,SF,0.0,702.0,6.0,9.0,1,0,0,0,normal
0.19,tcp,http,SF,3338.0,23.0,52.0,40.0,0,0,1,0,attack
0.0,tcp,dns,S0,4187.0,60.0,79.0,65.0,1,0,0,0,attack
1.46,udp,private,SF,324.0,291.0,6.0,10.0,0,0,0,0,normal
0.13,udp,private,REJ,3434.0,0.0,42.0,50.0,2,0,0,0,normal
0.69,icmp,private,RSTO,4169.0,131.0,20.0,35.0,2,0,0,0,attack
1.22,udp,ssh,SF,226.0,330.0,5.0,7.0,0,0,0,0,normal
6.17,tcp,private,SF,290.0,560.0,11.0,0.0,1,0,0,0,normal
2.25,udp,ftp,SF,669.0,723.0,9.0,16.0,0,0,0,0,normal
0.22,icmp,ftp,S0,5056.0,31.0,30.0,29.0,1,0,0,0,attack
3.84,tcp,http,SF,110.0,474.0,4.0,11.0,0,0,0,0,normal
0.34,icmp,private,S0,4183.0,144.0,37.0,62.0,0,0,2,0,attack
0.06,tcp,http,REJ,5201.0,25.0,48.0,78.0,1,0,2,0,attack
1.59,tcp,private,SF,254.0,570.0,0.0,4.0,0,0,0,0,normal
0.72,tcp,ftp,SF,230.0,722.0,0.0,11.0,0,0,0,0,normal
0.74,tcp,private,SF,464.0,619.0,5.0,0.0,0,0,0,0,normal
0.63,tcp,dns,SF,281.0,744.0,11.0,11.0,0,0,0,0,normal
1.03,tcp,private,RSTO,735.0,496.0,8.0,8.0,0,0,0,0,normal
0.74,icmp,ftp,SF,784.0,504.0,5.0,0.0,0,0,0,0,normal
0.19,udp,http,SF,358.0,319.0,4.0,8.0,0,0,0,0,normal
1.25,icmp,http,SF,346.0,433.0,9.0,6.0,0,0,0,0,normal
1.51,tcp,private,SF,390.0,429.0,4.0,11.0,0,0,0,0,normal
3.93,udp,private,SF,0.0,839.0,1.0,5.0,0,0,0,0,normal
7.43,tcp,ftp,SF,0.0,672.0,3.0,13.0,0,0,0,0,normal
1.93,udp,http,SF,295.0,414.0,10.0,6.0,0,0,0,0,normal
0.69,tcp,smtp,RSTO,0.0,513.0,4.0,3.0,1,0,0,0,normal
0.6,tcp,ftp,SF,0.0,164.0,1.0,3.0,0,0,0,0,normal
0.28,tcp,private,SF,101.0,504.0,11.0,3.0,1,0,0,0,normal
2.15,tcp,private,SF,0.0,441.0,1.0,6.0,0,0,0,0,normal
0.98,icmp,private,S0,1407.0,53.0,58.0,33.0,2,0,0,0,attack
2.6,tcp,smtp,S0,0.0,748.0,4.0,7.0,0,0,0,0,normal
3.17,tcp,private,SF,0.0,711.0,13.0,2.0,1,0,0,0,normal
5.52,tcp,smtp,REJ,210.0,656.0,11.0,5.0,0,0,0,0,normal
0.14,tcp,private,S0,2352.0,39.0,48.0,78.0,0,0,1,0,attack
1.12,tcp,smtp,SF,0.0,528.0,17.0,15.0,1,0,0,0,normal
0.52,udp,private,SF,741.0,292.0,0.0,6.0,0,0,0,0,normal
2.84,tcp,dns,REJ,571.0,589.0,10.0,8.0,0,0,0,0,normal
1.39,tcp,ssh,SF,0.0,665.0,0.0,3.0,1,0,0,0,normal
0.13,tcp,ftp,S0,5350.0,33.0,57.0,72.0,2,0,0,0,attack
2.02,udp,smtp,SF,0.0,566.0,10.0,3.0,0,0,0,0,normal
0.46,icmp,ftp,S0,3793.0,13.0,69.0,47.0,0,0,0,0,attack
0.08,icmp,smtp,SF,4294.0,45.0,44.0,74.0,1,0,1,0,attack
5.79,tcp,smtp,SF,225.0,486.0,17.0,0.0,0,0,0,0,normal
0.02,tcp,ssh,SF,0.0,621.0,13.0,2.0,0,0,0,0,normal
0.5,tcp,private,S0,3648.0,71.0,39.0,23.0,1,1,1,0,attack
2.51,udp,smtp,SF,160.0,579.0,13.0,16.0,1,0,0,0,normal
0.0,tcp,http,SF,193.0,439.0,3.0,4.0,1,0,0,0,normal
1.56,udp,ssh,SF,267.0,1028.0,16.0,11.0,0,0,0,0,normal
0.0,tcp,smtp,SF,709.0,636.0,19.0,4.0,0,0,0,0,normal
4.34,tcp,dns,SF,0.0,615.0,9.0,9.0,0,0,0,0,normal
0.49,tcp,http,SF,3143.0,93.0,73.0,71.0,3,1,1,0,attack
0.1,icmp,http,S0,2472.0,61.0,51.0,48.0,2,0,0,0,normal
1.17,tcp,http,SF,182.0,738.0,0.0,7.0,1,0,0,0,normal
7.05,udp,dns,SF,989.0,624.0,9.0,9.0,0,0,0,0,normal
0.07,udp,private,REJ,3945.0,10.0,34.0,41.0,0,0,0,0,attack
1.9,tcp,dns,SF,596.0,574.0,4.0,7.0,0,0,0,0,normal
0.37,tcp,private,REJ,3735.0,23.0,29.0,51.0,1,0,0,0,attack
12.45,udp,smtp,SF,0.0,619.0,2.0,4.0,0,0,0,0,normal
0.24,tcp,ftp,SF,100.0,570.0,5.0,4.0,0,0,0,0,normal
0.36,tcp,http,S0,2515.0,157.0,54.0,26.0,0,0,1,0,attack
4.92,tcp,ftp,S0,318.0,515.0,11.0,11.0,1,0,0,0,normal
0.06,udp,private,REJ,5812.0,62.0,36.0,33.0,0,0,1,0,attack
1.93,udp,ftp,SF,0.0,538.0,14.0,7.0,1,0,0,0,normal
0.18,icmp,ftp,SF,950.0,83.0,74.0,75.0,2,0,0,0,attack
0.73,udp,http,SF,194.0,723.0,18.0,9.0,0,0,0,0,normal
0.53,udp,private,S0,2145.0,16.0,21.0,25.0,0,0,0,0,attack
0.18,icmp,private,S0,2862.0,16.0,31.0,51.0,2,0,2,0,attack
2.35,tcp,dns,SF,0.0,597.0,13.0,1.0,0,0,0,0,normal
1.67,tcp,private,SF,0.0,603.0,12.0,5.0,0,0,0,0,normal
0.12,udp,http,SF,426.0,726.0,12.0,2.0,0,0,0,0,normal
1.95,tcp,private,SF,3760.0,0.0,25.0,37.0,2,0,1,0,attack
0.18,tcp,ftp,S0,2761.0,27.0,72.0,76.0,1,0,1,0,attack
0.22,tcp,private,REJ,4679.0,99.0,25.0,37.0,3,0,1,0,attack
0.02,udp,dns,REJ,4127.0,35.0,73.0,52.0,2,0,0,0,attack
0.13,tcp,ssh,SF,0.0,208.0,8.0,4.0,1,0,0,0,normal
0.95,udp,ssh,SF,0.0,432.0,1.0,17.0,0,0,0,0,attack
0.95,tcp,dns,SF,358.0,348.0,13.0,3.0,0,0,0,0,normal
0.21,icmp,ftp,S0,4013.0,45.0,57.0,45.0,2,0,2,0,attack
0.8,udp,ftp,SF,542.0,666.0,12.0,7.0,0,0,0,0,normal
2.47,tcp,http,SF,46.0,424.0,10.0,7.0,1,0,0,0,normal
0.04,tcp,dns,SF,337.0,660.0,3.0,5.0,0,0,0,0,normal
1.49,udp,dns,SF,306.0,624.0,11.0,9.0,1,0,0,0,normal
0.62,icmp,dns,SF,631.0,535.0,10.0,8.0,1,0,0,0,normal
0.68,udp,ssh,SF,502.0,454.0,15.0,15.0,0,0,0,0,normal
0.14,tcp,private,REJ,2557.0,97.0,65.0,55.0,0,0,0,0,attack
0.13,tcp,http,S0,3344.0,52.0,74.0,53.0,0,0,0,0,normal
1.03,tcp,private,REJ,5028.0,47.0,34.0,57.0,2,0,0,0,normal
0.67,tcp,smtp,SF,0.0,402.0,6.0,2.0,0,0,0,0,normal
1.81,tcp,smtp,SF,377.0,352.0,12.0,12.0,0,0,0,0,normal
9.96,tcp,ssh,SF,361.0,573.0,3.0,9.0,0,0,0,0,normal
1.65,tcp,dns,SF,341.0,633.0,9.0,1.0,0,0,0,0,normal
1.76,tcp,smtp,SF,0.0,470.0,2.0,9.0,0,0,0,0,normal
3.05,udp,smtp,SF,141.0,372.0,0.0,17.0,1,0,0,0,normal
0.03,udp,smtp,SF,603.0,472.0,10.0,3.0,0,0,0,0,normal
1.64,tcp,ftp,SF,248.0,365.0,17.0,17.0,0,0,0,0,normal
0.5,tcp,smtp,REJ,591.0,732.0,4.0,12.0,0,0,0,0,normal
1.55,udp,http,S0,4174.0,0.0,34.0,41.0,1,0,0,0,attack
1.3,tcp,ssh,REJ,0.0,366.0,2.0,17.0,0,0,0,0,normal
0.73,tcp,smtp,SF,133.0,811.0,7.0,7.0,0,0,0,0,normal
1.8,tcp,dns,SF,129.0,374.0,9.0,4.0,0,0,0,0,normal
0.03,tcp,private,REJ,4885.0,57.0,75.0,67.0,2,0,1,0,attack
5.72,tcp,http,SF,169.0,271.0,17.0,5.0,0,0,0,0,normal
1.89,tcp,http,SF,428.0,573.0,8.0,0.0,0,0,0,0,normal
0.44,tcp,http,SF,230.0,428.0,4.0,11.0,0,0,0,0,normal
6.03,udp,private,SF,209.0,666.0,9.0,2.0,0,0,0,0,normal
0.21,tcp,ssh,SF,113.0,372.0,10.0,0.0,0,0,0,0,normal
0.11,icmp,ftp,REJ,3960.0,92.0,23.0,50.0,1,0,0,0,attack
3.39,tcp,private,S0,307.0,297.0,3.0,0.0,0,0,0,0,normal
0.71,tcp,private,S0,4218.0,139.0,48.0,40.0,2,0,1,1,attack
0.39,tcp,dns,REJ,233.0,199.0,11.0,12.0,0,0,0,0,attack
2.07,tcp,http,S0,227.0,666.0,8.0,12.0,1,0,0,0,normal
0.14,tcp,private,S0,3826.0,46.0,60.0,44.0,0,0,0,0,attack
5.53,tcp,dns,RSTO,460.0,520.0,6.0,9.0,0,0,0,0,normal
1.85,tcp,ssh,S0,496.0,101.0,6.0,0.0,0,0,0,0,normal
0.58,tcp,http,SF,555.0,554.0,14.0,11.0,1,0,0,0,normal
0.64,tcp,http,SF,488.0,418.0,14.0,4.0,0,0,0,0,normal
0.41,tcp,ssh,SF,53.0,563.0,1.0,0.0,1,0,0,0,normal
0.13,tcp,http,S0,4495.0,0.0,65.0,41.0,3,0,0,0,attack
2.77,udp,smtp,SF,307.0,197.0,12.0,4.0,0,0,0,0,normal
0.29,tcp,private,REJ,5179.0,74.0,70.0,82.0,2,0,1,0,attack
0.04,icmp,ftp,SF,1.0,292.0,4.0,9.0,0,0,0,0,normal
0.06,tcp,http,S0,3089.0,36.0,54.0,46.0,3,0,0,0,attack
2.18,tcp,http,SF,231.0,556.0,5.0,15.0,0,0,0,0,normal
1.81,udp,http,SF,283.0,743.0,1.0,6.0,0,0,0,0,normal
0.01,tcp,private,SF,407.0,530.0,6.0,9.0,1,0,0,0,normal
0.04,tcp,http,REJ,3153.0,0.0,24.0,65.0,0,0,0,0,attack
0.06,udp,http,S0,3885.0,15.0,63.0,84.0,1,0,2,0,attack
0.55,udp,private,S0,4042.0,57.0,49.0,63.0,0,0,0,1,attack
0.03,tcp,private,REJ,294.0,517.0,12.0,0.0,0,0,0,0,normal
1.69,tcp,private,SF,482.0,453.0,3.0,16.0,0,0,0,0,normal
0.82,udp,ftp,SF,122.0,447.0,17.0,3.0,0,0,0,0,normal
0.61,tcp,dns,SF,0.0,485.0,9.0,0.0,1,0,0,0,normal
2.89,icmp,ftp,SF,106.0,466.0,5.0,10.0,0,0,0,0,normal
4.21,tcp,smtp,SF,709.0,300.0,16.0,11.0,0,0,0,0,normal
0.02,tcp,http,S0,2370.0,0.0,29.0,76.0,1,0,0,0,attack
5.35,udp,ftp,SF,284.0,429.0,4.0,8.0,0,0,0,0,normal
2.07,tcp,private,RSTO,735.0,403.0,10.0,5.0,0,0,0,0,normal
4.33,tcp,http,RSTO,445.0,569.0,11.0,9.0,1,0,0,0,normal
0.86,icmp,http,REJ,4265.0,21.0,27.0,75.0,0,0,0,0,attack
0.06,tcp,ftp,S0,4314.0,104.0,43.0,19.0,2,0,0,0,attack
0.42,tcp,http,S0,5294.0,31.0,49.0,65.0,1,0,0,0,attack
6.15,tcp,dns,SF,598.0,563.0,20.0,14.0,0,0,0,0,normal
0.67,tcp,http,SF,393.0,277.0,4.0,8.0,0,0,0,0,normal
0.36,tcp,dns,SF,669.0,884.0,1.0,15.0,1,0,0,0,normal
1.27,tcp,smtp,SF,139.0,564.0,13.0,11.0,0,0,0,0,normal
2.67,udp,private,SF,148.0,347.0,9.0,14.0,0,0,0,0,normal
0.21,icmp,http,REJ,5969.0,54.0,62.0,70.0,1,0,0,0,attack
0.62,icmp,http,S0,4211.0,76.0,39.0,62.0,0,1,0,0,attack
1.37,icmp,ssh,SF,171.0,544.0,15.0,13.0,0,0,0,0,normal
0.19,tcp,private,S0,3558.0,0.0,40.0,18.0,2,0,2,0,attack
0.31,udp,http,SF,0.0,568.0,17.0,4.0,0,0,0,0,normal
0.07,tcp,dns,SF,297.0,531.0,1.0,9.0,0,0,0,0,normal
0.42,icmp,http,S0,4183.0,46.0,46.0,51.0,0,0,2,0,attack
2.69,tcp,ssh,SF,193.0,331.0,1.0,6.0,0,0,0,0,normal
0.01,tcp,http,REJ,4246.0,51.0,67.0,35.0,2,0,0,0,attack
0.64,tcp,smtp,SF,626.0,509.0,7.0,12.0,0,0,0,0,normal
0.04,tcp,http,S0,5119.0,93.0,23.0,65.0,0,0,1,0,attack
4.0,tcp,ssh,SF,578.0,862.0,6.0,8.0,0,0,0,0,normal
0.49,udp,smtp,SF,675.0,613.0,11.0,5.0,1,0,0,0,normal
1.11,tcp,private,SF,417.0,282.0,6.0,3.0,1,0,0,0,normal
4.78,tcp,ssh,SF,568.0,448.0,11.0,9.0,0,0,0,0,normal
0.26,tcp,http,S0,5338.0,3.0,46.0,65.0,3,0,0,0,attack
1.1,tcp,dns,SF,99.0,511.0,9.0,10.0,0,0,0,0,normal
2.52,tcp,dns,SF,0.0,555.0,6.0,0.0,1,0,0,0,normal
0.21,tcp,dns,SF,494.0,789.0,10.0,11.0,0,0,0,0,normal
0.92,tcp,smtp,SF,588.0,454.0,7.0,14.0,0,0,0,0,normal
0.19,udp,ftp,S0,2760.0,50.0,66.0,31.0,0,0,0,0,attack
6.61,udp,smtp,SF,329.0,511.0,0.0,9.0,0,0,0,0,normal
0.64,tcp,ssh,SF,752.0,923.0,7.0,7.0,0,0,0,0,normal
0.58,udp,private,SF,525.0,523.0,2.0,0.0,0,0,0,0,normal
4.49,tcp,ssh,SF,626.0,572.0,8.0,0.0,1,0,0,0,normal
1.84,udp,smtp,SF,244.0,384.0,9.0,0.0,1,0,0,0,normal
0.06,udp,private,SF,356.0,302.0,12.0,0.0,1,0,0,0,normal
0.1,tcp,dns,SF,179.0,789.0,3.0,4.0,0,0,0,0,normal
3.92,tcp,dns,S0,430.0,617.0,5.0,14.0,0,0,0,0,normal
0.89,tcp,dns,SF,0.0,435.0,7.0,2.0,0,0,0,0,normal
2.01,tcp,http,SF,150.0,830.0,13.0,4.0,0,0,0,0,normal
1.59,tcp,dns,SF,184.0,246.0,5.0,12.0,0,0,0,0,normal
1.42,tcp,http,SF,274.0,741.0,8.0,6.0,0,0,0,0,normal
1.43,tcp,ftp,SF,614.0,518.0,8.0,5.0,0,0,0,0,normal
2.79,udp,ssh,SF,445.0,633.0,3.0,6.0,0,0,0,0,normal
1.15,tcp,private,RSTO,4248.0,22.0,23.0,31.0,2,0,2,0,attack
0.08,tcp,smtp,S0,6043.0,44.0,20.0,71.0,3,0,1,0,normal
3.84,icmp,dns,SF,472.0,407.0,4.0,4.0,0,0,0,0,normal
3.97,tcp,ssh,SF,216.0,400.0,15.0,12.0,0,0,0,0,normal
0.0,udp,dns,SF,244.0,408.0,11.0,2.0,0,0,0,0,normal
1.04,tcp,ftp,SF,399.0,334.0,6.0,8.0,1,0,0,0,normal
0.85,tcp,ssh,REJ,4220.0,19.0,70.0,39.0,1,0,0,0,attack
1.08,tcp,dns,RSTO,480.0,383.0,12.0,10.0,0,0,0,0,normal
2.83,tcp,http,SF,309.0,415.0,0.0,10.0,0,0,0,0,normal
2.09,udp,http,SF,0.0,672.0,7.0,0.0,1,0,0,0,normal
5.2,tcp,smtp,S0,320.0,335.0,12.0,8.0,0,0,0,0,normal
1.75,udp,ssh,SF,0.0,553.0,0.0,11.0,0,0,0,0,normal
0.76,tcp,ssh,SF,684.0,407.0,11.0,2.0,0,0,0,0,normal
0.78,udp,dns,S0,507.0,533.0,3.0,8.0,0,0,0,0,normal
4.04,tcp,private,SF,172.0,553.0,9.0,0.0,1,0,0,0,normal
0.97,udp,ssh,RSTO,444.0,317.0,11.0,17.0,0,0,0,0,normal
1.11,tcp,smtp,SF,95.0,441.0,0.0,10.0,0,0,0,0,normal
7.16,tcp,ftp,SF,0.0,361.0,0.0,5.0,0,0,0,0,normal
0.06,tcp,private,S0,3158.0,76.0,51.0,60.0,2,0,0,0,attack
0.03,icmp,ftp,SF,6651.0,46.0,59.0,75.0,1,1,0,0,attack
6.77,tcp,ssh,SF,190.0,442.0,11.0,6.0,0,0,0,0,normal
0.35,tcp,http,S0,4043.0,5.0,56.0,63.0,0,0,0,1,attack
1.01,tcp,dns,REJ,177.0,690.0,8.0,14.0,0,0,0,0,normal
0.96,tcp,http,SF,7.0,337.0,3.0,11.0,1,0,0,0,normal
0.47,tcp,ssh,RSTO,138.0,500.0,8.0,5.0,0,0,0,0,normal
0.68,udp,dns,SF,302.0,578.0,0.0,3.0,0,0,0,0,normal
1.18,tcp,http,SF,0.0,682.0,1.0,5.0,0,0,0,0,attack
1.62,tcp,dns,SF,324.0,475.0,0.0,9.0,0,0,0,0,normal
1.59,udp,dns,SF,432.0,390.0,4.0,9.0,1,0,0,0,attack
0.4,tcp,ftp,SF,103.0,422.0,0.0,2.0,1,0,0,0,normal
1.34,tcp,ssh,SF,40.0,353.0,2.0,12.0,0,0,0,0,normal
0.07,tcp,http,SF,4149.0,41.0,40.0,55.0,2,0,0,0,attack
0.05,tcp,smtp,SF,281.0,414.0,14.0,7.0,0,0,0,0,attack
1.3,tcp,ftp,SF,666.0,287.0,13.0,14.0,0,0,0,0,normal
0.05,tcp,smtp,S0,4376.0,40.0,77.0,36.0,0,0,0,0,attack
0.44,udp,http,SF,557.0,486.0,2.0,3.0,0,0,0,0,normal
